symbol,date,reason,mfe_R,mae_R,stop_pct,shares,R_dollars,gross,net,R_multiple,period
AAL,2024-11-26,target,3.0997526793075103,0.7914262159934153,0.00510865902964957,1000,0.07581249999999962,131.62499999999966,121.62499999999966,1.6042868920033013,DEV
AAL,2024-11-27,eod,1.959312660477997,0.8058463361643328,0.0051985789387218005,1000,0.07594499999999904,-51.19999999999969,-61.19999999999969,-0.8058463361643355,DEV
AAL,2024-12-02,stop,-0.14378759298144894,4.984162010178952,0.0048779852637866146,1000,0.07024250000000087,-90.24250000000045,-100.24250000000045,-1.4270918603409504,DEV
AAL,2024-12-03,target,2.794983849515453,1.0051301539046253,0.003607982395404201,1000,0.05263000000000062,85.26000000000167,75.26000000000167,1.4299828994869994,DEV
AAL,2024-12-04,stop,0.153658926354353,1.1063442697513242,0.011060367097212705,921,0.1626979999999989,-168.26485799999858,-177.4748579999986,-1.1843907116252184,DEV
AAL,2024-12-05,stop,1.069532465195213,5.964700286665572,0.01486831039755346,617,0.2430968749999991,-162.33077187500137,-168.50077187500136,-1.1234075921379212,DEV
AAL,2024-12-06,stop,1.9314340898116726,1.0524992889412244,0.010719157685762929,793,0.18897875000000042,-165.7201487500028,-173.6501487500028,-1.1587480073817986,DEV
AAL,2024-12-09,target,5.27400668135597,2.786267680716451,0.0029086210461030278,1000,0.050231788003664235,80.46357600732534,70.46357600732534,1.4027686213794595,DEV
AAL,2024-12-10,target,3.019275520010099,0.5705617459951796,0.008819668594356053,953,0.15738875000000263,280.92295750000204,271.39295750000207,1.8093891717165136,DEV
AAL,2024-12-11,eod,0.8672321743136823,0.578154782875771,0.007893397033656515,1000,0.13837124999999872,-70.00000000000028,-80.00000000000028,-0.5781547828757854,DEV
AAL,2024-12-12,stop,3.171640155996624,2.5029578020244405,0.0037404546370918288,1000,0.06520285714285734,-85.20285714286047,-95.20285714286047,-1.4601025371368943,DEV
AAL,2024-12-13,target,4.117647058823505,0.11764705882354662,0.004953379953380003,1000,0.08500000000000085,149.99999999999858,139.99999999999858,1.6470588235293786,DEV
AAL,2024-12-16,stop,11.353069653785147,2.573362454857992,0.0019620263905978695,1000,0.033030714285715135,-53.03071428571826,-63.03071428571826,-1.9082455723029064,DEV
AAL,2024-12-17,target,3.4677990092003284,13.706062750648833,0.0018547363815357523,1000,0.030278571428571155,40.55714285713918,30.557142857139183,1.0092002830855211,DEV
ABNB,2025-02-05,stop,0.005145072674146795,1.8573712353686893,0.007574167580597642,154,0.9718035714285804,-152.73774999999858,-154.27774999999858,-1.0308704360448901,DEV
ABNB,2025-02-06,target,5.4316387715546535,2.4466841313309575,0.0015455923028718725,734,0.204358214285719,285.3178585714488,277.97785857144885,1.8531989521202317,DEV
ABNB,2025-02-10,stop,1.6471031820842843,3.1552940476072027,0.0037608403612210337,297,0.5039150000000063,-155.60275499999648,-158.57275499999648,-1.0595338499548166,DEV
ABNB,2025-02-11,stop,1.458450196329926,1.1743365217201394,0.003914857573095551,284,0.5279576923076661,-155.619984615372,-158.459984615372,-1.05682273492191,DEV
ABNB,2025-02-13,target,2.801975752133126,4.669959586888453,0.0029828023430243165,359,0.4175624999999741,292.6298749999879,289.03987499998794,1.9281544678940672,DEV
ABNB,2025-02-18,stop,0.3890383804888147,1.608025306020348,0.0048283272359723305,194,0.7711321428571409,-153.4796357142818,-155.4196357142818,-1.0389038380488564,DEV
ABNB,2025-02-21,target,3.5519713261648573,0.46953405017920885,0.00925649447596304,107,1.3950000000000102,296.39000000000414,295.32000000000414,1.9784946236559273,DEV
ABNB,2025-02-24,eod,0.8870314299116967,0.7335067593500741,0.008090325696936422,127,1.1724500000000262,10.160000000001588,8.890000000001589,0.059704038551759944,DEV
ABNB,2025-02-25,eod,1.1712229868599318,0.4767263673988182,0.01092624982421604,96,1.553931250000005,62.400000000000546,61.440000000000545,0.4118586327419592,DEV
ABNB,2026-08-04,eod,0.5405136867206598,0.9776938745094107,0.008424713721288382,119,1.258062499999994,-72.58999999999486,-73.77999999999486,-0.49282130259820933,HOLDOUT
ABNB,2026-08-05,target,2.2965107358040946,0.21993309941999706,0.006384964566800469,153,0.9775699999999858,296.07641999999845,294.5464199999985,1.969311660546066,HOLDOUT
ABNB,2026-08-06,target,2.1149989768774278,0.2913853079599084,0.010048608369522283,98,1.5271874999999966,297.3687500000011,296.3887500000011,1.980356046654401,HOLDOUT
ABNB,2026-08-12,eod,1.1508835523334884,0.25675879776469573,0.009136698589683412,90,1.6552499999999952,94.50000000000102,93.60000000000102,0.6283038815888925,HOLDOUT
ABNB,2026-08-17,target,4.1869555135976215,-0.45049521348835664,0.0041468406593407016,198,0.7547250000000076,294.9111000000066,292.9311000000066,1.960250422339287,HOLDOUT
ACI,2025-10-01,eod,1.7898365757171866,0.5694934559099961,0.007092686093479642,1000,0.11789434543364763,-39.18287377522134,-49.18287377522134,-0.4171775465083867,DEV
ACI,2025-10-02,stop,0.6936187078874567,2.9104240982957696,0.002084004460413758,1000,0.03457027895347764,-54.570278953480766,-64.57027895348077,-1.8677974522674552,DEV
ACI,2025-10-06,target,6.259541984733102,1.0687022900763778,0.0038170163170161506,1000,0.06282391172618773,105.64782345237234,95.64782345237234,1.5224748161057626,DEV
ACI,2025-10-08,stop,0.25879745449472924,2.846771999442597,0.003368810497842753,1000,0.05559233710199507,-75.5923371019982,-85.5923371019982,-1.5396427199123186,DEV
ACI,2025-10-09,target,4.485981308411457,0.7476635514018541,0.0038345756880732054,1000,0.06414273658906566,108.2854731781282,98.2854731781282,1.5322931076015676,DEV
ACI,2025-10-13,target,47.06775479220657,-9.869045359656607,0.0003838141025638885,1000,0.006317160304863734,-7.365679390275659,-17.36567939027566,-2.7489692444412728,DEV
ACI,2025-10-15,stop,0.624249699880009,2.5450180072029798,0.005487483530961526,1000,0.0998708405973403,-119.87084059734343,-129.87084059734343,-1.3003879793197821,DEV
ACI,2025-10-20,target,2.3210691424736427,0.43520046421380126,0.0034815025252526765,1000,0.06611737153198405,112.23474306396497,102.23474306396497,1.54626145436694,DEV
ACI,2025-10-21,target,13.353602193806994,0.97370015996512,0.0018172576917520058,1000,0.03447676255415999,48.95352510831685,38.95352510831685,1.1298486929311955,DEV
AEO,2025-07-29,stop,3.258485639686644,2.8407310704960644,0.010091694772344114,1000,0.1164890410071564,-136.48904100715598,-146.48904100715598,-1.2575349555685376,DEV
AEO,2025-07-30,stop,1.4927113702624084,2.0524781341108094,0.009510869565217323,1000,0.10432308288043401,-124.32308288043359,-134.3230828804336,-1.2875681888579054,DEV
AEO,2025-07-31,target,5.49006010171071,0.5201109570041627,0.007673614190687199,1000,0.08420788918888711,148.41577837777464,138.41577837777464,1.643738843367675,DEV
AEO,2025-08-06,stop,1.707509881422909,9.296442687746957,0.006467280163599248,1000,0.07694968111349532,-96.94968111349489,-106.94968111349489,-1.3898651633884187,DEV
AEO,2025-08-07,target,2.2802850356294546,0.3800475059382401,0.010400197628458518,1000,0.12804670101686533,236.09340203373108,226.09340203373108,1.7657104809279844,DEV
AEO,2025-08-08,stop,1.0002500625156197,2.0338417937817743,0.012292008196721398,1000,0.1459549932847679,-165.95499328476748,-175.95499328476748,-1.2055428137457933,DEV
AEO,2025-08-11,stop,0.7542900245144357,2.55298162143346,0.01392144588045223,894,0.16774178021482378,-167.84115151205208,-176.78115151205208,-1.1788463193938872,DEV
AEO,2025-08-12,stop,0.19534111442105376,1.1898049696555297,0.02291890516890526,547,0.2740345302368432,-160.836888039553,-166.306888039553,-1.1094752547208964,DEV
AEO,2025-08-14,stop,-0.043280675178530965,1.9909110582125114,0.018403026682596524,667,0.22487555433544237,-163.33199474173978,-170.00199474173976,-1.1334071197229787,DEV
AEO,2025-08-15,stop,1.5405023749411542,2.781462621421522,0.009132082844861318,1000,0.11372250402117068,-133.72250402117027,-143.72250402117027,-1.2638000302421653,DEV
AEO,2025-08-18,target,2.3360895091138425,0.7991885162757681,0.006265986132511553,1000,0.07915901858884133,138.3180371776831,128.3180371776831,1.6210160189602385,DEV
AEO,2025-08-20,eod,0.5682517734190707,0.9944406034833739,0.01718258746948757,729,0.2055307136547544,-28.77037289195789,-36.06037289195789,-0.24067221491199972,DEV
AEO,2025-08-21,target,5.240862969165765,6.068367648507713,0.0014919165196942525,1000,0.017642376197418486,15.284752394837398,5.284752394837398,0.2995487872892478,DEV
AEO,2025-08-26,stop,4.101221640488689,2.530541012216415,0.004641555285540681,1000,0.05576874923645292,-75.76874923645249,-85.76874923645249,-1.537935679224275,DEV
AEO,2025-08-28,eod,1.7490161783996478,0.3114686345095292,0.01571451430722897,738,0.2031118798787972,64.25059548519341,56.87059548519341,0.37939891813662574,DEV
AEO,2025-08-29,target,2.2450506105009334,0.9793844945138306,0.0101017068928028,1000,0.12918925780354407,238.37851560708856,228.37851560708856,1.7677825501124862,DEV
AEO,2025-09-05,stop,0.8988698885836499,1.9572166928837256,0.018938907193849285,446,0.3356612034400541,-158.62489673426552,-163.08489673426553,-1.0893758340032909,DEV
AEO,2025-09-08,target,3.9130671605206593,2.8955825480689845,0.00507738174255508,1000,0.08934192393368079,158.68384786735845,148.68384786735845,1.6642113950638409,DEV
AEO,2025-09-09,target,3.201656754930924,2.1141344673687685,0.005070273062647813,1000,0.08788395815350114,155.76791630699915,145.76791630699915,1.6586407732386825,DEV
AEO,2025-11-13,target,3.7341561832424466,-0.2686921433657918,0.005924357222006447,1000,0.10336318676596079,186.72637353191845,176.72637353191845,1.7097612705388974,DEV
AEO,2025-11-17,stop,0.5850657781096268,3.8614341355234916,0.007331467788716894,1000,0.12580299890875324,-145.80299890875636,-155.80299890875636,-1.2384680831159085,DEV
AEO,2025-11-18,stop,0.25775915500892216,1.7825951101572104,0.014158761241659464,626,0.23948094734571512,-162.43507303841963,-168.69507303841962,-1.1252709258607327,DEV
AEO,2025-11-19,stop,3.4651960571453895,1.8845803117808382,0.004662495950761218,1000,0.08071448656027869,-100.71448656028181,-110.71448656028181,-1.3716804910553289,DEV
AEO,2025-12-01,stop,0.5897385492431564,3.685865932769785,0.0099137637028015,751,0.19968992885458903,-164.9871365697987,-172.4971365697987,-1.1502329144593397,DEV
AEO,2025-12-02,eod,1.2724389718692932,0.9787992091302351,0.009737050274005283,748,0.20052605900048093,98.82047139221984,91.34047139221984,0.6089628962809778,DEV
AES,2025-02-26,stop,-0.5714140593254688,3.301503453880525,0.007312163416898832,1000,0.07271254373626412,-92.7125437362637,-102.7125437362637,-1.4125835579183237,DEV
AES,2025-02-27,stop,6.1726883037357085,1.959583588487486,0.0047715053763439,1000,0.04711768408598083,-67.1176840859804,-77.1176840859804,-1.6367036194999582,DEV
AES,2025-03-03,stop,3.530109759715282,1.5920102837931664,0.006367185040609384,1000,0.06669599027958562,-86.69599027958519,-96.69599027958519,-1.4498021526367832,DEV
AES,2025-03-06,stop,1.0752688172042757,1.763440860215015,0.010869565217391528,1000,0.10733484418123496,-127.33484418123453,-137.33484418123453,-1.2794991712974824,DEV
AES,2025-03-11,stop,1.167839140089012,2.7805693811643826,0.007603352461492134,1000,0.08301451058989784,-103.01451058989741,-113.01451058989741,-1.3613826039185288,DEV
AES,2025-03-12,stop_gap,0.4849828523920185,4.641978730037873,0.006240164288802305,1000,0.06663300919716697,-97.09642523246131,-107.09642523246131,-1.6072578219537281,DEV
AES,2025-03-13,stop,2.8135048231509825,2.4758842443728715,0.0036297852474324625,1000,0.041021363099117636,-61.02136309911721,-71.02136309911721,-1.7313262586499685,DEV
AES,2025-03-14,target,2.2176894153498106,1.2287729473347775,0.008273891825945609,1000,0.09392606678147963,167.8521335629597,157.8521335629597,1.6805998480720479,DEV
AES,2025-03-18,stop,1.1367737278961096,3.662937567665188,0.0030878092266547114,1000,0.036549903627818736,-56.54990362781831,-66.54990362781831,-1.8207955978621535,DEV
AES,2025-07-08,stop_gap,1.5918266934865608,6.048941435248847,0.0028323223215017458,1000,0.029521023487763642,-90.48852981029754,-100.48852981029754,-3.4039649693022898,DEV
AES,2025-07-10,target,3.198626930878406,0.6241223279762909,0.010037588097102692,1000,0.12046959600000129,220.939192000003,210.939192000003,1.7509745114443709,DEV
AES,2025-07-15,stop,0.20501205666142752,6.21869905206325,0.005736293890351188,1000,0.06876525073222517,-88.76525073222474,-98.76525073222474,-1.4362668597955217,DEV
AES,2025-07-16,eod,1.9904974198517928,0.29993796737492995,0.013949885888170494,870,0.17234093412759321,84.80837010368646,76.10837010368645,0.5076036382156563,DEV
AES,2025-07-17,stop,1.6451006414509015,4.16113691661123,0.003924692094840397,1000,0.04856055604289189,-68.56055604289146,-78.56055604289146,-1.6177853477110433,DEV
AES,2025-07-22,stop,0.705691401150294,2.0700281100408118,0.00777175502742221,1000,0.09988577150832612,-119.88577150832569,-129.8857715083257,-1.3003430773671192,DEV
AES,2025-07-23,target,2.26182205922753,1.9387046221949698,0.005588389310220098,1000,0.07271714174999744,125.4342834999953,115.4342834999953,1.5874425303576976,DEV
AES,2025-07-25,stop,0.21304699816780015,1.5765477864416952,0.00856845564074479,1000,0.11028634961630424,-130.28634961630382,-140.28634961630382,-1.2720191583488998,DEV
AES,2025-07-28,eod,0.7506489986134027,0.750648998613387,0.008864787430683743,1000,0.11268414001461657,-5.902293856401286,-15.902293856401286,-0.14112273345954945,DEV
AES,2025-10-06,eod,1.6971833284376299,-0.0652762818629881,0.010623786407766898,1000,0.14593248345409826,122.88894884372858,112.88894884372858,0.7735697095789972,DEV
AES,2025-10-09,target,2.977587183428955,0.9580063111902233,0.005238640217022893,1000,0.07358185549073681,127.16371098147405,117.16371098147405,1.5922907923438236,DEV
AES,2025-10-10,target,4.805017449800203,0.25289565525264623,0.0068058519793459575,1000,0.09416857743176976,168.33715486353995,158.33715486353995,1.68142239356078,DEV
AES,2025-10-15,target,3.115559906112189,0.8420432178681321,0.004012119932432447,1000,0.056564373950084956,93.12874790017034,83.12874790017034,1.469630831122201,DEV
AES,2025-10-16,stop,0.35000583343054736,1.4000233337222474,0.00872247528590805,1000,0.12247419933082604,-142.47419933082563,-152.47419933082563,-1.2449495498963328,DEV
AES,2025-10-17,stop,4.545651326896489,8.182172388413996,0.0011347514246415477,1000,0.01571710414432914,-35.717104144328715,-45.717104144328715,-2.90874856618061,DEV
AES,2025-10-20,stop,27.288645148499402,2.312597046483006,0.0007371535726463065,1000,0.01029787039164276,-30.297870391642334,-40.297870391642334,-3.913223691798071,DEV
AI,2024-11-07,target,3.7509274271110615,0.9297170545830795,0.005573036575716647,961,0.15596142857143036,280.53786571428617,270.92786571428616,1.8076447473276183,DEV
AI,2024-11-08,stop,1.5149799862531625,2.6494966239437034,0.009138471884040895,606,0.2473300000000016,-162.00198000000287,-168.06198000000288,-1.1212954352484654,DEV
AI,2024-11-12,target,2.424045259424428,1.5421053884423386,0.00703777746754154,773,0.19389076923076942,284.2951292307671,276.56512923076707,1.8452737068452338,DEV
AI,2024-11-13,stop,4.591342829484141,3.3743603927534087,0.006451641684511084,829,0.18077500000000057,-166.44247500000307,-174.73247500000306,-1.1659521504633,DEV
AI,2024-11-14,stop,1.5790423484119662,1.6843118383060949,0.007142427497314589,789,0.18998857142856806,-165.68098285714268,-173.57098285714267,-1.1579042348412127,DEV
AI,2024-11-15,stop,2.5881648678627545,3.2043945983062296,0.0031473456721711124,1000,0.08113857142857128,-101.13857142857441,-111.13857142857441,-1.3697378382661447,DEV
AI,2024-11-18,stop,0.5909257226491221,7.001463593121089,0.00421034793526572,1000,0.1093200000000003,-129.32000000000343,-139.32000000000343,-1.2744237102085898,DEV
AI,2024-11-21,target,14.817407966982103,11.640933043446044,0.003941982248950547,1000,0.13568500000000228,251.37000000000853,241.37000000000853,1.778899657294502,DEV
AI,2024-11-25,stop,0.18497109826589447,1.209426411738552,0.03688336394647076,106,1.4056250000000006,-151.11624999999964,-152.17624999999964,-1.0213428190306775,DEV
AI,2025-05-28,target,2.008445881681556,0.4568385010462294,0.013881026113333826,456,0.3285625000000003,290.52899999999886,285.96899999999886,1.9086931710100723,DEV
AI,2025-05-29,stop,1.6054960456679686,1.3406719556608861,0.021036721547950634,248,0.6041746428571422,-154.79531142857203,-157.27531142857202,-1.049654516876334,DEV
AI,2025-05-30,target,2.2910545648632614,0.30525574630892666,0.016824678075228822,327,0.4583042307692331,293.19096692307744,289.92096692307746,1.9345412981467573,DEV
AI,2025-06-02,eod,1.097093866122781,0.44476778356328417,0.013367207406149157,444,0.33725464285714324,106.5599999999993,102.11999999999931,0.681977268130371,DEV
AI,2025-06-05,stop,1.9508833003805373,1.0747381055988596,0.016506411492479785,350,0.42801125000000084,-156.80393750000138,-160.30393750000138,-1.0700916155825415,DEV
AI,2025-06-09,stop,3.0013781838598796,1.706497881680348,0.005336983763757295,1000,0.13993571428571627,-159.9357142857194,-169.9357142857194,-1.2143841559900148,DEV
AI,2025-06-11,eod,1.322875048438585,0.8284672020524574,0.014931564245810224,400,0.3741850000000042,155.9999999999988,151.9999999999988,1.0155404412255775,DEV
AI,2025-06-12,stop,2.228974853524515,1.3373849121147225,0.006380449294711735,955,0.1570228571428558,-169.0568285714303,-178.6068285714303,-1.1910549874449798,DEV
ALAB,2026-08-04,stop,0.8958335662997672,2.562009450360764,0.02317878639518468,18,8.048369999999977,-145.23065999999926,-145.41065999999927,-1.0037274628278747,HOLDOUT
ALAB,2026-08-10,eod,1.9583736335576611,0.7332299386305906,0.016457774056206877,27,5.387123181818197,272.15999999999957,271.8899999999996,1.869272273926597,HOLDOUT
ALAB,2026-08-11,eod,0.701991596335634,0.3190870892434724,0.020657143928919743,23,6.424578333333329,-23.0,-23.23,-0.15720876104190507,HOLDOUT
ALAB,2026-08-17,eod,1.942255908058117,0.03590902712015822,0.028041139755967424,15,9.468371249999961,262.0500000000004,261.90000000000043,1.8440341574059107,HOLDOUT
ALAB,2026-08-18,stop,1.8703679612837643,1.475142328185579,0.010701308528428096,46,3.1996912500000008,-148.1057974999992,-148.5657974999992,-1.0093759046282924,HOLDOUT
ALAB,2026-08-20,stop,0.06636183760351456,2.670695286666293,0.011940702802101988,44,3.390502857142849,-150.06212571428455,-150.50212571428455,-1.0088482450137979,HOLDOUT
ALAB,2026-08-24,stop,-0.21512720740682947,2.722090606201571,0.017398055617935497,32,4.648412500000006,-149.38919999999962,-149.7091999999996,-1.006453816222201,HOLDOUT
ALAB,2026-08-25,eod,0.9906396403090405,0.2586209707269789,0.014661022258036772,36,4.162462142857123,44.76600000000144,44.40600000000144,0.296339031483266,HOLDOUT
ALAB,2026-08-27,eod,1.1871561530318453,0.897568892202896,0.010946317256945606,45,3.2977970000000028,-127.79999999999887,-128.24999999999886,-0.8642132914791215,HOLDOUT
ALAB,2026-08-28,target,3.1065679805590283,1.093314243719534,0.007653194849368395,66,2.2500392857143083,295.6851857142899,295.0251857142899,1.9866668994668428,HOLDOUT
ALAB,2026-09-01,stop,0.9628575602947758,1.8067896528814928,0.010680916993078203,50,2.985903749999977,-150.29518749999795,-150.79518749999795,-1.010047209324809,HOLDOUT
ALB,2025-04-09,stop,1.2349141334037188,21.11608899865897,0.010422504421300882,288,0.5199237947537227,-155.498052889071,-158.378052889071,-1.0577007636555784,DEV
ALB,2025-04-11,stop,0.508990983606931,4.203516202139872,0.014256939459200856,199,0.7508934298439698,-153.4077925389492,-155.3977925389492,-1.0399524071028694,DEV
ALB,2025-04-14,target,2.0319044486241298,0.7452439513762422,0.013612726214217524,194,0.7694715421530844,294.6749583553975,292.7349583553975,1.9610122033674537,DEV
ALB,2025-04-15,target,4.3934715483017905,-0.07057785619761825,0.010095297470609062,270,0.5555545206072878,294.59944112793653,291.89944112793654,1.9459998994028485,DEV
ALB,2025-04-16,target,3.7303825466753433,0.8758289457411645,0.011468726748512055,248,0.604379351427319,294.8121583079512,292.3321583079512,1.9503623015426532,DEV
ALB,2025-04-17,eod,1.4165692238746075,0.33482545291581445,0.014643107674900992,197,0.7611846790455488,19.23301952372126,17.263019523721262,0.11512257556133215,DEV
ALB,2025-04-21,stop,-0.031239575186402205,6.654029514704372,0.006266773408658679,478,0.31378345108953454,-159.5484896207956,-164.3284896207956,-1.095607336511306,DEV
ALB,2025-04-22,stop,1.6207779734273307,8.13190331359088,0.004630408598165256,612,0.2449439141873171,-162.14567548263562,-168.26567548263563,-1.1224770172369092,DEV
ALB,2025-04-25,stop,0.55710306406686,1.1822965026307666,0.014146234676006952,189,0.7917938522951644,-153.42903808378531,-155.3190380837853,-1.0378886498209543,DEV
ALB,2025-04-29,stop,0.2773336164171021,1.3647733228946113,0.011607852499922947,223,0.6715621923124004,-154.2183688856644,-156.4483688856644,-1.0446719609046133,DEV
ALB,2026-04-21,stop,0.053838886264485145,1.7815461138744537,0.014813275019295127,52,2.871629563087197,-150.3647372805333,-150.8847372805333,-1.0104470299322765,HOLDOUT
ALB,2026-04-22,target,6.454760365464779,0.3032183377787279,0.006694653278718178,113,1.3158225149890654,295.11588838753084,293.98588838753085,1.9772005725253674,HOLDOUT
ALB,2026-04-23,target,2.555233131044086,0.944620758550864,0.0076732022735567585,102,1.4677432774425085,297.3796285982736,296.3596285982736,1.9795604582483555,HOLDOUT
ALB,2026-04-24,stop_gap,6.499339620670313,5.166974998432994,0.0016376114705368913,488,0.3069400421514672,-554.9283426767813,-559.8083426767813,-3.737369145939052,HOLDOUT
ALB,2026-04-28,eod,1.4500198097707966,-0.06895708868097515,0.021294819855254835,37,4.0501573879431305,138.7638875550572,138.3938875550572,0.9235135776354156,HOLDOUT
ALB,2026-04-29,stop,1.615201900237461,3.0901481732834837,0.005861332838314675,136,1.1023111229437745,-152.63431272035086,-153.99431272035088,-1.0272155468411364,HOLDOUT
ALB,2026-04-30,stop,0.3962380920155225,4.460620897243928,0.006631214391633428,117,1.2712411436503999,-151.07521380709466,-152.24521380709464,-1.0235989844647695,HOLDOUT
ALB,2026-05-01,stop,0.5627857896588038,1.0903974674639392,0.014877027734170722,52,2.8357611278265153,-148.49957864697785,-149.01957864697786,-1.010579170334765,HOLDOUT
ALB,2026-05-04,target,2.479185897940225,0.5802349973902752,0.008422402045883062,93,1.607313065895653,297.10023025659314,296.17023025659313,1.981335310067137,HOLDOUT
ALM,2025-10-02,stop_gap,2.197715945214134,27.47144931517726,0.0015167261904761216,1000,0.00910035714285673,-69.79999999999987,-79.79999999999987,-8.768886621404567,DEV
ALM,2025-10-03,stop,1.9466434305419096,1.2236044420549195,0.014258260639703917,1000,0.08989833333333319,-109.89833333333277,-119.89833333333277,-1.3337103023786085,DEV
ALM,2025-10-08,stop,-0.09590097118175628,1.3426135965446135,0.013829473576821034,1000,0.10427423076923059,-124.27423076923017,-134.27423076923017,-1.2877029135452709,DEV
ALM,2025-10-09,target,8.24467278954873,2.4564275105331936,0.005167763157894707,1000,0.04123874999999977,62.477499999999964,52.477499999999964,1.2725288715104182,DEV
ALM,2025-10-14,stop_gap,-1.4884314324823968,23.814902919718318,0.0059786270459238925,1000,0.05374785714285579,-249.59999999999917,-259.59999999999917,-4.829959998405358,DEV
ALM,2025-10-17,stop,-0.5092427560217944,3.5184044961505965,0.02883938584779698,694,0.2160069999999994,-163.7888579999993,-170.7288579999993,-1.1388843880059427,DEV
ALM,2025-10-21,target,2.009153575088843,7.565598281598932,0.00812457012630145,1000,0.06475363636363518,109.50727272727079,99.50727272727079,1.5367055553215665,DEV
ALM,2026-01-26,target,2.67645154327649,0.7079646017699103,0.02351299228583034,518,0.2895625000000006,289.62675000000087,284.44675000000086,1.896395424131234,HOLDOUT
ALM,2026-02-04,target,5.45136378176267,0.5591142340269402,0.01068584477509048,1000,0.14308346153846152,266.16692307692347,256.16692307692347,1.7903321622399007,HOLDOUT
ALM,2026-02-06,stop,-0.03401360544217609,1.9387755102040793,0.02166543846720711,510,0.2940000000000005,-160.14000000000004,-165.24000000000004,-1.102040816326529,HOLDOUT
AMD,2025-10-01,stop,0.6912369586626825,4.230370187015646,0.0033511796292784285,276,0.5425057142857383,-155.25157714285876,-158.01157714285875,-1.055298956692981,DEV
AMD,2025-10-02,stop,0.14794282855067803,4.407216862523675,0.0040215182396136995,221,0.6759367857142706,-153.8020296428498,-156.0120296428498,-1.0443828485651665,DEV
AMD,2025-10-03,target,5.978223486427174,0.45519468170763944,0.005847902987281827,151,0.9885879999999929,295.5335760000006,294.0235760000006,1.969653687886175,DEV
AMD,2025-10-07,target,2.1916722399742343,0.5468876173490829,0.01174613612029238,59,2.523187500000006,296.55612500000177,295.9661250000018,1.9881102771791708,DEV
AMD,2025-10-09,eod,1.5770766748768748,0.737825279166856,0.010767448369955954,59,2.5141453571428656,34.515000000002146,33.92500000000214,0.2287059490679091,DEV
AMD,2025-10-10,target,5.579135830548593,0.6104044804466402,0.011303295978905774,58,2.572065000000009,297.1995400000021,296.61954000000213,1.9883362201188612,DEV
AMD,2025-10-17,target,5.905105817904084,4.370936169134846,0.0029782641493168453,217,0.690927500000015,295.52253500001046,293.35253500001045,1.9565801042801434,DEV
AMD,2025-10-21,stop,1.830178013770336,1.3529417215719932,0.009069462537294671,69,2.1582600000000127,-150.29993999999962,-150.98993999999962,-1.0139000861805259,DEV
AMKR,2026-08-04,stop,2.3188405797102254,21.325051759835098,0.002242756315007349,1000,0.1205294664533696,-140.52946645336561,-150.52946645336561,-1.248901790431491,HOLDOUT
AMKR,2026-08-05,target,23.218228104828377,6.728849546303724,0.0012214466350125058,1000,0.06749578824126701,114.991576482538,104.991576482538,1.5555278220804007,HOLDOUT
AMKR,2026-08-10,target,2.295628962295619,0.8274941608274964,0.01374014304052819,200,0.7478815948553077,295.1526379421239,293.1526379421239,1.959886698367273,HOLDOUT
AMKR,2026-08-11,stop,0.6267620119302294,2.5239875615569414,0.0055063493544046885,509,0.2946287708311033,-160.14604435302954,-165.23604435302954,-1.101823049783531,HOLDOUT
AMKR,2026-08-21,eod,1.1269675996815167,0.0612482391131225,0.016190995636652022,184,0.8148590486360874,25.70623187584681,23.86623187584681,0.1591781819825836,HOLDOUT
AMPL,2025-02-05,stop,1.4822881689203486,5.576226921176521,0.0059351846310371935,1000,0.07083642857142891,-90.83642857142848,-100.83642857142848,-1.4235109054058062,DEV
AMPL,2025-02-07,eod,0.6792058516196495,0.5224660397074177,0.01575308641975307,783,0.1913999999999998,-70.46999999999989,-78.29999999999988,-0.5224660397074188,DEV
AMPL,2025-02-10,stop,0.7631748071979334,1.0041773778920298,0.009978356713426865,1000,0.12448000000000015,-144.47999999999973,-154.47999999999973,-1.2410025706940837,DEV
AMPL,2025-02-12,stop_gap,-1.2155218746640046,12.297108459636444,0.0017316283225374445,1000,0.0211431818181822,-94.99999999999886,-104.99999999999886,-4.96613995485313,DEV
AMPL,2025-02-13,target,4.785137924563837,4.878964158378795,0.004360883797053906,1000,0.05328999999999873,86.57999999999788,76.57999999999788,1.4370425971101466,DEV
AMPL,2025-02-18,stop,2.6700996519333193,3.0515424593523943,0.004387656903765848,1000,0.05243250000000188,-72.43250000000145,-82.43250000000145,-1.5721642111285652,DEV
AMPL,2025-02-19,stop,0.528640546027889,3.7480020735236312,0.007137070822687122,1000,0.08417818181818326,-104.17818181818284,-114.17818181818284,-1.3563868849626222,DEV
AMPL,2025-02-25,stop,-0.13923744293751555,5.151785388687878,0.008659939136426396,1000,0.10772964285714437,-127.72964285714394,-137.72964285714394,-1.2784748858750166,DEV
AMPL,2025-05-02,eod,0.6282722513088975,0.9947643979057529,0.010089804543053487,1000,0.09550000000000125,5.000000000000782,-4.999999999999218,-0.05235602094239951,DEV
AMPL,2025-05-06,stop,-0.6690827989963833,3.9587398940619067,0.009789847161572022,1000,0.08967499999999973,-109.6749999999993,-119.6749999999993,-1.334541399498184,DEV
AMPL,2025-05-07,eod,1.408608160983805,0.9390721073225243,0.010217407858665862,1000,0.0958392857142858,-59.99999999999872,-69.99999999999872,-0.7303894168063956,DEV
AMPL,2025-05-15,target,5.193075898801671,2.396804260985379,0.0030879934210525928,1000,0.03754999999999953,55.09999999999948,45.09999999999948,1.201065246338217,DEV
AMPL,2025-05-19,target,2.6761741273823407,1.1127250319116166,0.006032019966015337,1000,0.07099687500000051,121.99375000000146,111.99375000000146,1.5774461904133195,DEV
AMPL,2025-05-20,stop,-0.04576659038902268,6.773455377574299,0.009504132231405062,1000,0.10925000000000118,-129.25000000000074,-139.25000000000074,-1.274599542334089,DEV
AMPL,2025-05-21,target,5.117919634829451,3.7346981119025924,0.0030047797173732523,1000,0.03614750000000022,52.29500000000087,42.29500000000087,1.170067086243879,DEV
AMPL,2025-07-29,target,5.0575424472312385,0.30964545595294457,0.007395801526717583,1000,0.09688500000000033,173.7700000000011,163.7700000000011,1.6903545440470715,DEV
AMPL,2025-07-31,stop,3.1670625494853484,1.1177867821713092,0.008567837190742226,1000,0.10735500000000009,-127.35499999999966,-137.35499999999968,-1.2794466955428212,DEV
AMPL,2025-08-01,stop,0.8133771491857148,1.931770729316066,0.008486225810427718,1000,0.09835535714285726,-118.35535714285683,-128.35535714285683,-1.3050164309446384,DEV
AMPL,2025-08-04,stop,1.6142256841243015,10.044070923440092,0.002379610999329183,1000,0.02787714285714138,-47.87714285714095,-57.87714285714095,-2.0761504560828543,DEV
AMPL,2025-08-05,target,2.074074074074178,16.800000000000576,0.0020139634801288214,1000,0.024107142857141994,28.214285714284415,18.214285714284415,0.7555555555555287,DEV
AMPL,2025-08-11,stop,1.3439151517352932,1.5618473385031733,0.012144464049404459,1000,0.13765749999999954,-157.65749999999912,-167.65749999999912,-1.2179321867678816,DEV
AMPL,2025-08-12,stop,-0.3166623785302821,2.7707958121400247,0.011421112115732436,1000,0.12631750000000075,-146.31750000000034,-156.31750000000034,-1.2374967838977133,DEV
AMPL,2025-08-14,stop,1.0592151719963603,1.8438190031047736,0.011446147924818852,1000,0.12745285714285792,-147.4528571428575,-157.4528571428575,-1.2353811493325217,DEV
AMPL,2026-06-23,stop,1.3206768468840282,2.6413536937680417,0.009226961157654234,1000,0.060575000000000045,-80.57499999999962,-90.57499999999962,-1.495253817581503,HOLDOUT
AMPL,2026-06-30,target,2.388993565359578,1.8912865725763437,0.006648624373640968,1000,0.05023035714285751,80.46071428571544,70.46071428571544,1.4027516086601144,HOLDOUT
AMZN,2026-07-14,stop,0.46135218711762066,2.5002312076052764,0.005480732929387153,111,1.3438757142857298,-151.390204285714,-152.500204285714,-1.0223234929250336,HOLDOUT
AMZN,2026-07-21,stop,0.218365165515332,1.4761485188836425,0.004632668028972697,131,1.1448712500000227,-152.59813375000058,-153.9081337500006,-1.026203819861824,HOLDOUT
AMZN,2026-07-22,stop_gap,4.031382510191022,3.4578118278467818,0.002491578539055233,245,0.6102125000000171,-185.58749999999833,-188.03749999999832,-1.2577585677120209,HOLDOUT
AMZN,2026-07-24,target,2.1110667396157337,2.0547716265593254,0.003051497745329636,211,0.7105412500000057,295.62840750000623,293.5184075000062,1.957778665207711,HOLDOUT
AMZN,2026-07-27,target,2.6094320024107884,0.7702033168405984,0.005074962621214034,126,1.1879979999999932,296.8554960000006,295.5954960000006,1.9747474322347496,HOLDOUT
AMZN,2026-07-28,stop,1.1523907808737517,2.528379772961805,0.0050679916317991815,128,1.1628000000000043,-151.39839999999822,-152.67839999999822,-1.0257997936016354,HOLDOUT
AMZN,2026-07-29,stop,1.6925341479867346,2.908395413479212,0.006331890868415863,103,1.4475335714285507,-151.15595785713884,-152.18595785713885,-1.0207249079345186,HOLDOUT
AMZN,2026-08-03,stop,1.523947874385778,2.02520828882716,0.00411769880365943,128,1.17025000000001,-152.35199999999895,-153.63199999999895,-1.0256355479598218,HOLDOUT
APLD,2026-07-14,stop,0.4724536420644365,1.054517717276797,0.02406338711324421,222,0.673293571428573,-153.91117285714392,-156.13117285714392,-1.0445570866455032,HOLDOUT
APLD,2026-07-15,target,2.4229837313949445,2.999260943186171,0.013554436864396056,392,0.3817607142857149,291.46039999999925,287.54039999999924,1.9214167438466423,HOLDOUT
APLD,2026-07-20,eod,0.26231957065279515,0.8209387814985125,0.021952613171986712,246,0.6091806249999969,-29.569200000001004,-32.029200000001005,-0.2137297127596675,HOLDOUT
APLD,2026-07-23,target,2.396721928897933,0.6485247572312055,0.011774603965091973,422,0.3546510714285702,290.88550428571193,286.6655042857119,1.9154098142741818,HOLDOUT
APLD,2026-07-27,target,3.9004174665570037,-0.24377609165981598,0.014987668980635605,365,0.41021249999999654,292.15512499999636,288.5051249999964,1.9268671725020492,HOLDOUT
APLD,2026-08-04,stop,0.8096919011399555,4.059551175578381,0.01502128457180931,332,0.4507887499999974,-156.3018650000002,-159.62186500000018,-1.0665500192717838,HOLDOUT
APLD,2026-08-05,target,3.242680066007548,0.10362728467170493,0.01388506878476446,346,0.433283571428575,292.9122314285728,289.4522314285728,1.930761279729369,HOLDOUT
APLD,2026-08-07,eod,0.5837965724995958,0.9012999715783255,0.034210494043447864,153,0.976367500000002,-107.10000000000043,-108.63000000000044,-0.7271852043416043,HOLDOUT
APLD,2026-08-13,stop,2.4524045408499604,1.4045589643049732,0.014216778922345462,334,0.4485393749999993,-156.4921512499996,-159.8321512499996,-1.0668837602049979,HOLDOUT
APLD,2026-08-14,stop,1.9028468226926651,2.515407101230713,0.012636222473178959,390,0.3836357142857132,-157.41792857142937,-161.31792857142938,-1.0781991844942274,HOLDOUT
APLD,2026-08-17,stop,0.11213950153991577,3.828762981148538,0.010181414124938866,480,0.31211125000000095,-159.41340000000196,-164.21340000000197,-1.096119572748509,HOLDOUT
APLD,2026-08-19,stop,0.008507535245497765,5.1770377572516955,0.009087662588680509,607,0.24683999999999884,-161.9718800000012,-168.04188000000119,-1.1215362177929153,HOLDOUT
APLD,2026-08-21,eod,1.3617371455442333,0.10776337123011857,0.036043608757062064,146,1.0207549999999976,159.13999999999947,157.67999999999947,1.0580403720775298,HOLDOUT
APLD,2026-08-24,stop,0.318847719248864,2.2050975286486825,0.020260693916349742,281,0.5328562499999983,-155.35260625000038,-158.16260625000038,-1.0563003624335892,HOLDOUT
APP,2024-11-05,stop,0.8052942343808703,3.435922066691749,0.004519131956779851,201,0.745069285714294,-153.77892642856943,-155.78892642856943,-1.0402647117190194,DEV
APP,2024-11-06,eod,1.2345379076022178,0.7010591651392408,0.016304973591549306,53,2.7783675000000017,96.99000000000066,96.46000000000066,0.6550609305644453,DEV
APP,2024-11-11,stop,0.8457319311580875,3.157053704463498,0.01685005275988792,32,4.630899999999997,-148.82879999999932,-149.1487999999993,-1.0064782223757762,DEV
APP,2024-11-13,stop,2.6251529393044417,1.1178274880270909,0.011022762574609877,47,3.1579112499999837,-149.36182874999838,-149.83182874999838,-1.0094999503231707,DEV
APP,2024-11-15,stop,-0.27659816392211256,2.832721142580286,0.014418118963612494,37,4.0455800000000295,-150.42646000000042,-150.79646000000042,-1.0074155003732423,DEV
APP,2024-11-20,stop,0.5871086962767718,9.066126000517155,0.006278827757442844,73,2.034716923076928,-149.99433538461443,-150.72433538461442,-1.0147440657025721,DEV
APP,2024-11-21,stop,3.193089066145244,2.255239478242113,0.011386982869311852,41,3.635977499999967,-149.8950774999979,-150.3050774999979,-1.0082508761399052,DEV
APP,2025-02-04,target,4.828481427019132,0.1535608639169905,0.005471757918586017,71,2.0838642857142986,294.4887285714317,293.7787285714317,1.9856036690077932,DEV
APP,2025-02-07,target,2.262807089651346,0.21230270395149095,0.008357064281972497,47,3.1907271428570994,298.9883514285682,298.51835142856817,1.9905977544751385,DEV
APP,2025-02-11,target,3.3011135605675057,0.2656718105251238,0.00934449609127408,42,3.5382000000000176,296.36880000000224,295.9488000000022,1.9915211124300543,DEV
APP,2025-02-12,stop_gap,0.19122627599013303,5.343087123253812,0.007094587944243401,56,2.6669974999999795,-161.27999999999656,-161.83999999999656,-1.0836155639440834,DEV
APP,2025-02-13,target,4.204674654812449,0.3603202640410213,0.027562570357008424,10,13.997824999999978,279.75649999999973,279.6564999999997,1.9978568098972531,DEV
APP,2025-02-18,target,2.2287559725509065,0.3470823103087101,0.016984761928233356,17,8.614671249999958,292.5588224999989,292.38882249999887,1.996517568792891,DEV
APP,2025-02-19,stop,0.4330036671308452,1.9261826287315278,0.02257781711157313,13,10.969884000000036,-142.86849200000023,-142.99849200000023,-1.00273476000293,DEV
APP,2025-02-25,stop,1.409211359739175,2.581337188106353,0.016927190179127253,23,6.390098928571433,-147.43227535714254,-147.66227535714253,-1.0046947629974625,DEV
APP,2025-07-29,target,3.6503044480405307,-0.32828645613565216,0.008935307731639686,45,3.320270999999991,297.92439,297.47439,1.9909645929504003,DEV
APP,2025-07-30,stop,3.200323604150218,1.7689288671377066,0.00439914816808008,93,1.5998382142856826,-150.6449539285668,-151.5749539285668,-1.0187518961180564,DEV
APP,2025-08-01,stop,0.4484974421630249,2.7121095325003295,0.01666679644124254,24,6.1538812499999835,-148.17314999999917,-148.41314999999918,-1.0048749721974213,DEV
APP,2025-08-06,stop,0.4404710269241565,4.19988217853186,0.007223523272061411,54,2.7584107142857306,-150.03417857142847,-150.57417857142846,-1.010875827825281,DEV
APP,2025-08-08,stop,1.570802318437682,3.821002981096548,0.005693437413015697,57,2.590968928571442,-148.82522892857116,-149.39522892857116,-1.0115786799560436,DEV
APP,2025-08-12,stop_gap,0.4570831246474072,1.356467780960404,0.012675021039714227,25,5.845107499999983,-146.6825,-146.9325,-1.0055075975933747,DEV
APP,2025-08-13,target,9.592827350337297,-0.4746910704727144,0.004153098465566588,79,1.8978659090909105,298.2828136363653,297.49281363636527,1.9841927715460401,DEV
APP,2025-08-14,target,5.8229698476368394,0.2602311248021178,0.004775655632634044,71,2.094292142857171,295.96948428571955,295.25948428571957,1.9856753509283316,DEV
APP,2025-08-18,stop,0.4179317773865541,2.517952609213256,0.006652442211805877,51,2.895209375000036,-148.6756781250009,-149.1856781250009,-1.0103619448938754,DEV
ARM,2025-01-13,stop,1.1924299928197788,2.6797620268745415,0.005737659089237138,192,0.7799200000000042,-153.5846399999973,-155.5046399999973,-1.0384654836393241,DEV
ARM,2025-01-16,stop,-0.2665686940167829,3.2230578458392967,0.0056488926371370644,181,0.8253032142857251,-152.99988178571294,-154.80988178571295,-1.0363502764568122,DEV
ARM,2025-01-21,stop,0.42571787763131747,8.228605287416121,0.0078033694915253535,130,1.1509969999999896,-152.22960999999628,-153.5296099999963,-1.0260643598549624,DEV
ARM,2025-01-23,stop,1.006391957946593,2.027475769293853,0.008253295964372584,110,1.361298636363614,-151.94284999999553,-153.04284999999552,-1.0220377801010068,DEV
ARM,2025-01-24,eod,1.364053831882825,0.5148800861497624,0.016148274673164008,55,2.682372142857133,196.28950000000074,195.73950000000073,1.3267733970012248,DEV
ARM,2025-01-27,stop,5.252358278681136,1.4066021820940513,0.008410216474987756,119,1.2522375000000068,-151.39626249999864,-152.58626249999864,-1.023957116760983,DEV
ARM,2025-01-28,stop,0.7347970322871373,2.156469551277511,0.008513268705864,119,1.2520464285714183,-151.37352499999662,-152.56352499999662,-1.0239607727919577,DEV
ARM,2025-01-29,target,2.6881423598969665,0.20285598255835635,0.00784935187503617,128,1.1643728571428653,295.51945142857585,294.2394514285759,1.9742350572533995,DEV
ARM,2026-03-26,target,2.4028350614441125,0.4510093381501625,0.01233624843392861,76,1.9622653571428543,296.74433428571524,295.98433428571525,1.9847115478593258,HOLDOUT
ARM,2026-03-27,stop_gap,0.8823872265320134,1.4293149447933182,0.01052280316453784,98,1.5226875000000177,-169.18719999999843,-170.16719999999842,-1.140352173377639,HOLDOUT
ARM,2026-03-31,stop_gap,0.6174300980924704,7.620387263299262,0.006386368016128192,162,0.9231814285714108,-153.0899999999943,-154.7099999999943,-1.0344662169794643,HOLDOUT
ARM,2026-04-01,target,3.545490358488541,0.0,0.006353828380719963,151,0.9899899999999775,295.95697999999595,294.44697999999596,1.9696966636026805,HOLDOUT
ARM,2026-04-02,stop,1.3052739990036302,2.0390906971819485,0.007941534463232968,127,1.1720910714285537,-151.395566071424,-152.66556607142402,-1.0255952807177497,HOLDOUT
ARM,2026-04-06,eod,1.2907249152182212,0.8388497824233437,0.012206985987604413,82,1.8120049999999992,-28.699999999999534,-29.519999999999534,-0.1986749484686822,HOLDOUT
ARM,2026-04-07,stop,1.3847287012030194,1.1136754235207367,0.01804064349243492,58,2.5456250000000296,-148.80625000000066,-149.38625000000067,-1.0117849251166144,HOLDOUT
ARM,2026-04-08,target,2.0756086189527543,0.6212378465078968,0.013907302759359703,72,2.0764993749999974,297.57591000000093,296.8559100000009,1.985552608220755,HOLDOUT
ARM,2026-04-09,stop,-0.6061874068203282,3.884448902904659,0.007042824452435523,145,1.0310342857142984,-152.39997142857064,-153.84997142857063,-1.0290969955273581,HOLDOUT
ARM,2026-04-14,stop_gap,3.7004943952449882,4.537127910691648,0.0019367399084774181,482,0.3107692857142865,-163.87999999998794,-168.69999999998794,-1.126237424639693,HOLDOUT
ARM,2026-04-15,stop_gap,3.1376150970117944,4.715186933498188,0.0036107405063292236,262,0.5704970000000174,-252.90859999999606,-255.52859999999606,-1.7095620134723852,HOLDOUT
AS,2025-05-06,stop,1.3924050632911211,2.9746835443037667,0.006169465052713832,949,0.15800000000000125,-168.92200000000415,-178.41200000000416,-1.189873417721537,DEV
AS,2025-05-08,stop,0.24342190340715242,1.582242372146453,0.01212721402214018,456,0.32864749999999887,-158.9832600000009,-163.5432600000009,-1.0912832137776896,DEV
AS,2025-05-09,eod,1.1527813824725284,0.6466822389480046,0.013023124806354442,421,0.3556615384615398,126.2999999999988,122.08999999999881,0.8153819534561704,DEV
AS,2025-05-12,stop,1.8334516205346676,2.117340903714222,0.014463644140290811,354,0.42269999999999897,-156.71580000000074,-160.25580000000073,-1.0709723207948976,DEV
AS,2025-05-15,target,3.10636103808477,0.4583155629961133,0.006353000647039746,763,0.19637124999999855,284.4025274999954,276.7725274999954,1.8472281456679462,DEV
AS,2025-05-20,stop,0.9442851456839171,1.7362662356123446,0.013449023624197674,304,0.4924359999999979,-155.78054399999814,-158.82054399999814,-1.0609216223021796,DEV
ASAN,2024-11-27,target,3.733853144261251,0.10981921012532861,0.005994651086240961,1000,0.09105875000000019,162.1175000000008,152.1175000000008,1.6705423696240118,DEV
ASAN,2024-12-02,stop,1.4489522960321117,1.7833259028087438,0.00596146179401992,1000,0.0897199999999998,-109.71999999999937,-119.71999999999937,-1.3343736067766345,DEV
ASAN,2024-12-12,stop,0.9099333273117273,2.087494103832759,0.015459402151427347,401,0.373653749999999,-157.85515375000085,-161.86515375000084,-1.080288234762807,DEV
ASAN,2024-12-13,target,3.2478917446064957,1.120953787961533,0.0072543369474562126,862,0.17395899999999997,282.66531599999723,274.04531599999723,1.827545571082823,DEV
AVGO,2024-11-26,eod,0.6576523762573189,0.9402373816803734,0.01186995791913155,78,1.9166720070823544,-60.70520643110257,-61.48520643110257,-0.4112711378937345,DEV
AVGO,2024-12-04,target,2.5820797747814255,0.041758702557114814,0.008340548267254815,106,1.4149414722413098,297.8475921151596,296.7875921151596,1.9787977095953935,DEV
AVGO,2024-12-10,target,2.767147137041043,-0.024380150987151333,0.009414580412988127,92,1.6156892045461575,295.44681363649465,294.52681363649464,1.981432072507776,DEV
AVGO,2024-12-12,stop,3.349370051747603,3.3830885422014805,0.004971055679151637,171,0.8761679338334432,-153.24471668551567,-154.95471668551568,-1.0342400113511627,DEV
AVGO,2024-12-13,target,2.3577668787978507,9.24127823083005,0.006341142182664675,111,1.3490743433854107,297.2745042315632,296.16450423156317,1.9777625301770256,DEV
AVGO,2024-12-16,stop,-0.0600139318055867,6.021397824494953,0.008337304400140595,76,1.9690801299737188,-151.17008987800125,-151.93008987800124,-1.0152355404654771,DEV
AVGO,2024-12-17,stop,0.22158420395595427,1.4637762984358689,0.019027415782973456,34,4.399776552513401,-150.27240278545503,-150.61240278545503,-1.006818528087033,DEV
AVGO,2025-08-19,eod,1.650290216820879,0.38597211359170647,0.011985010895072087,42,3.549123885855977,140.50435266650936,140.08435266650937,0.939764808843963,DEV
AVGO,2025-08-20,stop,0.231539616696694,3.3323544834386443,0.007743801217064366,68,2.1866251478546133,-150.05051005411246,-150.73051005411247,-1.013719772696027,DEV
AVGO,2025-08-21,stop_gap,205.22338592144993,124.35370542268582,6.501689422125583e-05,1000,0.018720333826763635,-302.92695959940374,-312.92695959940374,-16.715885651142923,DEV
AVGO,2025-08-27,stop,0.1405470403135951,17.787008768574125,0.0010835660016582625,471,0.3178485848494006,-159.1266834640591,-163.83668346405912,-1.0943845636883867,DEV
AVGO,2025-09-04,stop,0.48517520215631804,1.6462782500518578,0.007940140265384678,62,2.3939591696928915,-149.66546852095814,-150.28546852095815,-1.012531542049579,DEV
AVGO,2025-09-08,stop,1.276526367140122,1.0327825202583207,0.008041129254839153,54,2.76829954485072,-150.5681754219379,-151.1081754219379,-1.0108369775430497,DEV
AVGO,2025-09-09,target,2.9972988805911793,0.6166512659570297,0.0077817144103531355,56,2.6562796146295113,296.3833168385063,295.8233168385063,1.9887060082700796,DEV
AVPT,2024-11-05,stop,0.153062005418413,5.816356205898769,0.002639717171717274,1000,0.032666500000001264,-52.66650000000084,-62.66650000000084,-1.9183720325103213,DEV
AVPT,2024-11-13,stop,0.8855289390857082,2.869113762637743,0.008770336839302442,1000,0.1411585714285728,-161.15857142857593,-171.15857142857593,-1.2125269453805951,DEV
AVPT,2024-11-21,stop,0.0,10.843655059593484,0.0030133802816900983,1000,0.053487499999999244,-73.48750000000237,-83.48750000000237,-1.5608787099790333,DEV
AVTR,2026-07-15,stop,2.033898305084747,1.5819209039548123,0.007835325365205826,1000,0.0884999999999998,-108.49999999999937,-118.49999999999937,-1.3389830508474536,HOLDOUT
AVTR,2026-07-16,target,7.658643326039375,10.72210065645506,0.0014501491400647354,1000,0.016321428571428598,12.642857142857622,2.642857142857622,0.16192560175057613,HOLDOUT
AVTR,2026-07-17,eod,1.2842126140420638,0.6247520825069474,0.013013292037682143,1000,0.14405714285714133,-19.999999999999574,-29.999999999999574,-0.2082506941689798,HOLDOUT
AVTR,2026-07-20,target,3.3392539964474954,0.5825932504440378,0.006501154734411278,1000,0.07037500000000207,120.75000000000458,110.75000000000458,1.5737122557726653,HOLDOUT
AVTR,2026-07-24,stop_gap,-1.586402266289007,18.243626062323862,0.0011078332914887653,1000,0.01260714285714215,-64.9999999999995,-74.9999999999995,-5.949008498583863,HOLDOUT
AVTR,2026-08-03,target,5.030487804878059,0.07621951219513401,0.004721122706009348,1000,0.06559999999999988,111.20000000000019,101.20000000000019,1.5426829268292739,HOLDOUT
BAX,2026-07-21,stop,0.7858675912168113,1.571735182433524,0.004900802640947595,1000,0.10811900350147852,-128.11900350148164,-138.11900350148164,-1.2774720357054796,HOLDOUT
BAX,2026-07-22,stop,3.9072271790533657,2.1918591492250283,0.004745985979195059,1000,0.1048932824489448,-124.89328244894793,-134.89328244894793,-1.2860049690465656,HOLDOUT
BAX,2026-07-23,stop,1.3377926421404587,2.568561872909681,0.004339874593590331,1000,0.09340146598119503,-113.40146598119816,-123.40146598119816,-1.3211941020930353,HOLDOUT
BAX,2026-07-30,stop,7.468254663280478,1.036868377265959,0.012429249390456306,420,0.3567061350420566,-158.21657671766508,-162.41657671766507,-1.084102842796539,HOLDOUT
BAX,2026-07-31,eod,0.6328581733854375,0.7464481019418109,0.011751560224672258,487,0.30800707566977437,19.46873086467622,14.59873086467622,0.09732523198225777,HOLDOUT
BAX,2026-08-03,stop_gap,-1.7279921006076735,30.527860444066985,0.0009469740259740137,1000,0.026031742481837483,-64.98264537367149,-74.98264537367149,-2.8804312821543685,HOLDOUT
BBIO,2024-11-05,stop,0.29336840715624485,9.53447323257761,0.004162006512006507,1000,0.10226049999999987,-122.26050000000299,-132.260500000003,-1.2933684071562643,DEV
BBIO,2024-11-06,stop,0.3991233799219156,1.1610861961364887,0.02141445221445218,272,0.551207999999999,-155.3685760000006,-158.0885760000006,-1.0544259154439035,DEV
BBIO,2024-11-12,target,3.434022257551671,0.6677265500794862,0.018348891481913657,317,0.4717500000000001,292.7494999999991,289.5794999999991,1.9364069952305183,DEV
BBIO,2024-11-18,stop,4.351874726820098,1.9193857965451055,0.0113187782318778,570,0.2631049999999995,-161.3698500000015,-167.06985000000148,-1.1140229186066521,DEV
BBIO,2024-11-21,stop,0.8628665715124337,2.399910919452965,0.010720331809717295,607,0.24696750000000023,-162.04927250000205,-168.11927250000204,-1.121473473230296,DEV
BBIO,2024-11-22,stop,1.0552349546578685,2.4035907300540384,0.014943331143232631,439,0.34115625000000094,-158.5475937500018,-162.93759375000178,-1.0879362462214983,DEV
BBIO,2024-11-25,stop,1.737636519818382,1.433391577445304,0.039883654249292286,130,1.1510462500000003,-152.23601250000044,-153.53601250000045,-1.0260632446350466,DEV
BBIO,2025-01-22,target,2.496785575456768,0.31396704841072165,0.009252455388020405,448,0.33442999999999756,290.6892799999996,286.2092799999996,1.9102951290255172,DEV
BBIO,2025-01-23,stop_gap,-0.5907172995780723,6.970464135021076,0.008365099534095739,506,0.29625000000000057,-166.97999999999914,-172.03999999999914,-1.1476793248945067,DEV
BBIO,2025-01-24,stop,0.15558552017426366,5.082460325692404,0.005263991263991197,777,0.19281999999999755,-165.361139999995,-173.131139999995,-1.1555855201742373,DEV
BBIO,2025-01-27,target,2.2461491636515856,0.36334765882599,0.008197680940775852,495,0.3027403571428522,289.8129535714256,284.86295357142563,1.9009051839565607,DEV
BBIO,2025-01-28,stop,-0.2603170987659318,2.2777746142019377,0.008574707031249898,488,0.30731749999999636,-159.73093999999628,-164.61093999999628,-1.0976189120372135,DEV
BBIO,2025-01-29,stop,4.5269461077846715,12.407185628743063,0.0016503280891769414,1000,0.059642857142854666,-79.64285714285069,-89.64285714285069,-1.5029940119760021,DEV
BBIO,2025-01-31,stop,10.372570776621105,1.8018080691782996,0.005683622632556995,730,0.20534928571428424,-164.5049785714246,-171.8049785714246,-1.1460925461495737,DEV
BBIO,2025-02-03,target,6.234130111198677,0.8230452674897105,0.008710341671751061,525,0.2855249999999998,289.3012500000019,284.0512500000019,1.894930391384306,DEV
BBIO,2025-10-22,stop,4.0994880076665785,1.1180421839090577,0.0052169706508656604,532,0.2817425,-160.5270099999979,-165.84700999999788,-1.1064802079913254,DEV
BBIO,2025-10-23,stop,0.6574362524518175,2.1287642782970173,0.008171019138304841,346,0.43334999999999724,-156.85909999999768,-160.3190999999977,-1.0692281066112757,DEV
BBIO,2025-10-28,stop,0.7641259478899411,1.4839547393804586,0.01428785601265817,166,0.9029924999999963,-153.21675499999992,-154.87675499999992,-1.033222867299566,DEV
BBIO,2025-10-31,stop,2.07938280137757,1.3610505609017003,0.008375603625712519,283,0.5290031250000027,-155.36788437499962,-158.19788437499963,-1.0567104400375629,DEV
BBIO,2025-11-03,eod,1.501407462252469,0.13298180379950536,0.018637240166293603,128,1.165573000000002,69.1200000000008,67.8400000000008,0.4547119742821817,DEV
BBIO,2025-11-04,stop,1.9279135298818695,1.3165183640853535,0.0068176716552900305,360,0.41609749999999224,-156.99509999999577,-160.59509999999577,-1.0720984865325953,DEV
BBIO,2025-11-07,stop,0.6601785610923214,2.0024373417018437,0.013081634741322925,187,0.7990262500000043,-153.15790875000005,-155.02790875000005,-1.0375457001569044,DEV
BBIO,2025-11-10,stop,0.08842815552471546,1.340026664489965,0.011809141296489746,204,0.7350600000000043,-154.03224000000006,-156.07224000000005,-1.0408129948575569,DEV
BBIO,2026-06-22,stop,0.8954226528567053,5.2388907450719255,0.0055262186115213035,400,0.37412499999999227,-157.650000000001,-161.650000000001,-1.0801871032409245,HOLDOUT
BBIO,2026-06-29,stop,-0.07449524813437687,3.7769090804120644,0.009488037178399737,223,0.6711837499999973,-154.1339762500017,-156.36397625000168,-1.0446971488806314,HOLDOUT
BBIO,2026-07-01,stop,1.4258604963252548,4.948574663717246,0.0032179824561402695,629,0.23845249999999396,-162.56662250000264,-168.85662250000263,-1.12581122026404,HOLDOUT
BBIO,2026-07-07,stop,-0.006494261015172416,3.0815905209256944,0.010268829682902892,191,0.7853087499999987,-153.8139712500017,-155.7239712500017,-1.0382015353833896,HOLDOUT
BBIO,2026-07-08,target,4.224731490434278,2.733649787928082,0.004415900476774549,438,0.3420335714285727,290.8614085714252,286.4814085714252,1.912289311617251,HOLDOUT
BBIO,2026-07-09,target,2.7884100917808903,5.63855620035395,0.0054116598919761606,308,0.4859399999999994,293.17903999999646,290.0990399999965,1.9382639832077824,HOLDOUT
BBIO,2026-07-10,target,5.173235095419602,0.5285696727928717,0.005100918671736778,337,0.4445960714285775,292.9177521428578,289.5477521428578,1.932523020494504,HOLDOUT
BBIO,2026-07-13,eod,1.861027382552468,0.8141994798667002,0.009341617214127174,193,0.7737661538461538,-52.110000000001975,-54.040000000001974,-0.36186643549632697,HOLDOUT
BBWI,2024-11-05,stop_gap,2.082695252679888,6.186830015313831,0.0026195442875481837,1000,0.07623190046647821,-104.05355028463603,-114.05355028463603,-1.4961394060323776,DEV
BBWI,2024-11-07,stop,4.836544535691663,3.1783006948831396,0.0022713657967895562,1000,0.06758438960378044,-87.58438960378356,-97.58438960378356,-1.4438894865497909,DEV
BBWI,2024-11-12,target,7.56114497338192,7.993210400432271,0.0014681029405101283,1000,0.04323087516499058,66.46175032997803,56.46175032997803,1.3060515225401252,DEV
BBWI,2024-11-13,target,3.2970451010887305,0.435458786936226,0.005036027568922194,999,0.15012897644732348,279.9776949417492,269.98769494174917,1.8001718208574518,DEV
BBWI,2024-11-14,stop_gap,5.133020344287867,2.8794992175273166,0.0025236966824645044,1000,0.07459752388286134,-150.74996361315485,-160.74996361315485,-2.154896774664754,DEV
BBWI,2024-11-15,target,2.7849815968416163,1.2699516081597877,0.007175635491606688,715,0.20959032420361368,285.41416361116535,278.2641636111654,1.8568636213814023,DEV
BBWI,2024-11-18,target,2.263540824575562,0.4360950212484961,0.007676493361572334,667,0.2248649260911897,286.62981140564494,279.9598114056449,1.8665865747874029,DEV
BBWI,2024-11-19,target,2.1794406102433537,0.7773338176534677,0.004526471555409466,1000,0.12855523297306348,237.11046594612384,227.11046594612384,1.766637270951941,DEV
BBWI,2024-11-21,stop,1.4938769873899496,5.0088816636015805,0.005683262384361004,940,0.15941856319971848,-168.65344940773832,-178.05344940773833,-1.188183856370725,DEV
BBWI,2024-11-22,eod,0.8559373116335101,0.22905364677516532,0.013374717832957145,384,0.3898825975008151,100.6128878410932,96.7728878410932,0.6463810653983344,DEV
BBWI,2026-05-08,stop,0.530191458026521,1.7083946980854328,0.008705128205128096,902,0.16614823710085957,-167.90570986497815,-176.92570986497816,-1.1805616509899635,HOLDOUT
BBWI,2026-05-11,stop,0.12576144625664087,1.273334643348399,0.01673132561809563,481,0.311313831282618,-159.36195284694077,-164.17195284694077,-1.0963657794335786,HOLDOUT
BBWI,2026-05-12,stop,0.4277121853419636,2.405881042548476,0.015149163066954506,546,0.27460951929020183,-160.8567975324519,-166.31679753245191,-1.1092460307914516,HOLDOUT
BBWI,2026-05-13,stop,-0.12258606213266073,3.3551637279597193,0.013152373169600351,643,0.23314586375666835,-162.77279039553974,-169.20279039553975,-1.1286748111959377,HOLDOUT
BBWI,2026-05-14,target,4.196933010492342,0.9685230024213438,0.008335575888051625,989,0.15158885448467885,280.0627541706917,270.1727541706917,1.8020962682118873,HOLDOUT
BBWI,2026-05-15,stop,1.9200263317897361,1.3440184322527875,0.00900045260039491,980,0.15293258663579223,-169.47393490307945,-179.27393490307946,-1.1961648636169864,HOLDOUT
BBWI,2026-05-19,stop,0.37540221666070844,1.626742938863079,0.012393654732364283,767,0.1955466483506232,-165.32427928492766,-172.99427928492764,-1.1534160787364063,HOLDOUT
BBWI,2026-05-27,target,5.951908740111557,0.6549947417347431,0.008670317460317423,872,0.17184859283075582,282.2639458968354,273.5439458968354,1.825427723871161,HOLDOUT
BBY,2026-05-07,target,2.3859161454713553,-0.3242992819087194,0.0073144696712979605,352,0.4260306153126123,292.8855531800805,289.3655531800805,1.9295825254765258,HOLDOUT
BBY,2026-05-11,target,2.3017319081937835,0.5949300002707901,0.006323951414626985,411,0.36443740671131053,291.34754831669886,287.23754831669885,1.9176813371856731,HOLDOUT
BBY,2026-05-12,stop,1.1427664471073624,1.0475359098483927,0.005485373498171734,482,0.31088787360577186,-159.48795507798013,-164.30795507798013,-1.0964978133500254,HOLDOUT
BBY,2026-05-13,stop,1.852631578947395,2.218442105263171,0.0053346810422281584,511,0.29297623238247184,-159.93085474744106,-165.04085474744107,-1.102397384784551,HOLDOUT
BBY,2026-05-14,target,6.161132339486713,12.35240299230449,0.0012350162089922682,1000,0.0687636804158629,117.52736083172977,107.52736083172977,1.5637231774308082,HOLDOUT
BBY,2026-05-15,stop,1.6630864111981953,3.5637565954245742,0.002241236244231372,1000,0.12461296835385127,-144.6129683538473,-154.6129683538473,-1.240745408734731,HOLDOUT
BBY,2026-05-21,stop,0.1427666130077972,3.0213494358533697,0.008181390193320733,309,0.48387161561920067,-155.69632922633178,-158.7863292263318,-1.0619999169854295,HOLDOUT
BBY,2026-05-27,target,4.574089356892809,4.099739349511382,0.0023063273758357917,1000,0.14563236096081766,271.2647219216393,261.2647219216393,1.7940018289748971,HOLDOUT
BCRX,2025-05-02,target,2.2217795688215363,2.834684277461976,0.007345301069217766,1000,0.06526299999999985,110.52600000000012,100.52600000000012,1.5403214685196873,DEV
BCRX,2025-05-05,target,2.5588536335721215,11.2077789150459,0.009760239760239906,1000,0.09770000000000145,175.40000000000333,165.40000000000333,1.6929375639713498,DEV
BCRX,2025-05-08,stop,1.3103448275862517,3.7931034482759465,0.007304785894206348,1000,0.07249999999999801,-92.49999999999758,-102.49999999999758,-1.4137931034482814,DEV
BCRX,2025-05-13,eod,1.8229166666667063,0.36458333333334125,0.009425625920471114,1000,0.09599999999999831,105.00000000000043,95.00000000000043,0.9895833333333552,DEV
BCRX,2025-05-14,target,2.922482174950906,-0.1145207785210479,0.009049286952758756,1000,0.0908132142857152,161.62642857143084,151.62642857143084,1.6696516004200224,DEV
BCRX,2025-05-15,stop,0.2336338161315478,7.7342246530944,0.007527217834161703,1000,0.07404749999999893,-94.04749999999851,-104.04749999999851,-1.4051453458928391,DEV
BCRX,2025-05-19,stop,0.7090725837085362,2.6944758180924877,0.006926782206006171,1000,0.07051464285714282,-90.51464285714239,-100.51464285714239,-1.4254435502251248,DEV
BCRX,2025-05-20,target,5.833333333333375,6.250000000000111,0.003529411764705842,1000,0.03599999999999959,51.9999999999996,41.9999999999996,1.166666666666669,DEV
BCRX,2026-03-04,stop,1.3726835964310287,2.3061084420041373,0.010700646298472338,1000,0.0910624999999996,-111.06249999999918,-121.06249999999918,-1.329444063143442,HOLDOUT
BCRX,2026-03-05,stop,0.1564737085051303,1.1892001846389701,0.018963946587537132,938,0.15977125000000036,-168.62543249999993,-178.00543249999993,-1.187768450206151,HOLDOUT
BCRX,2026-03-06,stop,1.2626013533508305,1.8149894454418205,0.007551996424314637,1000,0.06336124999999981,-83.36124999999939,-93.36124999999939,-1.4734755075065542,HOLDOUT
BCRX,2026-03-10,stop,0.0,1.730476673427998,0.012944941330926371,1000,0.11268571428571406,-132.68571428571363,-142.68571428571363,-1.2662271805273801,HOLDOUT
BCRX,2026-03-11,target,2.707110031131662,0.631659007264063,0.006488248578119959,1000,0.05540964285714445,90.81928571428932,80.81928571428932,1.4585779937736703,HOLDOUT
BCRX,2026-03-12,target,8.283378746594204,0.0,0.0026890386869870327,1000,0.02293749999999939,25.874999999999204,15.874999999999204,0.6920980926430356,HOLDOUT
BCRX,2026-03-16,target,3.1046258925799566,83.12325364793749,0.0019497578692493453,1000,0.016104999999999592,12.20999999999961,2.20999999999961,0.1372244644520128,HOLDOUT
BCRX,2026-03-18,stop,0.9318788714085329,2.137839763819602,0.010140474866989638,1000,0.09121357142857178,-111.21357142857136,-121.21357142857136,-1.3288984252030105,HOLDOUT
BCRX,2026-03-24,stop,0.5540166204986273,4.764542936288124,0.009450261780104635,1000,0.09024999999999928,-110.24999999999885,-120.24999999999885,-1.332409972299167,HOLDOUT
BMRN,2025-12-04,eod,1.2695449241539876,0.41073512252043665,0.004961328269729624,560,0.2678125000000051,78.40000000000032,72.80000000000032,0.4854142357059439,DEV
BMRN,2025-12-05,eod,1.7712700005904458,0.8974434669658151,0.003975821596244081,708,0.2117124999999973,-120.35999999999618,-127.43999999999618,-0.8502096002833885,DEV
BMRN,2025-12-08,stop,1.070234113712361,1.0033444816053512,0.00845588235294123,334,0.4485000000000028,-156.4789999999996,-159.8189999999996,-1.066889632107014,DEV
BMRN,2025-12-09,stop,-0.0711191185970585,2.0387480664489486,0.007935054552295076,355,0.42182750000000624,-156.84876250000082,-160.39876250000083,-1.0711191185970466,DEV
BMRN,2025-12-15,target,5.5452018963544685,0.0774235736472,0.007210722368917344,392,0.3823124999999976,291.8929999999997,287.9729999999997,1.921530161844051,DEV
BMRN,2025-12-16,stop,1.7209034743240368,1.420745891593117,0.004813035731484107,600,0.24986874999999742,-161.92124999999606,-167.92124999999606,-1.1200630330923589,DEV
BMRN,2025-12-18,stop,0.5538074260541197,1.2208936438011324,0.007680781129156993,377,0.39724999999999966,-157.30324999999837,-161.07324999999838,-1.075519194461916,DEV
BTDR,2026-08-14,stop,1.654956053721315,2.014729108878114,0.01563290213723285,1000,0.13897650000000006,-158.97649999999965,-168.97649999999965,-1.2158638330940814,HOLDOUT
BTDR,2026-08-17,target,3.181818181818195,0.7727272727272845,0.011652542372881297,1000,0.10999999999999943,199.9999999999993,189.9999999999993,1.7272727272727297,HOLDOUT
BTDR,2026-08-18,stop,5.031250442891689,1.9132924219447214,0.007839888888889016,1000,0.07055900000000115,-90.55900000000072,-100.55900000000072,-1.4251760937654883,HOLDOUT
BTDR,2026-08-19,stop,0.1451124319029647,7.028762493273422,0.02394166184134343,725,0.2067362500000005,-164.38378125000006,-171.63378125000006,-1.1451124319029657,HOLDOUT
BTSG,2024-10-21,target,4.3525571273123775,0.8705114254624879,0.003543337446020908,1000,0.05743749999999892,94.87499999999471,84.87499999999471,1.4776931447224602,DEV
BTSG,2024-10-24,stop_gap,13.864370290635087,3.0139935414424475,0.0010519521695805804,1000,0.01658928571428575,-39.99999999999915,-49.99999999999915,-3.0139935414423533,DEV
BTSG,2024-10-25,stop,0.879120879120876,2.4908424908424602,0.004428942245295315,1000,0.06825000000000081,-88.25000000000038,-98.25000000000038,-1.439560439560428,DEV
BTSG,2024-10-30,target,4.0266485840318165,-0.5357679643753385,0.011573381877022651,838,0.17880874999999996,282.9234650000003,274.5434650000003,1.8322229756653432,DEV
BTSG,2024-11-04,stop,1.2172545495393907,1.2581442372500329,0.01139528929851541,786,0.19075714285714795,-165.65511428572074,-173.51511428572076,-1.1572680296562692,DEV
BTSG,2025-01-17,stop,-0.17699115044248528,1.9469026548672754,0.009242093784078479,884,0.16949999999999932,-167.51800000000216,-176.35800000000216,-1.176991150442497,DEV
BTSG,2025-01-29,stop_gap,-0.2232981886795339,1.8608182389960453,0.014474197371256242,446,0.3358737500000011,-171.71000000000228,-176.1700000000023,-1.176037127045516,DEV
BTSG,2025-01-30,stop,2.7547469751831604,8.24940386823255,0.003348620922980939,1000,0.08087857142857402,-100.87857142857715,-110.87857142857715,-1.3709264329241635,DEV
BTSG,2025-01-31,target,3.8877755511022656,1.1623246492986048,0.005203336809176175,1000,0.1247499999999988,229.4999999999945,219.4999999999945,1.759519038076125,DEV
BTSG,2025-05-02,stop,0.6176752653565515,3.234667836998753,0.015442018072289095,487,0.3076049999999988,-159.54363500000093,-164.41363500000094,-1.0975276734773598,DEV
BTSG,2025-05-06,stop,0.6980802792320877,10.226876090750302,0.006974196689386655,1000,0.14325000000000188,-163.250000000005,-173.250000000005,-1.2094240837696526,DEV
BTSG,2025-05-09,stop,1.7676035931613896,2.810779484207455,0.007679127725856747,869,0.1725500000000011,-167.32595000000367,-176.01595000000367,-1.173862648507696,DEV
BTSG,2025-05-13,stop,0.626283651233695,13.00459581679363,0.006082063634326666,1000,0.13572124999999957,-155.7212500000027,-165.7212500000027,-1.2210412886707367,DEV
BTSG,2025-05-15,stop,1.174369781695906,2.2522160196907977,0.013322117445349422,482,0.310805000000002,-159.44801000000245,-164.26801000000245,-1.0965235437010437,DEV
BTSG,2025-05-19,stop_gap,6.202775682246055,4.526349822179431,0.0012357719968035885,1000,0.029825357142854614,-65.00000000000128,-75.00000000000128,-2.514638790099764,DEV
BTSG,2025-05-20,stop,0.9325899645210707,1.4191586416624513,0.005177934075162598,1000,0.12331249999999727,-143.3125000000004,-153.3125000000004,-1.2432843385707353,DEV
BULL,2025-04-24,target,9.18191232309292,-1.1762512944425416,0.009972461273666014,724,0.2069285714285698,285.15257142856683,277.9125714285668,1.8550224370037809,DEV
BULL,2025-04-28,target,4.293390821623748,-0.3555036986057885,0.0316970528748916,273,0.5485174999999991,294.0305549999987,291.30055499999867,1.9453071232914116,DEV
BULL,2025-04-30,stop,3.0605256876702382,7.432705241484858,0.011395246568378216,936,0.16010321428571395,-168.57660857142787,-177.93660857142788,-1.18737912373491,DEV
BULL,2025-07-08,target,2.067220005032871,1.6013676095325058,0.013338113730929272,873,0.1717282142857144,282.37746214285767,273.64746214285765,1.8253053516873654,DEV
BULL,2025-07-11,stop,3.1960227272727946,1.399565508021389,0.005699273780705502,1000,0.07180799999999898,-91.80799999999856,-101.80799999999856,-1.4177807486631016,DEV
BULL,2025-07-15,target,3.2914822509258395,0.45524342877787866,0.011022062044522347,1000,0.13838750000000033,256.7750000000011,246.7750000000011,1.783217414867676,DEV
BULL,2025-07-16,stop,-0.28490155448111115,5.83043059547595,0.011913580683865312,1000,0.14426035714285668,-164.26035714285626,-174.26035714285626,-1.207957339037304,DEV
BULL,2025-07-24,target,2.072374925845354,0.2689341506822245,0.036708768873403144,237,0.632125000000002,294.8872500000007,292.5172500000007,1.9525410322325472,DEV
BULL,2025-07-28,eod,1.3824862737799224,0.20398558913069495,0.017033771800311286,558,0.2686464285714294,17.521199999999805,11.941199999999805,0.0796586059743939,DEV
BULL,2026-08-05,target,2.1701781354552834,0.6329686228411263,0.0073825100133511476,1000,0.055295000000000094,90.59000000000061,80.59000000000061,1.4574554661361874,HOLDOUT
BULL,2026-08-06,stop,1.3326368084947637,1.3326368084947637,0.012875634866163313,1000,0.09379899999999974,-113.79899999999932,-123.79899999999932,-1.3198328340387386,HOLDOUT
BULL,2026-08-07,stop,0.038981795501500015,1.4423264335555281,0.017691724137931013,1000,0.12826499999999985,-148.26499999999942,-158.26499999999942,-1.2338907730090019,HOLDOUT
BULL,2026-08-10,stop,2.3802776990649606,1.0201190138849774,0.005997620666213309,1000,0.04411249999999889,-64.11249999999846,-74.11249999999846,-1.6800793425899763,HOLDOUT
BULL,2026-08-11,stop,1.895472584753334,14.216044385649864,0.004378198478561489,1000,0.03165437499999957,-51.65437499999914,-61.65437499999914,-1.9477362923766457,HOLDOUT
BULL,2026-08-12,stop,-0.011427794027624297,2.4874498333446597,0.013800749508088466,1000,0.10500714285714352,-125.0071428571431,-135.0071428571431,-1.2856948506904233,HOLDOUT
BULL,2026-08-17,stop,0.32056859710021124,1.9875253020214372,0.009657762052189257,1000,0.07798642857142823,-97.98642857142781,-107.98642857142781,-1.38468231652027,HOLDOUT
BULL,2026-08-18,stop_gap,0.46171604463255794,3.2320123124278783,0.008266539440203505,1000,0.06497499999999956,-119.99999999999922,-129.9999999999992,-2.0007695267410552,HOLDOUT
BWA,2026-02-13,stop,3.7220584237710304,1.7313844802710427,0.009235805330243216,252,0.5930359746335512,-154.48506560765748,-157.00506560765749,-1.0505871503302104,HOLDOUT
BWA,2026-02-17,eod,1.2161881494455407,0.4025411480559176,0.018530114267576534,129,1.1583019468706581,61.40732044473,60.11732044473,0.40233528152194903,HOLDOUT
BWA,2026-02-18,target,3.2822792044622933,0.9834066098972883,0.006264441155292548,386,0.3883844383778836,292.11278642772766,288.25278642772764,1.9227569463769112,HOLDOUT
BWA,2026-02-19,target,2.2320630915173365,0.912616929044025,0.007429723878768064,332,0.4511217716407927,292.9048563694877,289.5848563694877,1.9334991084760067,HOLDOUT
BWA,2026-02-20,stop,0.36629356996403367,1.4399515982656208,0.00911343781015278,284,0.5270450711539851,-155.36080020773065,-158.20080020773065,-1.0569211280817215,HOLDOUT
BWA,2026-02-23,eod,0.30030623333003226,0.9325298824459182,0.010859723652591963,238,0.6276585751944808,16.489742851985113,14.109742851985114,0.09445363478623839,HOLDOUT
BWA,2026-02-27,stop,2.257398485891299,3.028217481073671,0.0031493844286457026,832,0.1801813509900967,-166.55088402375713,-174.87088402375713,-1.1664989180908345,HOLDOUT
BZ,2026-08-17,stop,1.411764705882376,6.274509803921658,0.0020604395604395236,1000,0.03187499999999943,-51.874999999999005,-61.874999999999005,-1.9411764705882386,HOLDOUT
BZ,2026-08-18,stop,1.4000000000000106,1.0999999999999983,0.006361323155216262,1000,0.09999999999999964,-119.99999999999922,-129.9999999999992,-1.2999999999999967,HOLDOUT
BZ,2026-08-20,stop,0.4286410131514917,1.96460464361099,0.0089844205858326,1000,0.1399772727272719,-159.97727272727147,-169.97727272727147,-1.214320506575741,HOLDOUT
BZ,2026-08-21,stop,0.0,2.1305132834665947,0.008802561075288306,1000,0.13846428571428504,-158.4642857142846,-168.4642857142846,-1.2166623678101605,HOLDOUT
BZ,2026-08-28,target,3.6692223439211333,-0.2738225629792117,0.005077864293659643,1000,0.09130000000000038,162.59999999999764,152.59999999999764,1.6714129244249398,HOLDOUT
BZ,2026-08-31,stop,3.3577069318514914,1.0646387832700148,0.003494766538555787,1000,0.0610535714285696,-81.05357142857272,-91.05357142857272,-1.4913717461246638,HOLDOUT
BZ,2026-09-02,eod,0.9011776753712308,0.4915514592934004,0.010495485812553603,819,0.1830937499999976,102.37499999999709,94.18499999999709,0.6280935313193267,HOLDOUT
BZ,2026-09-03,eod,1.2412295067836485,0.1379143896426249,0.008543004418262242,1000,0.14501750000000158,114.99999999999844,104.99999999999844,0.7240505456237853,HOLDOUT
CAI,2025-07-29,stop,4.359216629445169,1.72865487029722,0.004813727517055979,1000,0.13305142857142727,-153.0514285714304,-163.0514285714304,-1.2254767222127039,DEV
CAI,2025-07-30,stop,-0.4050810668485041,8.29065916816613,0.006559720992028265,810,0.18514812499999778,-166.16998125000072,-174.2699812500007,-1.16203242673942,DEV
CAI,2025-08-01,stop,1.079515760073326,2.3475183988896386,0.0105666304544632,514,0.29179750000000126,-160.26391500000227,-165.40391500000226,-1.1028110247688996,DEV
CAI,2025-08-04,stop,1.8396600035771056,6.012962789469625,0.010581560922855131,511,0.2935325000000013,-160.21510750000226,-165.32510750000228,-1.1022033335320722,DEV
CAI,2025-08-06,target,4.560465481994088,-0.34596634690989386,0.01067662860980511,471,0.3179499999999962,290.0888999999949,285.3788999999949,1.9056455417518368,DEV
CAI,2025-08-15,stop,3.3481835786622307,1.0074180679160563,0.009178581141458444,444,0.33749642857142703,-158.72841428571184,-163.16841428571183,-1.0888898295219942,DEV
CCJ,2025-10-22,stop,0.5935497282526853,3.11134938196975,0.012834044196373792,143,1.0425022149596828,-151.9378167392361,-153.3678167392361,-1.028776917276066,DEV
CCJ,2025-10-24,stop,3.5926892950392575,8.60574412532651,0.002747331573510795,627,0.2389027769275458,-162.33204113357763,-168.60204113357764,-1.1255740949763369,DEV
CCJ,2025-10-27,target,2.132262918649844,0.48398258967211866,0.012642354124748487,137,1.0929204014552312,296.72018999873194,295.35018999873193,1.972550608479753,DEV
CCJ,2025-10-29,stop,1.7099804720229876,4.459629071035994,0.006893648623161098,205,0.7295604233328987,-153.65988678324635,-155.70988678324636,-1.0411206516150635,DEV
CCJ,2025-10-31,target,2.172607256508214,0.16969056676650265,0.013567536846161373,106,1.4056675126473266,295.88151268123215,294.82151268123215,1.978657826456051,DEV
CCJ,2025-11-03,stop,1.594874424247835,1.579203245793241,0.007413291039629846,199,0.7514892183834547,-153.52635445830953,-155.51635445830954,-1.039920732415222,DEV
CCJ,2025-11-06,target,4.259372049199561,0.613153366007595,0.00664593860364014,245,0.6103859874019122,294.1891338269345,291.7391338269345,1.9508507721029047,DEV
CCJ,2025-11-07,stop_gap,1.1775383497034075,8.349044472265257,0.006711838050673267,255,0.5869310988190222,-314.3137958039765,-316.86379580397653,-2.1171192381868655,DEV
CCJ,2025-11-10,eod,1.3938818944075533,0.8420728736634309,0.010273817426948568,154,0.9730516280005759,98.20579452731235,96.66579452731234,0.6450839260737516,DEV
CCJ,2025-11-11,eod,1.1989100817438778,0.9678474114441475,0.01247077692600433,131,1.144612512632392,-75.18157186348908,-76.49157186348909,-0.5101334489049513,DEV
CEG,2024-12-18,stop,9.106490181097058,3.5104383918061535,0.004146324757053072,156,0.9588967033467668,-152.70788572209278,-154.26788572209279,-1.031285955927552,DEV
CEG,2024-12-19,eod,1.848353882233839,0.036646244762515955,0.012186713947477019,54,2.777268702746767,267.0336719424456,266.4936719424456,1.7769501359567081,DEV
CEG,2024-12-23,stop,0.5269168459352543,2.7068228295222316,0.010553444100632251,64,2.3298816700759346,-150.39242688485865,-151.03242688485864,-1.0128761904028387,DEV
CEG,2024-12-26,stop,0.46728436773450405,1.5938061915178814,0.0047766313624228035,138,1.0805458187930128,-151.87532299343326,-153.25532299343325,-1.0277637463198852,DEV
CEG,2024-12-27,target,6.0062983109074075,2.598503128706399,0.0026998395841909555,247,0.6051888229504812,294.0232785375422,291.55327853754216,1.9504286945457407,DEV
CEG,2024-12-30,stop,0.09878035316880684,3.137728865362332,0.007696735241502818,88,1.703854910443738,-151.69923211904734,-152.57923211904733,-1.0176071329877312,DEV
CEG,2024-12-31,eod,1.437940726343509,0.6676153372309096,0.006061278713726569,111,1.3494890077932666,126.35694563832908,125.24694563832908,0.8361319396381661,DEV
CEG,2025-01-07,eod,1.260757316796796,0.27090415043829946,0.022965222716945795,25,5.843323183292512,33.43621501126677,33.18621501126677,0.22717357209441547,DEV
CELH,2024-09-24,target,2.3177050064585445,0.36906130676092286,0.010966531755915427,425,0.35224500000000347,290.90825000000314,286.65825000000314,1.9148320061320976,DEV
CELH,2024-09-25,target,2.287330269697034,-0.33389080819993366,0.010609423258745655,445,0.33663699999999963,290.7069299999983,286.2569299999983,1.9108832362455608,DEV
CELH,2024-09-26,eod,1.848207190605452,0.7436691284744658,0.011142788228087916,427,0.3510969999999993,72.12029999999879,67.8502999999988,0.4525814803316391,DEV
CELH,2024-10-01,target,2.2048329150056514,1.0761684466099017,0.012144764105833643,393,0.3809812500000014,291.59126249999986,287.66126249999985,1.9212559673212186,DEV
CELH,2024-10-02,target,3.640768393750523,0.07664775565790388,0.00834187751187422,574,0.2609339285714256,288.0721499999948,282.3321499999948,1.8850283665131298,DEV
CELH,2024-10-03,stop,1.8024263431542544,1.2478336221837107,0.007202896138482001,693,0.21637499999999932,-163.8078750000017,-170.7378750000017,-1.1386481802426494,DEV
CELH,2024-10-04,stop,0.5153838283165394,2.5466024457993983,0.01103181438127105,454,0.32985125000000437,-158.83246750000342,-163.3724675000034,-1.090950087349988,DEV
CELH,2024-10-07,target,5.2653615336793305,-0.24106474491543603,0.006606068225630658,761,0.19704249999999845,284.67868499999526,277.06868499999524,1.847748582158654,DEV
CELH,2024-10-08,target,5.643454600423604,5.643454600423547,0.0021534288194443216,1000,0.06201874999999646,104.03749999998979,94.03749999998979,1.5162753199636425,DEV
CELH,2024-10-09,stop_gap,0.010179597178799467,5.334108921689823,0.00946433241119231,545,0.27505999999999986,-161.974000000002,-167.424000000002,-1.1168472333309236,DEV
CELH,2024-10-10,stop,-0.24683951146346853,3.6203128347975353,0.02242370079950781,205,0.729218749999994,-153.58984374999795,-155.63984374999797,-1.0411399185772394,DEV
CELH,2025-02-04,target,4.496983832671891,0.7383107784983683,0.00631575879610008,1000,0.1489887500000009,277.97749999999866,267.97749999999866,1.7986425149549685,DEV
CELH,2025-02-05,stop,2.0603281001940554,1.721644028929268,0.007819741778856741,846,0.17715624999999946,-166.79418750000218,-175.2541875000022,-1.1693420356324047,DEV
CELH,2025-02-06,stop,5.39056450071914,1.2872989852463599,0.0055166999556146845,1000,0.12429124999999885,-144.29125000000198,-154.29125000000198,-1.2413685597337174,DEV
CELH,2025-02-11,stop,0.2552421569577773,5.5604019256244355,0.007204776647501011,969,0.15475499999999798,-169.33759500000107,-179.02759500000107,-1.193854802752761,DEV
CELH,2025-02-12,target,5.7363070585365215,2.480565214502299,0.003004258433695039,1000,0.06450142857143248,109.00285714286184,99.00285714286184,1.5348940222807708,DEV
CELH,2025-02-13,stop,0.26587612831181795,4.697144933508826,0.013184681000233652,531,0.282086249999999,-160.40779875000112,-165.71779875000112,-1.1063504513247393,DEV
CELH,2025-02-14,target,2.8786475856947766,-0.11001200964439051,0.011805086580086561,550,0.2726974999999996,288.9672499999978,283.4672499999978,1.8899879903556018,DEV
CELH,2025-02-20,stop,0.9472172418140741,9.041619126407124,0.004654494703693231,1000,0.11612964285714611,-136.12964285714924,-146.12964285714924,-1.2583319750402302,DEV
CELH,2025-02-24,stop_gap,1.0424977394819475,2.824530610073927,0.014874208860759483,319,0.4700249999999997,-159.49999999999886,-162.68999999999886,-1.0850486676240556,DEV
CELH,2025-07-29,stop,0.4298357597562023,5.329963420976899,0.00619796994884903,515,0.2908087499999965,-160.06650624999617,-165.21650624999617,-1.103160582341475,DEV
CELH,2025-07-31,stop,11.546548099128378,2.136973081032676,0.0030943899317405145,1000,0.14506499999999534,-165.06499999999136,-175.06499999999136,-1.2068038465515252,DEV
CELH,2025-08-01,stop,0.5362813485177432,2.2791957312004665,0.011823233695652219,287,0.522114000000002,-155.58671799999942,-158.45671799999943,-1.057458715912609,DEV
CELH,2025-08-06,target,3.138980254460555,4.797309445496281,0.004014375721757921,888,0.16884464285713818,282.10808571428095,273.22808571428095,1.822321872389049,DEV
CELH,2025-08-07,target,3.404670550395167,0.7778240336860774,0.012108424837860562,238,0.6285483333333417,294.4290066666716,292.04900666667163,1.9522709735925976,DEV
CELH,2025-08-08,target,2.3407470613566543,0.5281184707890216,0.009674838460796512,299,0.5015919999999952,293.9720159999983,290.9820159999983,1.9401904336592362,DEV
CELH,2025-08-14,stop,-0.1770640610545971,5.488985892691935,0.00352633255603554,758,0.1976685714285722,-164.99277714285472,-172.57277714285473,-1.1517691951896187,DEV
CELH,2025-08-15,stop_gap,-0.2915307018270342,3.1803349290221963,0.006667587029510524,397,0.3773187500000006,-178.6499999999983,-182.6199999999983,-1.2191283894585017,DEV
CELH,2026-02-10,stop,3.0069614225259684,1.681443734228793,0.008588341941604245,368,0.4073879999999974,-157.2787839999976,-160.9587839999976,-1.0736398715720548,HOLDOUT
CELH,2026-02-11,eod,1.6321793221015186,-0.10363043314930072,0.01712833370312847,194,0.7719740000000002,135.80000000000055,133.86000000000055,0.8938124859127415,HOLDOUT
CELH,2026-02-12,stop,1.708760779637463,2.4463553607759465,0.009192620635100065,368,0.40672750000000235,-157.0357199999994,-160.7157199999994,-1.0737594581138377,HOLDOUT
CELH,2026-02-17,stop,0.858628022564652,1.033858231251305,0.013167463247412421,262,0.5706778571428544,-154.7575985714268,-157.3775985714268,-1.052569062605992,HOLDOUT
CELH,2026-02-23,stop,-0.009829362270966953,3.056931666273502,0.010441958329056722,294,0.5086799999999982,-155.4319199999983,-158.3719199999983,-1.0589761736258476,HOLDOUT
CELH,2026-02-27,target,2.5779495027016988,0.29727369386227015,0.014779380636848952,186,0.8029637500000035,294.9825150000021,293.12251500000207,1.9626384130043282,HOLDOUT
CELH,2026-03-03,stop,0.4867273668670294,2.555318676051892,0.012154462587908615,260,0.5752707142857147,-154.7703857142848,-157.3703857142848,-1.052149360735746,HOLDOUT
CELH,2026-08-06,target,2.0845914152515714,-0.24090759036047452,0.024989838829755168,241,0.620985000000001,294.49476999999973,292.0847699999997,1.9516896543394717,HOLDOUT
CELH,2026-08-10,stop,0.07519443131526132,2.6944671221300935,0.0152538984624627,375,0.3989657142857119,-157.11214285714314,-160.86214285714314,-1.0751944313152662,HOLDOUT
CELH,2026-08-11,stop,-0.0738411966748938,7.0641411485662395,0.007591129908955025,738,0.2031386363636365,-164.67631363636605,-172.05631363636604,-1.1476823933498324,HOLDOUT
CELH,2026-08-12,stop,0.40449643455964734,1.3178754803395234,0.014095732940960082,391,0.3831924999999998,-157.64826750000117,-161.55826750000116,-1.0782896324954252,HOLDOUT
CELH,2026-08-18,stop,1.3051826462280638,2.1105081087943156,0.006046052000383743,833,0.18005142857142786,-166.64284000000202,-174.97284000000204,-1.1666190612206218,HOLDOUT
CELH,2026-08-20,stop,-0.15057325388801912,4.182590385778151,0.009339308035714478,501,0.2988578571428633,-159.7477864285743,-164.7577864285743,-1.1003821692586742,HOLDOUT
CHRW,2025-07-30,stop_gap,3.5767511177346436,2.011922503725782,0.004094584286804037,380,0.39463060618126633,-203.15093376344436,-206.95093376344437,-1.3800443044702955,DEV
CHRW,2025-08-01,target,2.2235570510228153,1.7693174875003521,0.006407028803316918,210,0.7118923921310056,294.7948046950202,292.6948046950202,1.9578587995438366,DEV
CHRW,2025-08-05,stop,0.3793648735224232,7.099542633062761,0.0016021440355252288,829,0.18086641032728323,-166.5182541613263,-174.8082541613263,-1.1658682778395633,DEV
CHRW,2025-08-06,stop,0.027245172495969555,5.285563464223585,0.00316438917148037,416,0.35977205908719156,-157.98517658027595,-162.14517658027594,-1.0833861308633188,DEV
CHRW,2025-08-07,stop,2.268273780645289,1.2601521003584533,0.003351444378748297,385,0.38892336313922726,-157.43549480860645,-161.28549480860644,-1.0771360191834782,DEV
CHRW,2025-08-08,target,4.1693548387097445,-0.23655913978493057,0.0028625513643288536,452,0.33148757019414177,290.62476345549953,286.10476345549955,1.9094988690452552,DEV
CHRW,2025-08-11,stop_gap,3.0144307856762995,1.4751469802244954,0.002008976506463872,654,0.2292454882366144,-234.2436964653317,-240.7836964653317,-1.6060110606073814,DEV
CHRW,2025-08-15,stop,0.41620869055470033,1.0669011504360106,0.007054025555141949,179,0.8360537555530243,-153.23362224399318,-155.02362224399317,-1.0358828601638972,DEV
CHRW,2025-08-18,target,2.2724651548225694,15.339139795052517,0.000686112283416496,1000,0.08195460503698371,143.90921007395718,133.90921007395718,1.633943693750069,DEV
CHRW,2025-10-23,target,2.1636345948049107,0.8249829749975472,0.005068940350323577,237,0.632789478025586,295.2022125841254,292.8322125841254,1.9525908678291943,DEV
CHRW,2025-10-31,stop,1.7438323758026189,1.6559648529908833,0.009637808611816887,102,1.4572811074647802,-150.68267296140573,-151.70267296140574,-1.0205862821155849,DEV
CHRW,2025-11-04,stop_gap,5.737666913946285,7.418397626112074,0.0011289191311176022,882,0.16995276171846285,-343.42284923483095,-352.24284923483094,-2.3498783176682694,DEV
CHRW,2025-11-05,stop_gap,0.8649789280201687,3.4931841323892834,0.001966538155988635,506,0.2960712140273074,-164.6243014528743,-169.6843014528743,-1.1326480028670585,DEV
CHRW,2025-11-06,target,8.014581107410493,0.33184589277858045,0.0032674141613272226,306,0.4897515997870414,293.6079790696749,290.5479790696749,1.9387444573677213,DEV
CIFR,2026-07-16,eod,1.724679906728402,0.7713203935423046,0.028773286894540777,281,0.5328525000000006,218.89899999999898,216.08899999999898,1.4431761134647871,HOLDOUT
CIFR,2026-07-28,stop,-0.24033659139625085,2.7037866532078207,0.03503857894736839,225,0.6657329999999995,-154.28992500000058,-156.53992500000058,-1.0450631108868018,HOLDOUT
CIFR,2026-07-31,stop,1.6971634835125882,1.2676623056999912,0.02059396621078031,322,0.46542363636363504,-156.30641090909148,-159.52641090909148,-1.0644574053745826,HOLDOUT
CIFR,2026-08-17,stop,1.0182386576603022,4.043181570475667,0.007385175895576334,1000,0.13434964285714557,-154.3496428571487,-164.3496428571487,-1.223297951241316,HOLDOUT
CIFR,2026-08-18,target,4.701771031735763,0.7460362567138793,0.01768259966777415,493,0.3041407142857153,290.02274428571377,285.09274428571376,1.901361446886652,HOLDOUT
CIFR,2026-08-19,stop,0.812652587575367,3.140420168935314,0.023905745801778105,413,0.36300875000000055,-158.18261375000006,-162.31261375000005,-1.0826426360246124,HOLDOUT
CIFR,2026-08-24,stop,0.3703489381401491,1.6434234129969305,0.028573082010582094,347,0.4320250000000012,-156.85267500000026,-160.32267500000026,-1.0694404259012775,HOLDOUT
CIFR,2026-08-25,stop,0.33609572006107113,1.9493551763542116,0.02375712916913827,403,0.37191785714285963,-157.94289642857296,-161.97289642857297,-1.0806629728146606,HOLDOUT
CIFR,2026-08-26,stop,4.300430043004373,8.300830083008501,0.003123711340206131,1000,0.049994999999999123,-69.99500000000047,-79.99500000000047,-1.6000600060006376,HOLDOUT
CIFR,2026-08-28,target,3.539659805973085,0.2498583392451532,0.015046119763695047,624,0.24013607142857296,287.2098171428593,280.9698171428593,1.8750708303774224,HOLDOUT
CIFR,2026-08-31,stop,0.4300880776168368,2.7855237176492027,0.016700426260320766,602,0.24878624999999843,-161.8093224999988,-167.82932249999882,-1.1205854423224748,HOLDOUT
CIFR,2026-09-01,stop,1.8462693955584248,5.39132512845022,0.004986568109389057,1000,0.07322875000000018,-93.22874999999975,-103.22874999999975,-1.409675161736333,HOLDOUT
CIFR,2026-09-04,stop,2.3437499999999654,1.3454861111110723,0.006512153759186066,1000,0.11520000000000152,-135.20000000000465,-145.20000000000465,-1.2604166666666903,HOLDOUT
CLF,2024-11-05,stop_gap,2.764573959405859,5.077788905031178,0.007513459092836031,1000,0.08862125000000098,-205.00000000000006,-215.00000000000006,-2.4260546990704563,DEV
CLF,2024-11-07,eod,0.9591693593348053,0.7433562534844822,0.01546264367816104,719,0.2085137500000016,89.875,82.685,0.551522381617515,DEV
CLF,2024-11-08,stop,2.349124175590365,1.1524005389688627,0.008647604446148037,1000,0.11280800000000113,-132.8080000000007,-142.8080000000007,-1.265938585915886,DEV
CLF,2024-11-11,target,2.8590054745242,0.4948278705907265,0.007121434164895444,1000,0.09094071428571482,161.88142857143006,151.88142857143006,1.6701147529395197,DEV
CLF,2024-11-13,target,3.3539461272402953,2.0962163295251752,0.004005457598656638,1000,0.04770500000000055,75.41000000000153,65.41000000000153,1.3711351011424542,DEV
CLF,2024-11-14,target,3.813850911593268,0.37309411091673145,0.010127036104114234,1000,0.12061300000000053,221.22600000000148,211.22600000000148,1.751270592722182,DEV
CLF,2024-11-15,target,7.0647756363995535,-0.5591048245580917,0.005761006564551415,1000,0.06581949999999992,111.63900000000027,101.63900000000027,1.5442080234580997,DEV
CLF,2024-11-18,eod,0.8813738584513543,0.8135758693397246,0.01326411870503593,1000,0.14749699999999955,-130.0000000000008,-140.0000000000008,-0.9491718475630095,DEV
CLF,2024-11-20,stop_gap,-1.0205011389521643,12.628701594532767,0.0033921617110713514,1000,0.039196428571429465,-74.99999999999929,-84.99999999999929,-2.168564920273281,DEV
CLF,2024-11-25,stop,0.39605921085201445,5.940888162780357,0.006093825422365238,1000,0.0757462499999999,-95.74624999999948,-105.74624999999948,-1.3960592108520173,DEV
CLF,2025-02-05,eod,1.1879674117401353,0.7896386045539994,0.016228218862295744,877,0.17096428571428568,48.23499999999975,39.46499999999975,0.26321286818466516,DEV
CLF,2025-02-11,target,2.7407987470634287,-0.13703993735317213,0.02140821458507962,587,0.25539999999999985,288.09960000000007,282.22960000000006,1.8825371965544258,DEV
CLF,2025-02-14,stop,1.2094196513416011,1.485858428791103,0.012765549183943492,1000,0.14469749999999948,-164.69749999999905,-174.69749999999905,-1.207329083087128,DEV
CLF,2025-02-18,stop,-0.30672494440609016,4.075059975681101,0.009849697885196353,1000,0.11410874999999976,-134.10874999999933,-144.10874999999933,-1.2629070952052286,DEV
CLF,2025-02-20,target,3.7511455913382843,0.45468431410160043,0.0072825434602648625,1000,0.08797312499999954,155.9462499999995,145.9462499999995,1.6589867644237972,DEV
CLF,2025-02-21,target,4.887968151832496,-0.07637450237238105,0.010975167644593505,1000,0.13093375000000052,241.86750000000146,231.86750000000146,1.7708764928828553,DEV
CLF,2025-02-24,eod,0.4082612872238159,0.9606147934678176,0.018647559337214646,720,0.2082000000000015,-3.6000000000005627,-10.800000000000562,-0.07204610951008969,DEV
CLF,2025-02-25,stop,0.3908089186317234,3.3218758083696356,0.026173745737944492,558,0.26867350000000023,-161.0798129999999,-166.6598129999999,-1.1116596910376333,DEV
CLF,2025-05-23,stop,18.353434714210266,13.459185457087546,0.002984973390378883,1000,0.020432142857143454,-40.43214285714303,-50.43214285714303,-2.4682747771368003,DEV
CLF,2025-05-28,stop,3.4063951012794393,1.41933129219976,0.011419078490391258,1000,0.07045571428571407,-90.45571428571364,-100.45571428571364,-1.4257993876599235,DEV
CLF,2025-05-29,eod,1.7430445571535673,0.41139544874549255,0.01640989326419645,1000,0.0974731250000005,19.899999999999807,9.899999999999807,0.10156645742095328,DEV
CLF,2025-05-30,stop,1.8794132650778073,3.8841207478274655,0.006994929260047629,1000,0.03990607142857172,-59.906071428571295,-69.9060714285713,-1.7517653060311105,DEV
CLF,2025-06-03,stop,0.0,5.866172005675937,0.023429977711738402,951,0.15768374999999946,-168.97724624999907,-178.48724624999906,-1.1902542272111087,DEV
CLF,2025-06-04,stop,1.8287266837348166,6.583416061445353,0.0036699904122722096,1000,0.02734142857142796,-47.341428571427535,-57.341428571427535,-2.0972360102408785,DEV
CLF,2025-06-09,target,2.2601089908946785,5.2735876454209025,0.005423457144710072,1000,0.0418121428571423,63.62428571428502,53.62428571428502,1.282505082255668,DEV
CLF,2025-06-10,stop,1.8455947074022112,5.820721769499328,0.004466582117945536,1000,0.035219000000000555,-55.21900000000013,-65.21900000000014,-1.8518129418779383,DEV
CLF,2025-06-12,stop,4.076245660021437,1.810029661309165,0.0037643855251497096,1000,0.02718187500000102,-47.181875000000595,-57.181875000000595,-2.1036766227494774,DEV
CLF,2026-07-15,stop,3.113213195234378,1.1590732203795693,0.008508914926133492,1000,0.08351500000000023,-103.5149999999998,-113.5149999999998,-1.3592169071424234,HOLDOUT
CLF,2026-07-16,target,182.83464566930738,74.80314960630665,0.0001316744427164212,1000,0.0012699999999998823,-17.45999999999981,-27.45999999999981,-21.62204724409634,HOLDOUT
CLF,2026-07-17,stop,1.2230341524578616,1.6546932650900692,0.007461007591442451,1000,0.06949928571428643,-89.499285714286,-99.499285714286,-1.431659112632185,HOLDOUT
CLF,2026-07-20,target,5.333333333333325,0.0,0.007825203252032528,1000,0.07218750000000007,124.37500000000057,114.37500000000057,1.5844155844155907,HOLDOUT
CLF,2026-07-21,stop,0.3774486984310576,2.7050490054226355,0.008691197375615228,1000,0.07948100000000125,-99.48100000000082,-109.48100000000082,-1.3774486984310603,HOLDOUT
CLF,2026-07-22,stop,2.3549201009251433,1.569946733950049,0.005386590154032068,1000,0.05095714285714337,-70.95714285714294,-80.95714285714294,-1.5887300252312726,HOLDOUT
CLF,2026-07-24,target,10.44183895700866,46.77943852739883,0.001041415522276846,1000,0.011971071428572344,3.9421428571451145,-6.0578571428548855,-0.5060413496820425,HOLDOUT
CLSK,2026-07-15,target,2.08456680481547,1.332149200710482,0.029006082289803215,370,0.40535999999999994,292.5664000000001,288.8664000000001,1.925991711071641,HOLDOUT
CLSK,2026-07-16,eod,1.7086715079026067,0.9682471878114788,0.032489822353811974,341,0.43893749999999976,201.18999999999994,197.77999999999994,1.3213726327780155,HOLDOUT
CLSK,2026-07-22,stop,0.7706068528966582,1.6788220723819969,0.011905307994757553,825,0.18167500000000025,-166.38187499999987,-174.63187499999987,-1.1651300399064237,HOLDOUT
CLSK,2026-07-28,stop,-0.12749156364418376,3.155416200193616,0.024626864207221447,478,0.3137462500000012,-159.53070750000037,-164.31070750000038,-1.0956186727331385,HOLDOUT
CLSK,2026-07-29,target,4.23479837221863,0.5133607482232873,0.018233521840873634,641,0.23375374999999998,286.8523075000003,280.44230750000025,1.871659812944179,HOLDOUT
CLSK,2026-07-31,stop,3.991212624306158,1.0799751806946076,0.007573536882747405,1000,0.10648392857142852,-126.4839285714281,-136.4839285714281,-1.2817326558333715,HOLDOUT
CMCSA,2026-06-22,stop_gap,2.0402112573430617,2.2512675943095957,0.0031735240646827002,1000,0.07011573867165666,-98.92464516129706,-108.92464516129706,-1.553497791293018,HOLDOUT
CMCSA,2026-06-24,eod,0.8388179119886335,0.41940895599431677,0.01366666666666663,490,0.3057935297279144,9.536537561835239,4.6365375618352385,0.030943498259054316,HOLDOUT
CMCSA,2026-06-26,stop,-0.05479559286876119,2.684984050568509,0.008027113638505775,833,0.18004332055767946,-166.6360860245496,-174.9660860245496,-1.1666265646905363,HOLDOUT
CMCSA,2026-07-06,eod,1.18995002209907,0.9956724674706553,0.008774387385467767,728,0.20589100000000116,47.319999999998345,40.039999999998344,0.2671316376140648,HOLDOUT
CMCSA,2026-07-07,target,6.615805055795899,-0.2452569066096665,0.0034105873215032824,1000,0.08154714285714348,143.09428571428384,133.09428571428384,1.632114640085454,HOLDOUT
CMCSA,2026-07-09,stop,0.28999516674722553,5.17158047365866,0.004522404371584798,1000,0.10345000000000226,-123.45000000000539,-133.4500000000054,-1.2899951667472447,HOLDOUT
CNH,2026-07-14,target,3.2159598822631597,0.16352338384389573,0.00868244202555609,1000,0.09173000000000009,163.4600000000006,153.4600000000006,1.6729532323122256,HOLDOUT
CNH,2026-07-20,target,2.3135693532766375,0.053803938448302335,0.008854692710814755,1000,0.09293000000000085,165.86000000000212,155.86000000000212,1.677176369310241,HOLDOUT
CNH,2026-07-21,stop,0.5947218436377091,3.9648122909181307,0.004904594069032518,1000,0.050443749999999454,-70.44374999999903,-80.44374999999903,-1.5947218436377133,HOLDOUT
CNH,2026-07-23,stop,2.355831524391221,1.0769515540074228,0.006903694237918317,1000,0.07428375000000109,-94.28375000000067,-104.28375000000067,-1.4038568327527774,HOLDOUT
CNH,2026-07-27,target,3.356705952558599,0.7459346561241449,0.006044183949503971,1000,0.06702999999999903,114.0599999999985,104.0599999999985,1.552439206325526,HOLDOUT
CNH,2026-07-28,stop,0.24345709068775234,1.898965307364579,0.00913183637172077,1000,0.10268750000000004,-122.68749999999962,-132.6874999999996,-1.292148508825315,HOLDOUT
CNH,2026-07-29,eod,1.3194693438508511,0.8031552527787806,0.01592622201918677,860,0.1743124999999992,141.9000000000008,133.3000000000008,0.8892076012907947,HOLDOUT
CNH,2026-07-30,eod,1.8473282442748464,0.39185750636133043,0.008588286713286588,1000,0.08931818181818052,60.0000000000005,50.0000000000005,0.5597964376590467,HOLDOUT
CNH,2026-07-31,stop,0.9177388327068458,2.6120259084732607,0.006960810810810601,1000,0.07082624999999787,-90.82624999999744,-100.82624999999744,-1.4235717689416068,HOLDOUT
COHR,2026-08-05,stop,2.2489243952776636,1.0398252580316063,0.008656709658952688,51,2.894717142857189,-148.65057428571572,-149.1605742857157,-1.0103637068906741,HOLDOUT
COHR,2026-08-10,target,3.1805678773593655,0.5800625841905465,0.021956456783056806,19,7.6715860000000475,291.14026800000215,290.95026800000215,1.9960894657245605,HOLDOUT
COHR,2026-08-12,stop,0.1890226402300949,3.570620332419758,0.01688729610214642,26,5.766504999999938,-150.44912999999792,-150.7091299999979,-1.0052024579879808,HOLDOUT
COHR,2026-08-21,eod,1.9295003033291354,-0.13489426899380114,0.01987186919829192,25,5.856438571428612,129.2500000000004,129.0000000000004,0.8810815544405671,HOLDOUT
COHR,2026-08-24,stop,0.8528562109775643,4.2941012021247715,0.01262874708141872,44,3.3534374999999272,-148.431249999996,-148.871249999996,-1.0089460441710878,HOLDOUT
COMP,2025-01-13,target,3.944328618921607,3.8034597396744094,0.006767206863679509,1000,0.035493999999999026,50.98799999999848,40.98799999999848,1.1547867245168086,DEV
COMP,2025-01-14,stop,-0.5760368663594538,5.963133640552979,0.007948717948717968,1000,0.043400000000000105,-63.39999999999968,-73.39999999999968,-1.691244239631325,DEV
COMP,2025-01-17,eod,1.0326086956521654,0.8152173913043451,0.013519470977222708,1000,0.09200000000000053,25.000000000000355,15.000000000000355,0.16304347826087248,DEV
COMP,2025-01-29,target,4.519863342462614,1.1271423327780348,0.006064471719565544,1000,0.04427125000000043,68.54250000000128,58.54250000000128,1.3223593189711318,DEV
COMP,2025-02-03,stop,0.5344837459675109,2.214289804722543,0.009281892274982323,1000,0.06548375000000028,-85.48374999999986,-95.48374999999986,-1.458128925115001,DEV
COMP,2025-02-05,stop,2.3927339019467326,1.7090956442476777,0.005902200019214138,1000,0.04388285714285711,-63.882857142856686,-73.8828571428567,-1.6836382576990598,DEV
COMP,2025-02-10,stop,1.3160708704163844,2.136970075838604,0.008159328859060332,1000,0.06078699999999948,-80.78699999999905,-90.78699999999905,-1.4935265764061367,DEV
COMP,2025-02-13,stop,2.2038567493112895,4.6280991735537045,0.0030270180120080016,1000,0.02268749999999997,-42.687499999999545,-52.687499999999545,-2.3223140495867596,DEV
COMP,2025-02-14,stop,-0.05796261411389581,2.3185045645558735,0.011159443725743757,1000,0.08626249999999924,-106.26249999999882,-116.26249999999882,-1.3477756846833773,DEV
COMP,2025-02-18,stop,0.698184719728705,2.393776181926981,0.006365714285714315,1000,0.05013000000000023,-70.1299999999998,-80.1299999999998,-1.5984440454817361,DEV
COMP,2025-02-20,target,3.66317569154167,1.5028413093504416,0.0054429959100206335,1000,0.05323250000000179,86.46500000000401,76.46500000000401,1.436434508993593,DEV
COMP,2025-02-21,target,24.79586676926438,0.28932615147848867,0.0033543906122786397,1000,0.032489285714286,44.97857142857242,34.97857142857242,1.07661866549414,DEV
COMP,2025-02-25,stop,0.37321281952107777,1.9339209738818848,0.016221133736928937,1000,0.14736899999999942,-167.368999999999,-177.368999999999,-1.2035706288296706,DEV
COMP,2025-12-26,target,2.5777777777777855,0.8888888888888643,0.0053091080698442995,1000,0.056250000000000355,92.50000000000114,82.50000000000114,1.4666666666666777,DEV
COMP,2025-12-29,stop,0.8776829170988425,4.7075720098938145,0.005970938542163017,1000,0.06266500000000086,-82.66500000000043,-92.66500000000043,-1.4787361365993643,DEV
COMP,2025-12-30,stop,1.2535612535612504,3.7606837606837913,0.004152863227638418,1000,0.043874999999999886,-63.87499999999946,-73.87499999999946,-1.6837606837606758,DEV
COMP,2026-01-02,eod,1.0239519425221517,0.8191615540177359,0.013793903013182713,1000,0.1464912500000004,99.99999999999964,89.99999999999964,0.6143711655132944,HOLDOUT
COMP,2026-01-05,stop_gap,-1.0987460815047245,6.8965517241380585,0.00609360076408775,1000,0.06379999999999875,-144.99999999999957,-154.99999999999957,-2.4294670846395396,HOLDOUT
COMP,2026-01-06,stop,1.311303435615015,5.545239968528766,0.009183526011560595,1000,0.095324999999999,-115.32499999999857,-125.32499999999857,-1.3147128245475992,HOLDOUT
COMP,2026-01-07,stop,1.0772653518676443,4.754018835415939,0.018461182138224935,702,0.21350357142857135,-163.9195071428568,-170.9395071428568,-1.140512871982735,HOLDOUT
COMP,2026-01-08,target,2.8999797001420844,7.887944784386466,0.007399785407725359,1000,0.08620750000000044,152.4150000000013,142.4150000000013,1.6520024359829548,HOLDOUT
COMP,2026-01-09,stop,0.12115093387178283,1.1206461383139814,0.03854085603112844,302,0.4952500000000004,-155.6055,-158.62550000000002,-1.0605754669358902,HOLDOUT
COMP,2026-01-12,eod,0.7750034899225544,0.8423950977419054,0.01224815753788094,1000,0.1483864285714276,-115.00000000000021,-125.00000000000021,-0.8423950977419068,HOLDOUT
COMP,2026-01-13,stop,2.357615419950222,1.0785851921229723,0.008610740116709217,1000,0.10476687500000104,-124.76687500000061,-134.7668750000006,-1.286350051006096,HOLDOUT
COMP,2026-01-14,stop,1.9851116625310168,5.624483043837877,0.006262950683796121,1000,0.0755625000000002,-95.56249999999977,-105.56249999999977,-1.3970223325061968,HOLDOUT
CPRI,2025-04-11,stop,0.04128453894016584,2.1467960248886673,0.01698607493488287,619,0.2422214285714297,-162.31506428571473,-168.50506428571472,-1.1238536168204984,DEV
CPRI,2025-04-15,target,9.435788251233935,-0.5322752346849886,0.007158295808798039,1000,0.1033299999999997,186.65999999999983,176.65999999999983,1.7096680538081905,DEV
CPRI,2025-04-16,stop,4.383947705766694,2.4268281942637073,0.009413319823139197,1000,0.1277387499999989,-147.73874999999848,-157.73874999999848,-1.234854341380355,DEV
CPRI,2025-04-17,stop,0.38746357644696433,5.8119536467044455,0.006718562397067352,1000,0.09033107142857055,-110.33107142857013,-120.33107142857013,-1.3321116369545347,DEV
CPRI,2025-04-22,stop,0.12140623103028075,4.208749342382903,0.00895305383022776,1000,0.12355214285714311,-143.55214285714268,-153.55214285714268,-1.242812462060549,DEV
CPRI,2025-04-24,stop,-0.05858966310943609,3.193136639464335,0.01186091531817726,878,0.1706785714285708,-167.41578571428477,-176.19578571428477,-1.1757689893283094,DEV
CPRI,2025-04-29,stop,1.5520282186949002,3.386243386243394,0.007183277027026999,1000,0.10631249999999959,-126.31249999999916,-136.31249999999915,-1.2821869488536124,DEV
CPRI,2025-04-30,stop,0.6442705936493306,7.639208467556318,0.00764064697609007,1000,0.1086500000000008,-128.65000000000038,-138.65000000000038,-1.2761159687068508,DEV
CPRI,2025-07-29,target,4.741429401510721,0.46484601975596146,0.00554445876288661,1000,0.10756250000000023,195.12499999999733,185.12499999999733,1.721092388146398,DEV
CPRI,2025-07-30,target,3.205233033524174,0.7849550286181451,0.00808007399577157,981,0.1528749999999981,280.3207499999932,270.5107499999932,1.803761242845439,DEV
CPRI,2025-07-31,stop,0.39946961177597046,1.6448748720186752,0.011707408135193406,704,0.21278214285714014,-163.87862857142886,-170.91862857142885,-1.1409892747444734,DEV
CPRI,2025-08-01,stop,2.022445533916628,4.17129391370302,0.004621036381842378,1000,0.07911214285714152,-99.11214285714465,-109.11214285714465,-1.379208537609407,DEV
CPRI,2025-08-04,stop,0.8974383986577658,8.58419337846542,0.007445816385822147,1000,0.12814249999999916,-148.1425000000023,-158.1425000000023,-1.2341143648672637,DEV
CPRI,2025-08-06,stop,0.2816816393871474,3.6336931480941477,0.01764466770803735,422,0.3550107142857115,-158.2545214285716,-162.4745214285716,-1.084504491816152,DEV
CPRI,2025-08-07,stop,0.7369875633348786,2.1700189364860107,0.02472039473684198,307,0.48847499999999755,-156.10182500000022,-159.1718250000002,-1.0614156302779125,DEV
CPRI,2025-08-11,target,2.3604075043144106,0.6457718643879058,0.011346008084891375,668,0.22453750000000028,286.6220999999983,279.9420999999983,1.86639202805766,DEV
CPRI,2025-08-14,stop,0.425387102263082,5.459134479042651,0.003356687291765774,1000,0.07052399999999892,-90.52400000000205,-100.52400000000205,-1.4253871022631102,DEV
CPRI,2025-08-15,target,2.007682458386735,4.158770806658208,0.0033205782312924455,1000,0.06973214285714135,119.46428571427958,109.46428571427958,1.5697823303456566,DEV
CPRI,2025-08-18,eod,1.3891472868217012,0.04911627906975838,0.00974202513291452,744,0.20156250000000142,126.47999999999863,119.03999999999863,0.7937984496123883,DEV
CRCL,2026-07-14,stop_gap,22.800617370566773,91.55324821104422,0.00046826544021016903,1000,0.028507999999995093,-139.99999999999346,-149.99999999999346,-5.26168093166898,HOLDOUT
CRCL,2026-07-15,stop,1.9455299763309744,1.1557603819788016,0.015907423012103673,144,1.0382775000000066,-152.39196000000243,-153.83196000000243,-1.0288940095494798,HOLDOUT
CRCL,2026-07-16,stop,12.735108427120489,4.886082898709857,0.002906030631780473,823,0.18215000000000003,-166.36944999999676,-174.59944999999675,-1.1646994235519956,HOLDOUT
CRCL,2026-07-17,stop,-0.02328029306563287,4.9043817391598115,0.0108773830626199,232,0.6443217857142898,-154.1226542857143,-156.4426542857143,-1.0465605861312577,HOLDOUT
CRCL,2026-07-20,stop,0.7922860364255024,7.5464311159376525,0.011748801300284545,207,0.7228450000000066,-153.76891500000056,-155.83891500000055,-1.0415026734638764,HOLDOUT
CRCL,2026-07-21,stop,0.6529674746729017,1.2009351544235212,0.021739246736571873,98,1.5238125000000053,-151.29362500000153,-152.27362500000152,-1.0196874615479332,HOLDOUT
CRCL,2026-07-22,target,5.365198275316839,0.8056102673463347,0.008778478811943375,249,0.6020280769230766,294.8299823076896,292.3399823076896,1.9501684370713435,HOLDOUT
CRCL,2026-07-23,target,2.009234752033393,0.25579103958579485,0.01828579839849259,128,1.164622499999993,295.5833599999987,294.30335999999875,1.9742405801021397,HOLDOUT
CRCL,2026-07-28,stop,-0.15498551949019035,3.409681428784149,0.01765170046132389,136,1.0968766666666667,-151.89522666666613,-153.25522666666615,-1.0273503857923827,HOLDOUT
CRCL,2026-07-30,stop,0.24827339156527192,6.951654963827508,0.006513288902236128,372,0.40278178571428214,-157.27482428571147,-160.99482428571147,-1.0744820174695706,HOLDOUT
CRCL,2026-07-31,stop,1.373496896166335,1.508153454614007,0.024468863261943932,100,1.4852599999999967,-150.52599999999927,-151.52599999999927,-1.0201984837671492,HOLDOUT
CRCL,2026-08-19,stop,0.6029421874852605,5.565595305656725,0.012191654253074183,161,0.9272862499999945,-152.51308625000075,-154.12308625000077,-1.0323524693696366,HOLDOUT
CRCL,2026-08-24,stop_gap,1.316104968695873,4.109774273571051,0.011275081019869947,150,0.9946775000000088,-163.63500000000286,-165.13500000000286,-1.1067908945361782,HOLDOUT
CRCL,2026-08-26,target,5.338043435675777,0.6529716740887892,0.009995931465868886,163,0.9188759999999974,296.2935759999975,294.6635759999975,1.96735141629555,HOLDOUT
CRCL,2026-09-01,stop,0.7793757825757757,1.6327069313813587,0.019644803308001817,85,1.7578170000000028,-151.11444500000113,-151.96444500000112,-1.0170666229761178,HOLDOUT
CRDO,2026-08-04,target,5.7000395991009425,4.3168597355226375,0.007637459533140215,83,1.7929699999999968,295.973020000001,295.143020000001,1.9832679855212403,HOLDOUT
CRDO,2026-08-10,stop,4.4701785110897525,2.468619560458391,0.01260219209350825,46,3.202153999999979,-148.2190839999982,-148.6790839999982,-1.0093686936980488,HOLDOUT
CRDO,2026-08-17,stop,-0.02318460793752066,2.5132115004266757,0.0156616064944497,34,4.313206428571448,-147.3290185714286,-147.6690185714286,-1.0069553823812505,HOLDOUT
CRDO,2026-08-20,stop,0.7927799234448539,1.0949639718276523,0.017998849516596853,36,4.137213750000001,-149.65969499999937,-150.0196949999994,-1.0072512569600693,HOLDOUT
CRDO,2026-08-24,stop,0.0414717876644486,4.718567840932644,0.010171783454417655,69,2.1701500000000067,-151.1203499999992,-151.8103499999992,-1.013823929221474,HOLDOUT
CRM,2026-08-17,eod,1.3116625892464702,0.48625497856800826,0.006383253904081209,122,1.2236378571428475,86.01000000000153,84.79000000000153,0.5679785043777689,HOLDOUT
CRM,2026-08-24,eod,1.2827623809005044,0.7865497726509291,0.0045048852244043425,158,0.947174642857135,185.6500000000018,184.07000000000178,1.229973805554813,HOLDOUT
CRM,2026-08-25,target,3.4022745701008588,0.7197119282905583,0.0029554080744739392,245,0.6113557142856791,294.66429999998724,292.21429999998725,1.950928732162037,HOLDOUT
CRM,2026-08-26,stop,1.0087596590707282,4.712799032221174,0.003118419759154612,236,0.6344425000000058,-154.44842999999707,-156.8084299999971,-1.0472856090189129,HOLDOUT
CRM,2026-09-02,eod,1.8646933920134028,-0.06270650344823751,0.011687516875602814,49,3.0299887500000295,112.70000000000056,112.21000000000056,0.7557783836656123,HOLDOUT
CRM,2026-09-03,stop,0.05944876051882133,1.9618090971211037,0.007982578430282524,71,2.1026510714285678,-150.70822607142702,-151.41822607142703,-1.0142677025245086,HOLDOUT
CRM,2026-09-04,target,10.7359949332288,4.363911609549772,0.000993637759017615,579,0.25894199999999046,288.2748359999995,282.48483599999946,1.8841439395695447,HOLDOUT
CRWV,2026-07-15,target,3.813161557119552,0.40637798719630336,0.01148052114051989,167,0.8981785714285735,296.65164285714184,294.9816428571418,1.9665990695454971,HOLDOUT
CRWV,2026-07-16,stop,1.4707963359343632,1.7270714550744288,0.012227152588555733,167,0.8974729999999909,-153.21799100000018,-154.88799100000017,-1.0334271894530649,HOLDOUT
CRWV,2026-07-20,target,3.5981382022238337,0.06214909243302665,0.014556328116921582,133,1.1214966666666584,295.65811333332977,294.3281133333298,1.9732500319513417,HOLDOUT
CRWV,2026-07-28,stop,0.8191273937784318,2.5621766483797135,0.015883503855844878,144,1.0401312500000017,-152.65890000000172,-154.09890000000172,-1.0288425138654473,HOLDOUT
CRWV,2026-07-29,target,3.4252886022437794,0.9191913717413699,0.01787887596899227,130,1.1531875000000014,297.22874999999993,295.9287499999999,1.9739851498563734,HOLDOUT
CRWV,2026-08-05,stop,3.1908583351220305,1.890280633971034,0.006746111327364777,242,0.6189557142857183,-154.6272828571463,-157.04728285714629,-1.048468734204402,HOLDOUT
CRWV,2026-08-07,stop_gap,-0.3589383819936293,5.624020007059342,0.00700476330421826,244,0.6134757692307744,-161.0888000000008,-163.52880000000079,-1.0924636857953727,HOLDOUT
CRWV,2026-08-11,stop,1.0291788729712221,1.4335570285717074,0.013907285715524182,121,1.2339934615384607,-151.73320884615498,-152.943208846155,-1.0243113119599583,HOLDOUT
CRWV,2026-08-12,stop,0.25569698120181034,1.2621638221025144,0.01727063059556246,81,1.8381132142857126,-150.50717035714354,-151.31717035714354,-1.0163210839065036,HOLDOUT
CRWV,2026-08-14,eod,0.9773770906180258,0.7717908750052644,0.028151091081593888,50,2.967124999999996,5.999999999999517,5.499999999999517,0.037072924126887306,HOLDOUT
CRWV,2026-08-20,target,2.9393626062757527,0.67501020185873,0.008936687688511094,184,0.814802499999999,296.16731999999774,294.32731999999777,1.9631812617167839,HOLDOUT
CRWV,2026-08-21,target,2.3607014375248427,0.8098040274253643,0.0113391396293617,147,1.018765000000002,296.5769099999991,295.10690999999906,1.970552580820886,HOLDOUT
CRWV,2026-08-24,stop,1.0554632120418108,5.759765905334283,0.006421126174336999,277,0.5399524999999983,-155.10684250000236,-157.87684250000237,-1.0555604428167484,HOLDOUT
CSCO,2026-05-07,stop,1.4370639677704593,2.026628672496791,0.0029498550724637957,554,0.27037519772338214,-160.86785953875938,-166.40785953875937,-1.1109569230188892,HOLDOUT
CSCO,2026-05-12,stop,1.5123174274684619,1.3212878576829818,0.006363198946515348,239,0.6258337653927839,-154.35426992887778,-156.74426992887777,-1.0479360521258894,HOLDOUT
CSCO,2026-05-18,stop,0.5473708814964255,1.81963833578542,0.011577605549370535,111,1.3468783571232308,-151.72349764067974,-152.83349764067975,-1.02227372638468,HOLDOUT
CSCO,2026-05-19,target,2.0239417499691568,0.9338763420955246,0.008668906196508008,148,1.0090999732644264,295.7335920862687,294.25359208626867,1.9702705373155835,HOLDOUT
CSCO,2026-05-20,stop,1.6248282192568413,1.2344474133315002,0.008213818355143471,158,0.9442600396397296,-152.3530862630789,-153.9330862630789,-1.031770909220575,HOLDOUT
CSCO,2026-05-26,stop,0.45650475379470756,1.1939355099246083,0.0072658402789588785,176,0.8511334219287647,-153.3194822594644,-155.07948225946438,-1.0352471178161784,HOLDOUT
CSCO,2026-05-28,eod,0.6428491477995337,0.6023912490460459,0.010344736842105308,122,1.223859064565076,10.929983126093987,9.709983126093986,0.0650320187414759,HOLDOUT
CSTM,2026-02-11,target,5.902955413010111,-0.04919129510840769,0.004054407658556055,1000,0.10164400000000029,183.28799999999745,173.28799999999745,1.7048522293494643,HOLDOUT
CSTM,2026-02-12,target,5.479665304533939,0.6849581630667396,0.006436623246492999,934,0.1605937500000003,281.30912499999766,271.9691249999977,1.8131932282545054,HOLDOUT
CSTM,2026-02-13,stop,0.3441904934172221,2.8940942389436635,0.012724517755370415,516,0.29024624999999915,-160.0870650000012,-165.2470650000012,-1.1033605085337133,HOLDOUT
CSTM,2026-02-17,stop,0.8383791336749039,4.0055891942245125,0.011903969838101526,558,0.2683749999999989,-160.91325000000114,-166.49325000000115,-1.111783884489998,HOLDOUT
CSTM,2026-02-20,stop,0.471507476761419,1.9197090125286158,0.011754552652414887,505,0.2969200000000001,-160.04460000000162,-165.09460000000163,-1.1010373164488858,HOLDOUT
CSTM,2026-02-24,target,2.39934141084281,0.5738743693359819,0.014367245779348252,409,0.36593374999999995,291.15380749999866,287.0638074999987,1.9180179472377086,HOLDOUT
CSTM,2026-02-27,eod,1.2466237274049452,0.6323453689735276,0.011089861751152036,542,0.27674749999999904,24.389999999997073,18.96999999999707,0.12646907379468547,HOLDOUT
CSTM,2026-03-03,stop_gap,1.0481695568400786,5.694712053093523,0.009513238289205745,642,0.23355000000000103,-163.71000000000163,-170.13000000000162,-1.1346606722329322,HOLDOUT
CVNA,2024-10-15,stop,1.0348683346309464,1.6115751464995836,0.008176381211851139,480,0.31211699999999354,-159.416159999995,-164.216159999995,-1.0961178019780937,DEV
CVNA,2024-10-16,stop,0.18874953433501013,4.763442195455027,0.005289118327028274,745,0.2013250000000042,-164.88712500000017,-172.33712500000016,-1.149012790264475,DEV
CVNA,2024-10-18,stop,11.664789114992619,1.9494579068892977,0.0016302360112537095,1000,0.0625815000000074,-82.58150000000342,-92.58150000000342,-1.4793748951366215,DEV
CVNA,2024-10-23,target,2.1877742918565493,0.7458321449510839,0.009137096163553775,414,0.36201175000000063,291.46572900000217,287.3257290000022,1.9171297616721115,DEV
CVNA,2024-10-29,stop,0.3781114885032158,4.739342629869045,0.00471683442867259,776,0.1930647499999978,-165.3382459999952,-173.09824599999519,-1.1553882829465054,DEV
CVNA,2024-11-01,stop,13.783138674240925,2.0933623885737798,0.0037729909971969057,826,0.18152614285713753,-166.4605939999923,-174.7205939999923,-1.1652654517294858,DEV
CVNA,2025-07-29,eod,0.7419692502540738,0.7405341066365542,0.020968834637375748,107,1.3935887499999922,-92.02000000000146,-93.09000000000145,-0.6242874736180373,DEV
CVNA,2025-07-30,stop_gap,1.3910546213301924,7.777939818190436,0.0030115202702703596,747,0.20056725000000597,-225.59400000001563,-233.06400000001562,-1.5555879636381893,DEV
CVNA,2025-07-31,stop,2.2522207010729534,1.5326817154318864,0.019572641050886668,95,1.570449999999994,-151.0927500000004,-152.04275000000038,-1.0191028049285302,DEV
CVNA,2025-08-01,stop,1.6925650368309784,2.356502244767288,0.009898975633783296,204,0.7349791428571422,-154.0157451428591,-156.05574514285908,-1.0408174848110503,DEV
CVNA,2025-08-04,target,2.5242938644469546,1.8506077205591642,0.011867285887274233,173,0.8624193999999932,294.93711239999584,293.2071123999958,1.9652141405909807,DEV
CVNA,2025-08-06,target,2.407182245802836,4.768308708841628,0.004657533462990354,460,0.32569199999998943,290.4366399999856,285.83663999998555,1.9078884344717977,DEV
CVNA,2025-08-12,eod,1.368767700082705,0.1500215120132359,0.020302245895457458,107,1.399799250000001,-10.058000000000888,-11.128000000000888,-0.07429636785418212,DEV
CVNA,2025-08-13,stop,0.8372333362767187,1.8085548240665184,0.008838276101283533,245,0.6115380000000101,-154.726810000005,-157.176810000005,-1.0490566407974808,DEV
CVNA,2025-08-14,stop,3.2588373353489324,1.2208674983964467,0.0033364288099142613,652,0.22983657142856373,-162.89344457143022,-169.41344457143023,-1.1305275301208304,DEV
CVNA,2025-08-15,stop,-0.5555877443693056,8.157488489412472,0.004650000738138138,476,0.31498175000000117,-159.45131300000543,-164.21131300000542,-1.0952436133204864,DEV
CVS,2025-02-05,target,2.8496636465002743,0.27757471035203407,0.0034663487245669925,817,0.1835942356734961,283.65298109049587,275.48298109049585,1.836596176944531,DEV
CVS,2025-02-06,eod,1.2310296408855408,0.5653266889297408,0.007770614882266461,374,0.4008662423808005,35.110966924778424,31.370966924778422,0.20924583274907638,DEV
CVS,2025-02-07,eod,0.597246088164662,0.9819130602029206,0.00911400959498102,320,0.4687414368828655,49.780597222738834,46.58059722273883,0.3105429878123494,DEV
CVS,2025-02-10,stop,0.3826299319750654,1.1977980479219101,0.011216700877029202,263,0.5703406836747718,-155.25959980646394,-157.88959980646393,-1.0526001403349003,DEV
CVS,2025-02-11,target,2.5304136253040674,0.25026068821689995,0.006542204839003216,439,0.34128289573637005,290.86638245653467,286.4763824565347,1.912096385799627,DEV
CVS,2025-02-12,stop,1.4877838993885986,4.52534269397364,0.005149680766161263,489,0.3061723951978834,-159.49830125176305,-164.38830125176304,-1.0979840131590133,DEV
CVS,2025-02-20,stop_gap,22.216695681009266,3.536986377076298,0.0006855015911501359,1000,0.04292904696443145,-143.36955661392636,-153.36955661392636,-3.572628964742674,DEV
CVS,2025-02-21,stop,0.5580269561896508,1.0183991950461058,0.011245862096015134,220,0.6802514259027888,-154.05531369861265,-156.25531369861264,-1.0441013408537612,DEV
CVS,2025-02-24,stop_gap,1.6011860637509174,4.210526315789448,0.002674464710547208,937,0.16002454971636126,-171.15056028842977,-180.52056028842978,-1.2039278697587665,DEV
CVS,2025-02-25,target,2.897779897110455,0.9898913943884513,0.006458718313195956,386,0.38807672837995,291.87523430932293,288.0152343093229,1.9226956995714921,DEV
CYTK,2025-08-19,target,6.408354595620947,0.10171991421622158,0.0050505608356879875,762,0.19661833333333334,284.40634000000307,276.78634000000307,1.847420128675712,DEV
CYTK,2025-08-20,stop,1.923454367026494,1.4131501472031305,0.00674120137602544,588,0.25475000000000136,-161.55299999999846,-167.43299999999846,-1.1177625122669121,DEV
CYTK,2025-08-22,stop_gap,-4.575340608689743,14.064935945231444,0.0023364920153095036,1000,0.08851800000000054,-662.5000000000014,-672.5000000000014,-7.597324837886049,DEV
CYTK,2025-08-25,target,5.878921150652925,0.9424224745321506,0.005816496998172849,673,0.22283000000000186,286.46918000000517,279.73918000000515,1.8653682179239968,DEV
CYTK,2025-08-29,target,2.0612738181416965,0.3335337349545424,0.014044492693686073,294,0.5093937499999939,293.64352499999757,290.70352499999757,1.9411064623388166,DEV
CYTK,2025-09-03,target,4.4534830405662955,8.139124177586636,0.0033410760096752143,921,0.16279392857142483,281.4464164285682,272.23641642856825,1.8157179431490058,DEV
CYTK,2025-09-04,target,2.2479992511048583,0.47167254888757965,0.015029743685946215,197,0.7611212500000022,295.94177250000166,293.97177250000163,1.9605844666667813,DEV
CYTK,2025-09-08,target,4.4141918220262335,13.359766399406723,0.0024391853263457906,1000,0.12799624999999537,235.99249999999472,225.99249999999472,1.7656181333437728,DEV
CYTK,2025-09-09,stop,1.48180055998279,1.1876803790652595,0.011319972693582923,258,0.5803749999999965,-154.89674999999806,-157.47674999999808,-1.0516907172086947,DEV
CYTK,2026-04-16,target,2.887798386426032,4.052233219662261,0.0033239886758233317,698,0.214696428571429,285.75621428570776,278.77621428570774,1.860267820011597,HOLDOUT
CYTK,2026-04-17,target,2.253692705954009,1.6039794934267406,0.007434339622641518,304,0.49252500000000055,293.3751999999972,290.3351999999972,1.9390893863255463,HOLDOUT
CYTK,2026-04-22,stop,0.19628461268838643,2.7479845776375775,0.007825872284397654,294,0.5094642857142873,-155.66250000000346,-158.60250000000346,-1.0588853838065393,HOLDOUT
CYTK,2026-04-23,eod,0.6989683597674774,0.5533499514825942,0.015769895062072235,145,1.0300895454545582,-26.10000000000305,-27.55000000000305,-0.18444998382754946,HOLDOUT
CYTK,2026-04-24,stop,0.46808415269402437,4.530363037360315,0.004854098997591101,480,0.3123369999999994,-159.52176000000463,-164.32176000000464,-1.0960500997320533,HOLDOUT
CYTK,2026-04-27,target,9.297070513094498,-0.6240499385501542,0.006058592372134095,382,0.39259678571428935,292.30394428571316,288.48394428571316,1.9235857218101562,HOLDOUT
CYTK,2026-04-28,stop,5.136368755591616,2.296750256565366,0.0057523129444820385,417,0.3592031818181809,-158.12772681817978,-162.29772681817977,-1.0835181911478202,HOLDOUT
CYTK,2026-04-29,stop,0.7184479330911026,1.4149585247137941,0.015374156829679584,164,0.9116874999999993,-152.79674999999924,-154.43674999999922,-1.0329060122026417,HOLDOUT
CYTK,2026-05-01,stop,2.201834862385298,3.489246503233516,0.006509437656641716,360,0.41556250000000716,-156.8025000000037,-160.4025000000037,-1.0721913069634594,HOLDOUT
DBX,2026-05-12,target,7.0831426024526865,0.843231262196757,0.002266655744866735,1000,0.059295714285713785,98.59142857142444,88.59142857142444,1.4940612426819002,HOLDOUT
DBX,2026-05-13,stop,0.4260548955346299,4.817697664891486,0.005969966738407293,983,0.15256249999999838,-169.62893750000148,-179.4589375000015,-1.1966407210159997,HOLDOUT
DBX,2026-05-15,stop,0.10350244894187091,3.700212549671963,0.007389374487844792,776,0.1932321428571413,-165.46814285714407,-173.22814285714406,-1.1552536734128258,HOLDOUT
DBX,2026-05-19,target,4.5752199624982355,0.41251983268426534,0.004753187988482062,1000,0.13332692307692184,246.65384615384056,236.65384615384056,1.7749891821721944,HOLDOUT
DBX,2026-05-26,eod,1.7469156021399515,0.6638279288131861,0.01062824916450068,524,0.2862187500000033,220.07999999999902,214.839999999999,1.4324707937547536,HOLDOUT
DBX,2026-05-27,stop,2.923557568287951,1.0318438476310439,0.006617792109256532,859,0.17444500000000218,-167.02825500000455,-175.61825500000455,-1.1719739746051923,HOLDOUT
DELL,2026-02-10,stop,0.3586257646995582,2.2006581015656232,0.004919824020714252,245,0.6105516842080476,-154.48516263097417,-156.93516263097416,-1.0491358893537792,HOLDOUT
DELL,2026-02-11,target,2.4266299923557426,0.7656842208889638,0.006826810844965302,177,0.8448992001868163,295.55431686613116,293.7843168661312,1.9644928057768585,HOLDOUT
DELL,2026-02-17,eod,0.9417321672386421,0.4811985682128507,0.014529983271136278,88,1.685677623029008,39.84231721767492,38.962317217674915,0.26265615601559583,HOLDOUT
DELL,2026-02-19,eod,0.8520540866229229,0.4274102479975317,0.01516908938313048,83,1.7988493602233717,5.7746724714434094,4.944672471443409,0.03311804114516102,HOLDOUT
DELL,2026-02-20,stop,-0.8740894901144663,6.077003121748114,0.0060941067049971155,209,0.7173413954056684,-154.10435163978684,-156.19435163978684,-1.041821091313216,HOLDOUT
DELL,2026-02-23,target,2.4853357792193065,0.04226761529284983,0.009711343485756611,127,1.1773443353775832,296.50546118590484,295.23546118590485,1.9745189244144206,HOLDOUT
DELL,2026-02-26,target,2.155909678213245,1.053343998031131,0.008292346938775523,148,1.0110084721845425,296.29850776662306,294.81850776662304,1.9703266581582766,HOLDOUT
DELL,2026-03-02,stop,3.7289187138202617,13.712426983345217,0.002396145700561516,422,0.354931589516184,-158.22113077582196,-162.44113077582196,-1.084523330371567,HOLDOUT
DELL,2026-03-03,target,2.915083754541283,0.6291962955346484,0.011859853152598078,86,1.724175939301773,294.8382615599065,293.9782615599065,1.9826003835709882,HOLDOUT
DELL,2026-05-29,stop,0.9075804868380848,1.3625254128103466,0.02106176932457371,17,8.646101601571104,-147.32372722670846,-147.49372722670844,-1.0034697718558534,HOLDOUT
DELL,2026-06-02,target,3.491015979841417,0.7688041997414405,0.012978562775330264,25,5.882546835545213,293.6273417772611,293.3773417772611,1.9949001681008798,HOLDOUT
DELL,2026-06-04,stop,0.07155867294558099,6.7557904637007145,0.00931981251362658,39,3.7682980398726613,-147.74362355503308,-148.13362355503307,-1.0079611537310873,HOLDOUT
DELL,2026-06-17,stop,1.9641395683485725,17.164659522195187,0.0040036219328362785,92,1.614782887457352,-150.4000256460747,-151.3200256460747,-1.0185783489737248,HOLDOUT
DELL,2026-06-18,stop,6.524001644652386,2.3930975998355586,0.007264309882160692,48,3.1079841806448485,-150.14324067095185,-150.62324067095184,-1.0096525587828948,HOLDOUT
DELL,2026-08-17,stop,1.6072281379908109,1.0745089074761807,0.011421186192907738,27,5.457283749999988,-147.88666124999918,-148.1566612499992,-1.0054972402708549,HOLDOUT
DELL,2026-08-20,stop,0.49846354277297705,2.303505765844872,0.009140333770537069,37,3.9722062499999993,-147.7116312499993,-148.0816312499993,-1.0075524779207983,HOLDOUT
DELL,2026-08-21,stop,1.0825109983565255,1.737470007200665,0.010312620545437478,33,4.47875357142857,-148.4588678571422,-148.7888678571422,-1.0066982921747163,HOLDOUT
DELL,2026-08-27,target,2.7075066740136795,4.3347317906570435,0.003957578540736881,81,1.8374839285714302,296.05239642857316,295.24239642857316,1.9836733265888722,HOLDOUT
DELL,2026-08-28,stop,2.17149339891187,1.5632490427816994,0.012423051216259655,25,5.782379999999989,-145.05949999999928,-145.30949999999928,-1.0051881751112832,HOLDOUT
DELL,2026-08-31,target,2.669666507330141,0.8223205396837983,0.0074747472033869534,43,3.477962499999933,298.244774999995,297.814774999995,1.991374260073252,HOLDOUT
DELL,2026-09-01,target,4.344819435303876,-0.07191339019285911,0.00910136077202816,37,3.9978646428571665,295.101983571431,294.731983571431,1.9924959940668372,HOLDOUT
DKNG,2025-02-04,stop,1.4023590796072596,5.017329151483718,0.00798029985433616,467,0.32088785714285706,-159.19462928571238,-163.86462928571237,-1.0934906053071374,DEV
DKNG,2025-02-05,eod,1.6890327694581393,0.7111716924034116,0.008023567522586783,444,0.3374712500000001,-88.79999999999811,-93.2399999999981,-0.6222752308529858,DEV
DKNG,2025-02-07,stop,2.305511745010362,1.5924798398717375,0.005625058948361302,628,0.23855875000000282,-162.37489499999927,-168.65489499999927,-1.1257551860914583,DEV
DKNG,2025-02-10,stop,1.112140871177021,3.3486439417856833,0.0038603588727433124,916,0.1636483333333345,-168.22187333333076,-177.38187333333076,-1.1833199238203616,DEV
DKNG,2025-02-21,target,5.427385254750021,-0.47788297840566424,0.012043525179856131,256,0.5859175000000008,294.8697600000014,292.3097600000014,1.9487982523136858,DEV
DKNG,2025-02-24,target,2.1840214175003663,0.7045230379033462,0.011011636927850984,301,0.4967899999999972,293.04757999999947,290.0375799999995,1.9396123110368642,DEV
DKNG,2025-02-25,target,5.184080051840852,2.8331600283316236,0.00390979259957573,904,0.16589249999999822,281.8536400000004,272.81364000000036,1.819159998191622,DEV
DLR,2024-10-16,stop,0.5800043500326029,2.090713354768726,0.004601376303376473,212,0.7049831407744875,-153.6964258441875,-155.8164258441875,-1.0425542091219715,DEV
DLR,2024-10-17,stop,0.16006600660062067,9.471947194719345,0.0018775560788202013,520,0.28812713143747715,-160.22610834747866,-165.42610834747865,-1.1041207048094035,DEV
DLR,2024-10-18,stop_gap,-1.4806980433635692,13.60126916975261,0.0007205236846917601,1000,0.11238622175443425,-186.4100586527968,-196.4100586527968,-1.7476346796492193,DEV
DLR,2024-10-21,target,2.3554014638711265,2.443453855043709,0.002761718037570641,347,0.43197674113437756,292.85185834726434,289.3818583472643,1.9305518164677073,DEV
DLR,2024-10-23,stop_gap,1.7920841084808332,4.1217934495058275,0.0010097892215156358,942,0.15918582530062508,-175.59827610524223,-185.01827610524222,-1.2338413875028222,DEV
DLR,2024-10-24,target,4.3781387391702795,0.2943286547340764,0.0016404429959560728,580,0.25846334960488093,288.21748554167243,282.4174855416724,1.883929384781852,DEV
DLR,2024-10-30,stop,1.4694669716504618,1.491536702017065,0.004941971993094056,174,0.8574278297602973,-152.67244237828857,-154.41244237828857,-1.0349883674855396,DEV
DLR,2024-10-31,eod,1.6108419316891112,0.8384508477246332,0.005474794825427817,160,0.9356595737401108,224.25877747629784,222.65877747629784,1.4873116230341676,DEV
DLR,2024-11-01,target,4.653910477463332,0.09547218658176633,0.003527139107426123,251,0.5966113071970653,294.47887621293137,291.9688762129314,1.949716004979985,DEV
DLR,2024-11-04,stop,-0.10645375914838898,3.278775781769744,0.0026694373401535236,335,0.44663271212181144,-156.32195856080074,-159.67195856080073,-1.0671692851548227,DEV
DOC,2026-04-16,stop_gap,11.286161783678045,4.6618758061558365,0.0012551604509969947,1000,0.021160254595802286,-44.36918946449353,-54.36918946449353,-2.5694014794736515,HOLDOUT
DOC,2026-04-21,target,3.6255162918770902,0.22946305644791248,0.00647933392804026,1000,0.10683316169702195,193.66632339404077,183.66632339404077,1.7191883164041994,HOLDOUT
DOC,2026-04-22,stop,3.963011889035594,1.3210039630118457,0.0038961550105964977,1000,0.0630948117186172,-83.09481171862032,-93.09481171862032,-1.4754749112144687,HOLDOUT
DOC,2026-04-23,stop,7.6704166481389695,2.556805549379589,0.002750107000917192,1000,0.04410410295027489,-64.10410295027802,-74.10410295027802,-1.6802088239687492,HOLDOUT
DOC,2026-04-27,target,17.092561044859057,0.19875070982412002,0.0015209880808431317,1000,0.024668353547621535,29.336707095239944,19.336707095239944,0.7838669515543871,HOLDOUT
DOC,2026-04-28,stop,0.22065313327447816,2.6919682259487456,0.007166350411132333,1000,0.1110986410031174,-131.09864100311697,-141.09864100311697,-1.2700303057636662,HOLDOUT
DOC,2026-05-01,stop,0.6694701429772704,13.291841883936167,0.00184399406944211,1000,0.029147458818513883,-49.147458818513456,-59.147458818513456,-2.029249245596126,HOLDOUT
DOC,2026-05-05,stop,0.9199934286184334,4.271398061442601,0.004682307692307474,1000,0.07460916273470275,-94.6091627347041,-104.6091627347041,-1.402095384807844,HOLDOUT
DOCU,2024-11-26,stop,3.6472206773407656,1.7617305271784347,0.0028543856424312,614,0.24402142857144327,-162.10915714287245,-168.24915714287243,-1.122940022831753,DEV
DOCU,2024-11-27,eod,1.1771444724646005,0.42967558600579064,0.02043510118207919,89,1.6803375000000074,162.69199999999898,161.801999999999,1.0819255060367223,DEV
DOCU,2024-12-03,stop,0.9450475644222118,1.6047977509056492,0.007044571452497731,267,0.5608183333333443,-155.07849500000566,-157.74849500000565,-1.0534932583635395,DEV
DOCU,2024-12-04,target,4.123711340206437,12.27055569524809,0.0011981802844058392,1000,0.09942499999999654,178.84999999998286,168.84999999998286,1.6982650238872388,DEV
DOCU,2024-12-05,stop,-0.19062192351555773,3.109345623256165,0.004739531686358621,380,0.3939735714285604,-157.30995714285683,-161.10995714285684,-1.0761472397532386,DEV
DOCU,2024-12-09,target,7.669177700965676,-0.1837075463342213,0.003120937137396765,459,0.32660607142857145,290.6443735714239,286.0543735714239,1.9081462268328615,DEV
DOCU,2024-12-10,target,6.3848846517084,-0.6658580922766792,0.00735648673517424,204,0.7343907142857091,295.55141142856723,293.5114114285672,1.9591498102897593,DEV
DOCU,2024-12-11,stop,9.74579372797492,1.1711683449927,0.0024682789593228126,627,0.2390775000000076,-162.44159250001118,-168.7115925000112,-1.1254823226778317,DEV
DOCU,2024-12-12,stop,0.4664735158517509,2.1835660631678473,0.010274399038461602,155,0.9616837500000059,-152.16098125000252,-153.71098125000253,-1.031195286392237,DEV
DOCU,2024-12-13,target,9.845738682133273,-0.09908168197193892,0.0025907135836117025,604,0.24827999999999406,287.84223999998665,281.8022399999866,1.879168680521947,DEV
DOCU,2024-12-17,target,2.123429145030158,1.9689979344825217,0.008014077970297188,193,0.7770450000000153,296.0793700000039,294.1493700000039,1.9613921973630744,DEV
DOCU,2025-03-04,stop,0.794422773674158,6.18806539961817,0.007578750062899469,248,0.6024500000000046,-154.36760000000368,-156.84760000000367,-1.0497966636235538,DEV
DOCU,2025-03-05,stop_gap,1.4874024574914104,2.5462313255361293,0.007350179122915284,252,0.5949969999999922,-158.76000000000244,-161.28000000000245,-1.0756356754740244,DEV
DOCU,2025-03-06,stop,4.4680111830162454,3.3510083872621657,0.004827371622045391,389,0.3849587500000098,-157.5289537500078,-161.41895375000777,-1.077930427610775,DEV
DOCU,2025-03-07,target,2.0340553979496545,2.0340553979496714,0.01092229224427259,175,0.8554339285714292,295.9018749999984,294.1518749999984,1.9649300793456834,DEV
DOCU,2025-03-11,stop,1.3941578148710068,2.273805007587212,0.007540854639728315,248,0.6025142857142924,-154.38354285714706,-156.86354285714705,-1.049791350531124,DEV
DOCU,2025-03-12,eod,1.5144028696651386,0.8021201640175476,0.00967450956046665,192,0.779184999999984,74.88000000000011,72.96000000000011,0.4876890597226696,DEV
DOCU,2025-03-13,eod,1.2227601285297152,0.6296302154369523,0.021552668152615896,91,1.6438220000000143,141.04999999999845,140.13999999999845,0.9368410935003726,DEV
DOCU,2025-03-17,eod,1.6307341976714407,-0.07933301502185672,0.019765230268888916,88,1.7016874999999914,232.7599999999984,231.8799999999984,1.5484629228339488,DEV
DT,2026-08-05,target,2.609751015106595,0.09320539339667214,0.010392282891459567,279,0.5364496428571428,293.7589007142868,290.9689007142868,1.9440767639620091,HOLDOUT
DT,2026-08-06,target,3.407999999999993,0.12799999999999728,0.006345177664974619,480,0.3125,290.4000000000019,285.6000000000019,1.9040000000000126,HOLDOUT
DT,2026-08-07,target,2.9154228459150238,0.027898783214492236,0.007186738274257075,418,0.3584385714285716,291.2946457142875,287.1146457142875,1.9163036503565178,HOLDOUT
DT,2026-08-13,target,2.833384662765635,5.743763473975984,0.006636010627426936,461,0.3247,290.15340000000185,285.54340000000184,1.9076070218663503,HOLDOUT
DT,2026-08-14,eod,1.668949291065573,0.45411429632840655,0.019919832264430136,148,1.009437499999997,224.22000000000008,222.7400000000001,1.4909293542195579,HOLDOUT
DT,2026-08-17,stop,1.030307272345456,5.4651081402672705,0.004731546735905132,671,0.2232343750000041,-163.2102656250001,-169.9202656250001,-1.134387905088522,HOLDOUT
DT,2026-08-19,stop,0.3487042151365622,3.1383379362290102,0.005853766074709045,523,0.28677599999999615,-160.4438479999959,-165.6738479999959,-1.1046112645409534,HOLDOUT
DT,2026-08-20,eod,0.7092198581560334,0.8349043899811399,0.011266309295033892,269,0.5569500000000005,63.21500000000176,60.52500000000176,0.4039859951521794,HOLDOUT
DT,2026-08-21,stop,0.4751534349633756,2.9459512967729555,0.006486285185946079,475,0.3156874999999957,-159.45156249999604,-164.20156249999604,-1.0950306869926634,HOLDOUT
DT,2026-08-24,stop,0.3718528082634004,1.3324725629438452,0.00985268674944012,309,0.4840624999999932,-155.75531249999665,-158.84531249999665,-1.061975468043892,HOLDOUT
EBAY,2025-07-29,target,3.1705135981888932,0.8066987261664407,0.0033802819878665717,571,0.26234216759718265,288.1747553959767,282.46475539597674,1.8856455282245201,DEV
EBAY,2025-07-30,stop,2.5705105319529884,2.2491967154588455,0.003598406988694601,544,0.27571101790354646,-160.86679373953484,-166.30679373953484,-1.108809579784386,DEV
EBAY,2025-07-31,stop,0.7115786657330652,4.2467014770950104,0.009862213676173359,173,0.8645659176579557,-153.0299037548281,-154.7599037548281,-1.0346994941476273,DEV
EBAY,2025-08-01,stop,0.12375386730836042,2.947175432565637,0.012220635187363334,139,1.0737817117192492,-152.03565792897706,-153.42565792897705,-1.0279386393645844,DEV
EBAY,2025-08-04,stop,-0.5031997305489876,3.97238127315587,0.004857344477177044,342,0.43837165901088326,-156.76310738172558,-160.18310738172556,-1.0684350810170997,DEV
EBAY,2025-08-05,eod,1.679064824654551,0.70138150903297,0.005122482308111178,323,0.4631275773608792,174.76511852902246,171.53511852902247,1.1467001845243303,DEV
EBAY,2025-08-07,stop,9.342301943198455,5.979073243646994,0.0007202066960921779,1000,0.06585172115889293,-85.85172115890316,-95.85172115890316,-1.4555689581389004,DEV
EBAY,2025-08-08,stop,0.7039020657995152,2.586074980872126,0.003533578457878366,466,0.32163004430428543,-159.19960064580178,-163.85960064580178,-1.093274868226017,DEV
EBAY,2025-08-11,stop,0.7576953433306757,2.865035516969251,0.004485273293684488,360,0.4157156491920233,-156.85763370913207,-160.45763370913207,-1.0721647117646824,DEV
EBAY,2025-08-14,target,2.1619459113458728,2.0387261961914227,0.004535458444923391,341,0.4393630237582613,292.8255822031307,289.41558220313067,1.9317193337222742,DEV
EBAY,2025-08-18,target,4.783988131969373,0.8103172080209081,0.0032025351831520897,474,0.3158343033871631,289.9309196110258,285.1909196110258,1.9050134843546904,DEV
EL,2026-08-04,stop_gap,-1.0213837252457156,6.020212178273368,0.007004876003354708,257,0.5827176624979131,-178.02774613487745,-180.59774613487744,-1.2059270050148452,HOLDOUT
EL,2026-08-05,stop_gap,0.826661533060827,1.596702413172288,0.005065507944702389,340,0.4400402953675666,-157.58781226656055,-160.98781226656055,-1.0760231971355572,HOLDOUT
EL,2026-08-06,stop,5.659129131761852,3.8737137437130187,0.003615799181509159,479,0.3125907116258162,-159.31095086877087,-164.10095086877087,-1.0959721414752768,HOLDOUT
EL,2026-08-10,stop,-0.09704527465330424,1.7771415920883618,0.009577756477286117,182,0.8215668527314932,-153.16516719713363,-154.98516719713362,-1.0365155920060165,HOLDOUT
EL,2026-08-12,stop,0.4148523424229219,4.145254890622056,0.004567693080677458,378,0.3963854564361924,-157.3937025328846,-161.1737025328846,-1.0756839069468722,HOLDOUT
EL,2026-08-13,stop,0.8684719855751174,1.1579626474334679,0.004938161678211906,348,0.4303311354665027,-156.7152351423465,-160.1952351423465,-1.0697137565179626,HOLDOUT
EL,2026-08-14,stop,5.869816720452934,1.485721244595981,0.0023548895899054138,733,0.20459255293452827,-164.62634130101674,-171.95634130101675,-1.1466329031517124,HOLDOUT
ELAN,2025-05-02,stop_gap,0.729501021301416,5.3983075576304165,0.00352390745501297,1000,0.03427000000000113,-80.00000000000007,-90.00000000000007,-2.6262036766850625,DEV
ELAN,2025-05-05,stop,-0.7999999999999716,8.199999999999886,0.002609603340292313,1000,0.025000000000000355,-44.99999999999993,-54.99999999999993,-2.199999999999966,DEV
ELAN,2025-05-06,stop,-0.12445550715618742,3.7336652146857108,0.008511652542372992,1000,0.08035000000000103,-100.3500000000006,-110.3500000000006,-1.3733665214685649,DEV
ELAN,2025-05-07,stop,1.3112597302927425,12.827540839820282,0.007962044764132772,1000,0.08770192307692248,-107.70192307692206,-117.70192307692206,-1.342067755728536,DEV
ELAN,2025-05-09,target,3.5610465116278283,1.5988372093023129,0.005655569256062582,1000,0.0688000000000013,117.60000000000304,107.60000000000304,1.5639534883721076,DEV
ELAN,2025-05-12,target,24.65753424657277,25.205479452052252,0.0007196372239748373,1000,0.009125000000000938,-1.7499999999976978,-11.749999999997698,-1.2876712328763278,DEV
ELAN,2025-05-13,stop_gap,0.6343299361441326,20.721444580707555,0.0018597719229257112,1000,0.023647000000000418,-49.999999999998934,-59.999999999998934,-2.537319744576389,DEV
ELAN,2025-05-14,eod,0.48123746777427673,0.4583213978802601,0.016979571984435865,687,0.21818750000000087,-34.35000000000049,-41.22000000000049,-0.27499283872816027,DEV
ELAN,2025-05-16,stop_gap,4.128250997660088,7.15563506261093,0.001411616161616343,1000,0.018167500000002335,-70.00000000000028,-80.00000000000028,-4.403467730837485,DEV
ELAN,2025-05-20,target,6.375175296776406,0.37515743213671765,0.0030301791804254598,1000,0.03998321428571394,59.96642857142831,49.96642857142831,1.2496851357266037,DEV
ELAN,2025-05-21,stop,8.738084430322285,1.0213345438039025,0.0034062620796289126,1000,0.04405999999999999,-64.05999999999956,-74.05999999999956,-1.6808896958692596,DEV
ETR,2024-10-15,stop_gap,-0.067258164860906,7.510495076141743,0.0016776714183623883,1000,0.10566683945583577,-145.55625284941698,-155.55625284941698,-1.4721387868748819,DEV
ETR,2024-10-17,stop_gap,8.811594202897009,11.130434782606473,0.00032056046978374257,1000,0.020432503277504566,-84.57855528633473,-94.57855528633473,-4.628828587560402,DEV
ETR,2024-10-21,target,2.340856087623425,0.07259594007212153,0.002033191881918715,1000,0.13052993821513326,241.0598764302634,231.0598764302634,1.7701676687339072,DEV
ETR,2024-10-22,stop,0.986262768580433,3.663261711870355,0.002649111675126895,892,0.16813877331549065,-167.8197857974141,-176.7397857974141,-1.1784240446652057,DEV
ETR,2024-10-25,target,6.210210183024736,0.33268983123347307,0.0022985163914812042,1000,0.14953478902077677,279.0695780415433,269.0695780415433,1.7993777889649347,DEV
ETR,2024-10-28,stop,0.47755037283839835,2.5987624940505882,0.003318206704851563,703,0.21331025705953266,-164.01711071285865,-171.04711071285865,-1.1406402130565974,DEV
ETR,2024-10-29,stop,1.526369917000355,1.2010779674757557,0.0029675577337196675,792,0.18934877656763405,-165.804231041563,-173.724231041563,-1.158437781029339,DEV
ETR,2024-10-30,eod,1.5359653866955516,0.6489994591671459,0.0034391042333159353,684,0.21901274648251245,-10.439227288390839,-17.27922728839084,-0.11534501349865,DEV
ETR,2024-11-01,target,3.1327554052267796,0.3230654011640174,0.013553572613282099,154,0.9679344631707352,295.04381465658486,293.50381465658484,1.9690061660768468,DEV
ETR,2024-11-04,stop,21.094674556209966,1.4497041420117533,0.001173488872687044,1000,0.08007172300780496,-100.0717230078152,-110.0717230078152,-1.374664099548426,DEV
F,2026-05-07,target,2.8233151183969913,0.8196721311475328,0.004494474007368113,1000,0.053635704384237926,87.27140876847628,77.27140876847628,1.440671091311038,HOLDOUT
F,2026-05-11,eod,1.9445539350939491,0.26277755879647857,0.007801353013530121,1000,0.09294657417012431,121.66078838174244,111.66078838174244,1.2013437760208854,HOLDOUT
F,2026-05-15,stop,0.5077117792759268,1.6319307191012258,0.010285229392017828,1000,0.13639628833817063,-156.39628833817022,-166.39628833817022,-1.2199473340918183,HOLDOUT
FCEL,2024-10-24,target,2.96668761785036,0.2514142049025681,0.012208410067526262,1000,0.11932500000000168,218.65000000000379,208.65000000000379,1.7485857950974302,DEV
FCEL,2024-10-25,target,4.83221476510082,15.973154362416487,0.004664996869129498,1000,0.04469999999999885,69.39999999999813,59.39999999999813,1.3288590604026769,DEV
FCEL,2024-10-31,stop_gap,0.05012531328319437,5.814536340852046,0.011878535278356821,1000,0.1197000000000017,-164.00000000000148,-174.00000000000148,-1.4536340852130243,DEV
FCEL,2024-11-06,stop,0.691870521373861,3.1687669878922726,0.021572494669509522,691,0.21680357142857076,-163.6312678571421,-170.5412678571421,-1.1383741042747697,DEV
FCEL,2024-11-07,target,5.6151761517615455,1.5176151761517849,0.004422339405560851,1000,0.03953571428571401,59.07142857142844,49.07142857142844,1.2411924119241247,DEV
FCEL,2024-11-11,stop,1.559731085649435,2.7110075932444153,0.015613666014350904,1000,0.10258178571428545,-122.58178571428502,-132.58178571428502,-1.2924495785592647,DEV
FCEL,2024-11-12,target,4.7314022091114865,-0.31051767732777574,0.01816518936341655,1000,0.11271499999999968,205.42999999999978,195.42999999999978,1.7338419908619114,DEV
FCEL,2024-11-14,stop,1.029047132066671,15.763173475429308,0.018479481830515322,1000,0.10718653846153803,-127.1865384615376,-137.1865384615376,-1.2798858926745222,DEV
FCEL,2024-11-19,stop,0.7693191560823415,1.0337726159856455,0.03655493951612902,530,0.2828474999999999,-160.50917499999974,-165.80917499999975,-1.106064221886351,DEV
FCEL,2024-11-21,stop,2.0500823007444584,3.898298003893599,0.018431597816846834,1000,0.1496037500000007,-169.60375000000028,-179.60375000000028,-1.2005297327105733,DEV
FCEL,2025-05-28,stop,1.6528810246745635,3.93117649111786,0.01295718471890597,1000,0.07163249999999977,-91.63249999999934,-101.63249999999934,-1.4188043136844264,DEV
FCEL,2025-06-04,target,3.399277481506921,6.38109983370597,0.0077437833037301285,1000,0.04359750000000062,67.19500000000167,57.19500000000167,1.3118871494925364,DEV
FCEL,2025-06-11,target,2.5432609748580033,0.9686935846065746,0.016553206997084527,1000,0.11355499999999985,207.11000000000013,197.11000000000013,1.7358108405618458,DEV
FCEL,2025-08-19,target,18.559092666580636,-2.062121407397889,0.0023147374701670857,1000,0.00969875000000009,-0.6024999999993952,-10.602499999999395,-1.0931821110967184,DEV
FCEL,2025-08-20,stop,0.7201364774775855,1.9358507459074947,0.013417370129870113,1000,0.051656874999999935,-71.6568749999995,-81.6568749999995,-1.5807552237722395,DEV
FCEL,2025-08-22,stop,0.3310553571850942,2.4001513395918703,0.01480707282913152,1000,0.0604128571428566,-80.41285714285618,-90.41285714285618,-1.4965830357776229,DEV
FCEL,2025-09-02,target,3.518832268995206,0.35448976932098203,0.009437884378843728,1000,0.03836499999999976,56.72999999999995,46.72999999999995,1.2180372735566334,DEV
FCEL,2025-09-10,stop,0.49971444888635,8.89491719017706,0.01954241071428567,1000,0.10005714285714262,-120.0571428571422,-130.0571428571422,-1.2998286693318069,DEV
FCEL,2025-09-12,stop,1.6428765130784255,7.576362695066959,0.016524760864959936,1000,0.10140749999999965,-121.40749999999923,-131.40749999999923,-1.2958361067968314,DEV
FCEL,2025-09-15,target,3.8760733223870485,0.6460122203978367,0.014223200612557316,1000,0.09287749999999928,165.75499999999897,155.75499999999897,1.6769938898010839,DEV
FCEL,2025-09-16,stop,1.6238514907181663,4.125257828614276,0.012212977099236681,1000,0.07999500000000026,-99.99499999999983,-109.99499999999983,-1.3750234389649287,DEV
FCEL,2025-09-24,stop,1.024902343749994,1.8066406250000002,0.02314124293785317,732,0.20480000000000054,-164.55360000000007,-171.87360000000007,-1.1464843749999973,DEV
FCEL,2025-09-30,stop,1.3634659303950645,2.9087273181761333,0.014668500000000032,1000,0.11001375000000024,-130.01374999999982,-140.01374999999982,-1.2726931860790083,DEV
FCEL,2025-10-22,target,6.164161349626866,0.6488590894344131,0.01150124378109459,1000,0.0924700000000005,164.94000000000142,154.94000000000142,1.6755704552828008,DEV
FCEL,2025-10-23,stop,1.969369274322575,1.076119639183413,0.009149131274131321,1000,0.07108875000000037,-91.08874999999995,-101.08874999999995,-1.4220077016405468,DEV
FCEL,2025-10-24,eod,1.7024464154990708,0.5958562454246767,0.014557372986369293,1000,0.1174780000000002,100.00000000000054,90.00000000000054,0.7661008869745858,DEV
FCEL,2025-10-27,stop,0.1720467106819464,2.1505838835243756,0.014761587301587309,1000,0.11624750000000006,-136.24749999999963,-146.24749999999963,-1.2580700660229214,DEV
FCEL,2025-12-08,stop,1.3021995087105083,2.134568145240966,0.010553337306317145,1000,0.08854250000000086,-108.54250000000043,-118.54250000000043,-1.338820340514434,DEV
FCEL,2025-12-09,target,3.015521064301595,4.418625277161933,0.006775841346153747,1000,0.056374999999999176,92.74999999999878,82.74999999999878,1.4678492239467846,DEV
FCEL,2025-12-12,stop,1.9875327491192,1.89719035143195,0.012693807339449331,1000,0.11068999999999818,-130.68999999999775,-140.68999999999775,-1.2710271930617045,DEV
FCEL,2025-12-16,target,2.23441608779584,1.1172080438979295,0.01108959123472389,1000,0.09398428571428497,167.96857142857036,157.96857142857036,1.6807977017434546,DEV
FCEL,2025-12-17,target,4.887585532746783,0.0,0.018632784958872054,945,0.15856500000000118,280.7878500000026,271.3378500000026,1.8108031406678688,DEV
FCEL,2025-12-23,eod,1.734028482667402,0.06344006643905367,0.026213263454948656,634,0.23644363636363686,133.14000000000055,126.80000000000055,0.8458675525206872,DEV
FCEL,2026-04-16,eod,0.8898875404620797,0.8898875404620797,0.024833977900552348,834,0.17979799999999901,-108.41999999999916,-116.75999999999917,-0.7786515979043135,HOLDOUT
FCEL,2026-04-17,stop,1.7588652482269573,1.7588652482269573,0.01201431492842533,1000,0.08812499999999979,-108.12499999999936,-118.12499999999936,-1.3404255319148897,HOLDOUT
FCEL,2026-04-27,target,2.5628614264296483,0.9496680231312945,0.021882586728907086,642,0.2334499999999995,286.9097999999996,280.4897999999996,1.8714928250160647,HOLDOUT
FCEL,2026-04-28,eod,1.8539425333156359,0.7194403860627767,0.01812397191574717,830,0.1806959999999993,8.300000000001297,1.2967404927621828e-12,8.646223176423237e-15,HOLDOUT
FCEL,2026-04-30,stop,-0.06856198990169761,2.6039222645591913,0.0346522587511825,358,0.4185992857142846,-157.01854428571374,-160.59854428571376,-1.0716675852630961,HOLDOUT
FHN,2024-11-06,stop,-0.4130555043333912,2.4488290614051147,0.017579745850622438,465,0.3222321643407966,-159.13795641847187,-163.78795641847188,-1.0931005756715049,DEV
FHN,2024-11-07,stop,0.3760228353948412,2.5118934348239246,0.006716513292433735,1000,0.12489987479592202,-144.89987479592514,-154.89987479592514,-1.2401923945001634,DEV
FHN,2024-11-11,stop,-0.07157464212681787,4.0797546012269335,0.0070014675877869545,1000,0.1328281361671806,-152.82813616718371,-162.82813616718371,-1.2258557626845297,DEV
FHN,2024-11-18,eod,0.7738440704197905,0.8222093248210546,0.005081346768247705,1000,0.09828467609171554,41.79632371794284,31.79632371794284,0.3235125248647278,DEV
FHN,2024-11-19,stop,0.8111911265623143,2.897111166293992,0.00214926169720706,1000,0.04101985460521007,-61.0198546052132,-71.0198546052132,-1.7313531529727246,DEV
FHN,2024-11-20,stop,0.9312948324223437,1.5078106810647784,0.005657112393376927,1000,0.1071892840978883,-127.18928409789143,-137.18928409789143,-1.2798787234422264,DEV
FHN,2024-11-25,target,2.438174851967737,1.4629049111806733,0.0033321727019501104,1000,0.0682374005777362,116.47480115546927,106.47480115546927,1.560358399557922,DEV
FIG,2025-10-01,stop,4.392813210342771,1.055256804719213,0.007940057482462924,368,0.40748374999999726,-157.31401999999753,-160.99401999999753,-1.0736225677710982,DEV
FIG,2025-10-02,stop,-0.08882685108814159,1.5766766068142688,0.008747363747363868,333,0.4503142857142919,-156.61465714285788,-159.9446571428579,-1.0666201383160872,DEV
FIG,2025-10-09,stop,1.2973312043795953,1.536838503649653,0.007364818042460134,299,0.5010285714285629,-155.78754285714336,-158.77754285714337,-1.0598768248175396,DEV
FIG,2025-10-10,target,3.4735892158893398,0.4073770700819196,0.024234637124123784,93,1.6078469999999925,297.1995419999983,296.2695419999983,1.9813415082405208,DEV
FIG,2025-10-14,target,2.027624250556416,1.7209247840857096,0.009513596206840681,255,0.5868937500000015,294.2158125000018,291.6658125000018,1.9488834222548868,DEV
FIG,2025-10-16,target,2.5699964463080165,-0.06828127813230025,0.03747169551534226,62,2.3813262500000008,294.0444550000003,293.4244550000003,1.987401978204374,DEV
FIG,2025-10-17,stop,1.1664480081869357,4.089818921678168,0.005595383801240299,472,0.3172023076923125,-159.15948923076962,-163.87948923076962,-1.0945768655286585,DEV
FIG,2025-10-20,target,7.8682268226821925,-0.18001800180016833,0.00727284629484164,360,0.41662500000000335,292.77000000000385,289.1700000000038,1.927992799279938,DEV
FIG,2026-05-08,stop,-0.3183874022422261,6.251200243690748,0.009581916243654986,794,0.18876375000000323,-165.75841750000504,-173.69841750000504,-1.158928819754866,HOLDOUT
FIG,2026-05-11,stop,6.338514774452299,1.1425648949656557,0.008847027677496917,816,0.18379699999999843,-166.29835200000127,-174.45835200000127,-1.1632235564236815,HOLDOUT
FIG,2026-05-13,stop,0.0,2.6216334073966467,0.010246170212765911,778,0.19262799999999913,-165.42458400000174,-173.20458400000174,-1.1557405984592233,HOLDOUT
FIG,2026-05-21,stop,0.74505238649593,1.7508731082654374,0.012421911152244213,558,0.26843749999999744,-160.94812500000032,-166.52812500000033,-1.1117578579744016,HOLDOUT
FIG,2026-05-27,stop,0.41007465555559725,3.397761431746364,0.016050834508697723,439,0.34140125000000054,-158.65514875000162,-163.0451487500016,-1.087873140476208,HOLDOUT
FIGS,2025-10-22,target,4.998698797688892,-0.21027429344712942,0.005871871982005291,1000,0.04803250000000148,76.06500000000338,66.06500000000338,1.3754228907510822,DEV
FIGS,2025-10-27,target,2.64666007702316,0.4537131560611331,0.007961598004644464,1000,0.06612107142857226,112.24214285714496,102.24214285714496,1.5462868439388906,DEV
FIGS,2025-10-29,stop,11.474538969416656,4.037337785535435,0.0029486663086286556,1000,0.023530357142856673,-43.530357142856246,-53.530357142856246,-2.274948774379608,DEV
FIGS,2025-10-31,target,3.069388025250076,0.057912981608490635,0.011278436129513823,1000,0.08633642857142831,152.67285714285705,142.67285714285705,1.6525221103490537,DEV
FIGS,2025-11-04,stop,1.0663709264630752,2.132741852926112,0.006370652173913049,1000,0.04688800000000004,-66.88799999999961,-76.88799999999961,-1.6398225558778268,DEV
FIGS,2025-11-06,target,3.9078855547801488,0.7443591532914577,0.007145944148936229,1000,0.05373750000000044,87.4750000000013,77.4750000000013,1.4417306350314152,DEV
FIGS,2025-11-10,target,2.1367521367522775,26.35327635327703,0.0016421052631578489,1000,0.014039999999999608,8.079999999999643,-1.920000000000357,-0.136752136752166,DEV
FIGS,2026-02-10,target,5.553931598947686,0.3653902367728802,0.006427430718647225,1000,0.0684199999999997,116.83999999999983,106.83999999999983,1.5615317158725561,HOLDOUT
FIGS,2026-02-11,stop,0.6028116859351077,1.6362031475381384,0.011133509108341441,1000,0.11612250000000124,-136.1225000000008,-146.1225000000008,-1.2583478654007556,HOLDOUT
FIGS,2026-02-12,stop,13.82943694435335,2.3707606190319974,0.0035645539906102356,1000,0.03796249999999901,-57.962499999998585,-67.96249999999858,-1.7902535396773225,HOLDOUT
FIGS,2026-02-24,stop,3.7231889923107637,4.532577903682679,0.0027914595571622595,1000,0.0308875000000004,-50.887499999999974,-60.887499999999974,-1.9712666936462706,HOLDOUT
FIGS,2026-02-25,target,3.134272221990048,1.8387730369008335,0.011129767441860486,1000,0.11964500000000022,219.29000000000087,209.29000000000087,1.7492582222407997,HOLDOUT
FIGS,2026-02-27,stop,1.165168186105,2.679408990883373,0.026804071589874932,377,0.3976249999999997,-157.44462499999972,-161.21462499999973,-1.0754479723357426,HOLDOUT
FIGS,2026-03-03,stop,0.8744032179241257,5.1501823239727464,0.00805358764759314,1000,0.1330050000000007,-153.00500000000383,-163.00500000000383,-1.2255554302470055,HOLDOUT
FIGS,2026-08-06,target,3.118778107291546,13.254806955989054,0.0023511522849286315,1000,0.02565107142857137,31.302142857143167,21.302142857143167,0.830458209765688,HOLDOUT
FIGS,2026-08-07,target,2.0375472814109665,0.44405059347774506,0.038763136422976394,252,0.5938512499999984,294.2610299999993,291.74102999999934,1.9494822988079936,HOLDOUT
FIGS,2026-08-17,stop,2.879078694817622,3.9125941237265147,0.004685575925285434,1000,0.06773000000000096,-87.73000000000053,-97.73000000000053,-1.4429351838180888,HOLDOUT
FIGS,2026-08-21,stop,-0.3224090403494868,3.009151043261934,0.01286991701244804,806,0.18609899999999868,-166.1157939999986,-174.1757939999986,-1.1612045201747445,HOLDOUT
FIGS,2026-08-24,stop_gap,1.2750400940342281,6.853340505433994,0.004245137009472193,1000,0.06274312499999901,-109.99999999999943,-119.99999999999943,-1.9125601410513315,HOLDOUT
FLEX,2026-04-21,stop,3.5907190903512274,2.821279285275938,0.002729713285547554,641,0.23393642857142538,-162.7732507142902,-169.1832507142902,-1.128239967512587,HOLDOUT
FLEX,2026-04-22,stop,0.1607505981261754,1.3288716111764687,0.011076952754036041,160,0.9331224999999961,-152.499600000001,-154.099600000001,-1.0321501196252478,HOLDOUT
FLEX,2026-04-27,target,4.480398257622962,-0.29869321717487674,0.0049828427319330995,331,0.4519687499999918,292.58331249999117,289.27331249999116,1.9336237295166738,HOLDOUT
FLEX,2026-04-28,eod,1.5998859261371894,0.8256095822044742,0.013506278406902295,128,1.1688333333333247,-81.92000000000007,-83.20000000000007,-0.5561100812776318,HOLDOUT
FLEX,2026-04-29,stop_gap,-0.9302325581395414,8.174770965468715,0.0040422743846854564,422,0.3547499999999957,-320.7200000000022,-324.9400000000022,-2.170542635658956,HOLDOUT
FLEX,2026-05-04,stop,1.4529707021169076,1.525050939938531,0.007566500653167877,215,0.6950587500000012,-153.73763125000244,-155.88763125000244,-1.0431618190548786,HOLDOUT
FLNC,2025-05-02,stop,1.4615134784020507,5.9597271841506085,0.007086306098964451,1000,0.03079000000000054,-50.79000000000011,-60.79000000000011,-1.9743423189346883,DEV
FLNC,2025-05-05,stop,-0.16077170418006137,2.0900321543408404,0.014669811320754672,1000,0.06219999999999981,-82.19999999999939,-92.19999999999939,-1.4823151125401877,DEV
FLNC,2025-05-06,stop_gap,1.860058672991718,2.009862056051436,0.009414149723821794,1000,0.040052499999999824,-60.49999999999933,-70.49999999999933,-1.7601897509518667,DEV
FLNC,2025-05-08,stop,-0.251046025104601,5.02092050209202,0.03886178861788645,941,0.15933333333333444,-168.7526666666673,-178.1626666666673,-1.1882845188284479,DEV
FLNC,2025-05-13,target,3.081476676059755,0.4865489488515418,0.02476255020080327,973,0.15414687500000035,280.5098187500011,270.7798187500011,1.8053804204593864,DEV
FLNC,2025-05-20,stop,3.690523263477013,6.612187513729638,0.006015858332232045,1000,0.0325157142857142,-52.51571428571378,-62.51571428571378,-1.9226308158692393,DEV
FLNC,2025-05-21,target,4.217424451329307,0.6488345309737383,0.011866987487969213,1000,0.061649000000000065,103.29800000000056,93.29800000000056,1.5133741017697036,DEV
FLNC,2025-06-13,stop,0.3902439024390126,8.585365853658466,0.010858050847457725,1000,0.05125000000000046,-71.25000000000003,-81.25000000000003,-1.585365853658523,DEV
FLNC,2025-06-17,stop,3.240197944423293,3.8370765131328577,0.01232330497873405,1000,0.07036607142857143,-90.366071428571,-100.366071428571,-1.426341834792533,DEV
FLNC,2025-06-23,target,3.5732130149741645,0.8478810544006529,0.014445975503062198,1000,0.08255875000000046,145.11750000000134,135.11750000000134,1.6366224052568696,DEV
FLNC,2025-06-25,stop,2.8245067497404115,6.262097611630362,0.0101840101522842,1000,0.060187499999999616,-80.18749999999919,-90.18749999999919,-1.4984423676012422,DEV
FLNC,2025-06-27,stop,2.071383046526465,1.0356915232632182,0.01013893376413569,1000,0.06275999999999993,-82.75999999999951,-92.75999999999951,-1.4780114722753286,DEV
FLNC,2025-07-01,stop,111.76470588226277,817.6470588228722,0.0001271503365745226,1000,0.0008500000000006835,-20.850000000000257,-30.850000000000257,-36.29411764702994,DEV
FLNC,2026-05-26,stop,3.730153443660128,2.0238066556028245,0.011645118167414724,595,0.2520003571428546,-161.84021250000035,-167.79021250000034,-1.1190474503295906,HOLDOUT
FLNC,2026-06-03,target,2.1520308268264876,0.6699718611818284,0.01914333462883789,304,0.49255799999999894,293.3952639999984,290.3552639999984,1.9390934671652815,HOLDOUT
FLNC,2026-06-05,target,2.4732051427101465,0.9036711098363988,0.02652482987996015,237,0.6307604545454524,294.2404554545437,291.8704554545437,1.9524383626401844,HOLDOUT
FLNC,2026-06-15,target,3.5356824014354915,0.6599940482679527,0.017458693415637837,353,0.4242462499999995,292.4578524999985,288.92785249999855,1.9292863519712828,HOLDOUT
FLNC,2026-06-17,target,6.00397321757052,8.24015892870291,0.006999896992171322,882,0.16988749999999797,282.04154999999366,273.22154999999367,1.823412552424378,HOLDOUT
FLNC,2026-06-18,stop,-0.5684577031940276,5.052957361724636,0.020969950331125854,315,0.4749693750000006,-155.91535312500116,-159.06535312500117,-1.0631619670215644,HOLDOUT
FNB,2024-11-07,stop,2.242366412213728,1.7652671755725349,0.006469135802469136,1000,0.0986975795267746,-118.69757952677418,-128.69757952677418,-1.3039588219269471,DEV
FNB,2024-11-12,stop,4.605070595286433,1.5610408797580542,0.0015288740197749399,1000,0.024131868691851466,-44.13186869185104,-54.13186869185104,-2.243169370059169,DEV
FNB,2024-11-14,stop,2.827220618023439,2.068698013187885,0.004370667570825903,1000,0.06828721433501528,-88.28721433501485,-98.28721433501485,-1.439320893261517,DEV
FNB,2024-11-18,stop,0.34152033468994575,2.2768022312662333,0.0026643160448892532,1000,0.04136375054682695,-61.36375054682652,-71.36375054682652,-1.725272723179134,DEV
FNB,2024-11-20,stop,1.1963064039777067,1.8443057061322727,0.0061690498154982586,1000,0.0944678527858791,-114.46785278587868,-124.46785278587868,-1.3175683485470724,DEV
FNB,2024-11-25,target,2.5707912744317167,0.6048920645722056,0.0037895415472782427,1000,0.06227694807215656,104.55389614430999,94.55389614430999,1.5182808257520275,DEV
FPS,2026-06-02,target,3.8041248086197625,0.16047290382269713,0.007635405466229774,343,0.436210714285707,292.3805499999964,288.9505499999964,1.9312258983617108,HOLDOUT
FPS,2026-06-03,stop_gap,-0.6850466635825653,2.8655000684002414,0.021073921654929557,125,1.1969987499999988,-163.75000000000028,-165.00000000000028,-1.1027580438158382,HOLDOUT
FPS,2026-06-05,stop,11.641308846237493,3.933836781373851,0.004596943785287701,534,0.28089625000000495,-160.67859750000054,-166.01859750000054,-1.106800998589321,HOLDOUT
FPS,2026-06-10,target,10.210670645421082,-0.2088296472152988,0.00805660586203837,329,0.4549162499999966,292.7548924999991,289.46489249999905,1.9340537956162343,HOLDOUT
FPS,2026-06-15,stop,1.0113643807505264,1.7827439931873783,0.00961863738075605,257,0.5833703571428543,-155.06618178571256,-157.63618178571255,-1.0514253074957831,HOLDOUT
FPS,2026-06-18,stop,1.244123736992252,2.1683299416150716,0.0132803697875687,177,0.8439674999999909,-152.92224749999895,-154.69224749999896,-1.0355463924854968,HOLDOUT
FRVO,2026-08-26,target,3.040440362681111,-0.10023429767079797,0.018555409175449376,501,0.2992987499999984,289.8773474999977,284.8673474999977,1.8997657023291896,HOLDOUT
FRVO,2026-08-27,stop,0.5281623722035561,6.782661183838203,0.0060030346951716815,1000,0.09466785714285741,-114.66785714285699,-124.66785714285699,-1.316897423322136,HOLDOUT
FRVO,2026-08-28,target,6.30367135435453,0.6410513241716526,0.0061014504563232826,1000,0.09359624999999916,167.19249999999874,157.19249999999874,1.679474337914181,HOLDOUT
FRVO,2026-09-04,stop,0.7210534497257158,1.9533993456205885,0.021541170775003,393,0.3813864285714281,-157.7448664285725,-161.6748664285725,-1.0786603763337232,HOLDOUT
GAP,2024-11-06,stop,0.750866909977888,1.5972986994074883,0.017460945570123208,432,0.34722087243990174,-158.6394168940389,-162.9594168940389,-1.086400335870349,DEV
GAP,2024-11-12,target,4.161248374512412,0.0,0.00848037053374493,822,0.18226464912100226,283.20308315492514,274.9830831549251,1.8354041765933082,DEV
GAP,2024-11-14,stop,1.2178824644674708,2.501596413500721,0.006844018923180851,1000,0.1440132475347049,-164.01324753470803,-174.01324753470803,-1.2083141691029056,DEV
GAP,2024-11-15,target,4.430087678818669,-0.22150438394090854,0.006190013711151662,1000,0.12840295680761926,236.8059136152354,226.8059136152354,1.7663605204594248,DEV
GAP,2024-11-19,stop,0.7714741965403885,1.2557014314537351,0.012544442152031928,605,0.24786806624857505,-162.06018008038978,-168.1101800803898,-1.1210321299312416,DEV
GAP,2024-11-20,stop,0.3665441637487803,1.7941372225598278,0.012808376575240964,610,0.24571596896690195,-162.0867410698121,-168.1867410698121,-1.1220921868698086,DEV
GAP,2024-11-22,stop,1.2926165165251882,4.764939315818392,0.008218049811051384,802,0.18702796877891004,-166.03643096068836,-174.05643096068837,-1.1604038165835338,DEV
GAP,2025-02-28,target,2.2965440356744313,0.4013377926421454,0.009848484848484988,701,0.21395329494692916,285.9425195155925,278.9325195155925,1.8597824819316544,DEV
GAP,2025-03-03,target,9.696048632218758,-0.1114488348530875,0.007843293070565851,876,0.17121468196721423,282.4481228065566,273.68812280655663,1.8247813817406864,DEV
GAP,2025-03-04,stop,1.5628713217306442,1.7082547004962767,0.013722424707461973,571,0.2625014856300467,-161.30834829475845,-167.01834829475845,-1.1142850674844684,DEV
GAP,2025-03-10,stop,1.5695945281075219,3.179754319096012,0.011342707327295535,631,0.23754921823304898,-162.51355670505586,-168.82355670505586,-1.1262896178869823,DEV
GAP,2025-03-13,stop,6.245847176079704,2.4916943521594583,0.007142857142857192,1000,0.14358961416185068,-163.5896141618538,-173.5896141618538,-1.2089287597512997,DEV
GAP,2025-03-14,target,3.2363453189089983,-0.213965314591375,0.010170727899056526,754,0.19887399878862766,284.82199017324814,277.2819901732481,1.8491507176265483,DEV
GAP,2025-03-18,stop_gap,0.5766710353866484,1.7824377457405283,0.009822348094747482,824,0.18199149456521369,-167.10923185093162,-175.34923185093163,-1.1692989628273807,DEV
GAP,2026-08-17,eod,1.3373860182371111,0.8105369807497337,0.006089585389930865,1000,0.12337499999999935,59.99999999999872,49.99999999999872,0.4052684903748651,HOLDOUT
GAP,2026-08-19,target,2.003780718336502,0.8695652173912986,0.006538936959208854,1000,0.1322499999999991,244.49999999999505,234.49999999999505,1.7731568998109388,HOLDOUT
GAP,2026-08-21,stop,2.8052096751108815,2.0037211965078017,0.0043690595297648975,1000,0.08733750000000029,-107.33750000000342,-117.33750000000342,-1.3434950622585147,HOLDOUT
GAP,2026-08-25,target,7.802547770701197,7.356687898089632,0.0011147401306446276,1000,0.02242857142856991,24.857142857136694,14.857142857136694,0.6624203821653751,HOLDOUT
GAP,2026-08-27,stop,1.091428091679969,3.1343575966193864,0.008575233981281436,839,0.17866499999999874,-166.67993500000156,-175.06993500000158,-1.167912014104628,HOLDOUT
GAP,2026-09-01,target,5.12712285231902,1.1297050352567488,0.0026029017352247434,1000,0.05753714285714295,95.07428571428278,85.07428571428278,1.4785976760353026,HOLDOUT
GEO,2024-11-08,stop,1.0719249888095717,2.7210403562089254,0.017237360406091348,353,0.42446999999999946,-156.8979100000009,-160.4279100000009,-1.0706763728885509,DEV
GEO,2024-11-11,stop,4.14412625936772,3.6478237133356517,0.0074584490098093545,744,0.20148999999999972,-164.78856000000212,-172.22856000000212,-1.148890763809634,DEV
GEO,2024-11-12,target,4.360148245040364,0.4130666758459289,0.008622180451127748,688,0.2178824999999982,286.0463199999954,279.1663199999954,1.8623111080513426,DEV
GEO,2024-11-14,target,16.65348781242438,-1.925258706638619,0.0019530389708055135,1000,0.05194107142857263,83.88214285714213,73.88214285714213,1.4224223880083418,DEV
GEO,2024-11-22,target,3.863538799525229,-0.050503775157200385,0.006778671687778226,757,0.19800500000000198,284.6395700000006,277.0695700000006,1.8484886745284068,DEV
GEO,2026-04-16,stop,0.27686067678593274,3.9314216103601742,0.010261150568181655,830,0.18059624999999713,-166.4948875000002,-174.79488750000021,-1.1661164060715745,HOLDOUT
GEO,2026-04-22,stop,1.8942292974131911,4.246517679473567,0.004594233473980146,1000,0.08710666666666356,-107.10666666666668,-117.10666666666668,-1.344405326802436,HOLDOUT
GEO,2026-04-27,target,3.435347746379046,-0.3303218986903191,0.004015053050397668,1000,0.07568374999999605,131.36749999998898,121.36749999998898,1.6036137215716095,HOLDOUT
GEO,2026-04-28,target,3.352962132483843,2.375014843842761,0.0038277272727273316,1000,0.0715785000000011,123.15699999999907,113.15699999999907,1.5808797334394733,HOLDOUT
GEO,2026-04-29,stop,0.2996366718392771,2.1682527218452057,0.010691640769505358,747,0.20057624999999746,-164.77045875000044,-172.24045875000044,-1.149569054162711,HOLDOUT
GEO,2026-04-30,eod,1.2269938650306642,0.37925264919130197,0.011982090350173794,669,0.2241250000000008,117.07499999999573,110.38499999999573,0.7361963190183737,HOLDOUT
GEO,2026-05-01,stop,1.1940298507462885,2.9680170575693494,0.007958865055661046,1000,0.14656249999999815,-166.56250000000128,-176.56250000000128,-1.204690831556527,HOLDOUT
GEO,2026-05-04,stop,1.8920400737675775,4.587549219957051,0.0027097661251546993,1000,0.050157500000000965,-70.15750000000409,-80.15750000000409,-1.598115934805414,HOLDOUT
GEO,2026-05-05,stop,5.807882125741828,4.60625134110561,0.002677326694753076,1000,0.04993214285714487,-69.932142857148,-79.932142857148,-1.6008153923181845,HOLDOUT
GLUE,2025-09-15,stop,0.6686628579826229,2.7255726803460916,0.02972750109217993,771,0.19441785714285675,-165.31616785714223,-173.02616785714224,-1.1543068133806034,DEV
GLUE,2025-09-17,stop_gap,4.2916867068704105,2.3678271486181597,0.01046013931888542,1000,0.06757249999999981,-114.99999999999932,-124.99999999999932,-1.849864959857925,DEV
GLUE,2025-09-19,target,4.821623125246297,0.5563411298361071,0.015813416422287403,1000,0.1078475000000001,195.69500000000062,185.69500000000062,1.7218294350819485,DEV
GLUE,2025-12-04,target,12.34074074074011,39.506172839504714,0.0012032085561497782,1000,0.020250000000000767,20.49999999999841,10.499999999998408,0.5185185185184202,DEV
GLUE,2025-12-08,stop,2.1230117715416017,1.0950271242688114,0.012622778561353961,670,0.223738749999999,-163.3049625000014,-170.0049625000014,-1.1340849539921145,DEV
GLUE,2025-12-11,stop,19.131667096109325,1.1594949755217543,0.0029535768645357527,1000,0.051746666666666385,-71.74666666666951,-81.74666666666951,-1.5797474877609499,DEV
GLUE,2025-12-12,stop,1.9242494226327425,2.5404157043879696,0.006580547112462112,1000,0.10825000000000173,-128.25000000000486,-138.25000000000486,-1.2771362586605326,DEV
GLUE,2025-12-19,stop,1.7495029821073644,1.4844267726971483,0.01788479772439944,530,0.2829374999999992,-160.55687500000028,-165.8568750000003,-1.1060304837640873,DEV
GLUE,2025-12-26,stop,-0.015357877935061598,1.724860335195525,0.0174051792599309,511,0.2930092307692327,-159.9477169230795,-165.0577169230795,-1.1023858529004176,DEV
GLUE,2025-12-30,stop,4.221989528795775,3.979057591622937,0.002958488228004995,1000,0.047750000000000625,-67.75000000000375,-77.75000000000375,-1.6282722513089578,DEV
GLUE,2026-01-02,target,8.677787532923535,-0.1966637401229351,0.0026196916169868487,1000,0.040678571428571786,61.357142857144,51.357142857144,1.2625109745390863,HOLDOUT
GLUE,2026-01-12,eod,1.142857142857152,0.6651785714285723,0.018901358535144578,334,0.44799999999999685,-12.692000000000085,-16.032000000000085,-0.10714285714285847,HOLDOUT
GLUE,2026-01-15,target,2.0765027322404133,0.5464480874316952,0.011451814768460715,546,0.2745000000000033,288.8340000000019,283.3740000000019,1.890710382513651,HOLDOUT
GLUE,2026-01-16,stop_gap,1.9427505338709554,1.4339349178571221,0.008981650740894534,693,0.21618833333333143,-199.02960000000147,-205.95960000000147,-1.374727282539166,HOLDOUT
GLW,2026-01-28,target,2.4712033184320927,-0.0644661735243151,0.019221822938179835,72,2.083099147311927,298.52627721291674,297.8062772129167,1.9855983811242384,HOLDOUT
GLW,2026-04-16,stop,2.358911180866991,5.422432194979984,0.004013793860612176,230,0.6506194141999799,-154.2424652659912,-156.5424652659912,-1.046109905953038,HOLDOUT
GLW,2026-04-17,stop,1.661626555032773,1.185542542073941,0.012832289171058718,70,2.1351798433231295,-150.8625890326178,-151.56258903261778,-1.0140503387074367,HOLDOUT
GLW,2026-04-20,stop,-0.25638977368341703,1.4885531054494014,0.01600936561906495,57,2.6043058742423,-149.58543483181006,-150.15543483181006,-1.0115193842231416,HOLDOUT
GLW,2026-04-21,stop,5.0294391670587935,1.0120734202260802,0.00615884523944042,144,1.0375829968882613,-152.291951551907,-153.731951551907,-1.0289133496693301,HOLDOUT
GLW,2026-04-27,target,2.751147323752205,0.7924500443416856,0.007834731740174704,112,1.333066633634104,296.3669259340413,295.2469259340413,1.977495498542186,HOLDOUT
GLW,2026-04-29,stop,0.5685705533531976,1.2307033496632498,0.018556919866443946,54,2.7694313767437677,-150.62929434416247,-151.16929434416247,-1.010832548606153,HOLDOUT
GLW,2026-05-01,stop,2.1575968654768123,1.5602960383108953,0.005132685621329584,183,0.8175622888104215,-153.2738988523038,-155.10389885230381,-1.03669445179967,HOLDOUT
GLW,2026-05-04,stop,0.16316359375232034,2.085527389234187,0.010627896711542545,89,1.6796829648055507,-151.2717838676924,-152.16178386769238,-1.0178605133400604,HOLDOUT
GLXY,2026-08-04,stop,0.3583426651735718,1.714925611902091,0.017782771961766138,383,0.3906875000000021,-157.293312500002,-161.12331250000202,-1.0767877139657733,HOLDOUT
GLXY,2026-08-05,eod,1.2742498933625632,0.38853823019648326,0.023866881443298942,323,0.4630174999999994,101.74499999999811,98.51499999999811,0.6587224025009736,HOLDOUT
GLXY,2026-08-07,stop,0.6964524453564556,1.9774274787799577,0.020021787848605692,373,0.40203750000000227,-157.419987500002,-161.149987500002,-1.0746199048596285,HOLDOUT
GLXY,2026-08-10,stop,4.724026850468901,2.4564939622438318,0.004004107368041712,1000,0.07938142857142694,-99.38142857143006,-109.38142857143006,-1.3779221480375514,HOLDOUT
GLXY,2026-08-12,stop,0.5978423634173444,2.733117259096048,0.010925533144814665,648,0.23116461538461763,-162.75467076923425,-169.23467076923424,-1.1297776476304056,HOLDOUT
GLXY,2026-08-14,stop,2.571421540884378,7.917271586407074,0.0034722317156527837,1000,0.07388909090909124,-93.88909090909436,-103.88909090909436,-1.4060139275080992,HOLDOUT
GLXY,2026-08-19,stop,-0.13481252633056903,5.077938491784871,0.022142412935323322,337,0.4450624999999988,-156.72606250000064,-160.09606250000064,-1.067406263165293,HOLDOUT
GLXY,2026-08-21,target,7.7547774968506396,-1.939319759494657,0.006515950634532617,938,0.15990142857143042,281.2150800000005,271.8350800000005,1.812384415398755,HOLDOUT
GLXY,2026-08-24,stop,2.4398316705281817,2.498085015840016,0.011407227615965358,567,0.26436249999999717,-161.23353750000018,-166.90353750000017,-1.1134805428152763,HOLDOUT
GM,2025-10-01,stop,-0.3802487913520199,7.681025585311314,0.0021709238425435128,1000,0.13036811303170026,-150.36811303169628,-160.36811303169628,-1.2301176208073306,DEV
GM,2025-10-02,eod,0.9617998201852206,0.2592677776151546,0.009999790917454362,253,0.592723803884148,101.54526817511746,99.01526817511746,0.6602817261255678,DEV
GM,2025-10-08,stop,3.5735097934395808,1.1911699311465376,0.0039005936204585846,680,0.220567423020249,-163.58584765376662,-170.38584765376663,-1.136012832671314,DEV
GM,2025-10-09,eod,1.8857167916502573,0.4823926676314714,0.004047390841320527,663,0.2260795116308998,262.8181511588029,256.1881511588029,1.7091662354703745,DEV
GM,2025-10-10,eod,1.8832494216900153,0.740236766907068,0.008190308487874477,329,0.45538369771341536,231.53566782926936,228.24566782926937,1.5234533707548183,DEV
GM,2025-10-13,eod,0.38731917036232877,0.6003447140616304,0.009295589558955972,292,0.5119531518701947,-26.105163398777023,-29.025163398777025,-0.19416082146040342,DEV
GM,2025-10-16,target,2.3940333323102343,0.42969829041464785,0.005657405799617988,464,0.323023131264911,290.48546581383926,285.84546581383927,1.9071273939964597,DEV
GM,2025-10-20,stop,1.4127269844900199,2.1632381950003894,0.003905384012539367,667,0.22457476485405437,-163.1313681576516,-169.80136815765158,-1.1335858016794196,DEV
GME,2025-03-25,target,8.23276108454151,1.8261151229921453,0.0025696528033466665,1000,0.06560375000000107,111.20749999999902,101.20749999999902,1.5427090676980715,DEV
GME,2025-03-28,stop,0.7013744478214299,1.6011025114127109,0.018474426005910514,369,0.40634500000000173,-157.3213050000018,-161.01130500000178,-1.0738288892443688,DEV
GME,2025-03-31,stop,0.12745249497913413,7.434728873783423,0.011273075583420389,637,0.2353818181818177,-162.67821818181986,-169.04821818181986,-1.1274524949791578,DEV
GME,2025-04-03,stop,0.9918529768702841,1.4492497919731457,0.012283768744142413,572,0.2621356249999991,-161.38157750000127,-167.10157750000127,-1.1144445742542748,DEV
GTLB,2026-08-17,target,2.897717472546417,0.8999022595296903,0.007523965254706546,482,0.31058928571428623,289.7680714285739,284.9480714285739,1.903409417581799,HOLDOUT
GTLB,2026-08-19,stop_gap,0.3047619047619098,6.574149659864049,0.0055520304568527235,653,0.22968749999999716,-241.60999999999834,-248.13999999999834,-1.6544217687074922,HOLDOUT
GTLB,2026-08-20,eod,1.7684887459807122,0.5091103965702015,0.008847795163584568,401,0.3731999999999971,32.080000000002165,28.070000000002167,0.18756698821009096,HOLDOUT
GTLB,2026-08-21,stop,3.4718521112819776,2.192748701862297,0.003966598212128557,913,0.16417750000000098,-168.15405749999726,-177.28405749999726,-1.1827290584885009,HOLDOUT
GTLB,2026-08-24,stop,0.020553928369570134,2.44591747597759,0.011737635705669488,308,0.4865250000000003,-156.00969999999887,-159.08969999999889,-1.0616617851086707,HOLDOUT
GTLB,2026-08-25,stop_gap,3.4628190899001488,3.6108028116907445,0.004078645581844481,887,0.1689374999999984,-168.52999999999798,-177.399999999998,-1.183869774324822,HOLDOUT
GTLB,2026-08-28,stop,-0.5847098377430154,2.5727232860692393,0.007689973021582903,438,0.3420500000000075,-158.57790000000153,-162.95790000000153,-1.0877064756614392,HOLDOUT
GTLB,2026-08-31,stop,-0.07060588676581254,7.437153405998631,0.004713709230086481,706,0.2124468749999977,-164.10749374999557,-171.16749374999557,-1.141211773531601,HOLDOUT
GTLB,2026-09-01,eod,1.589471683239771,0.8162151886906812,0.010300077433628358,322,0.4655635000000018,28.980000000001098,25.7600000000011,0.17183477656646862,HOLDOUT
GTLB,2026-09-02,stop,2.699533656970307,1.2757539849394182,0.020149032444401596,143,1.046439999999997,-152.50091999999898,-153.930919999999,-1.0286686288750393,HOLDOUT
GTLB,2026-09-03,stop,1.6039080589044994,1.5061087870200704,0.010284676121504743,293,0.5112512500000008,-155.65661624999908,-158.58661624999908,-1.0586795631306447,HOLDOUT
GWRE,2025-01-13,target,43.90394723280638,0.20612181799420914,0.000285802650957343,1000,0.04851500000000897,77.03000000003613,67.03000000003613,1.381634546017185,DEV
GWRE,2025-01-14,stop,0.08755099845662863,3.577083651226847,0.004701758306380442,187,0.7995339999999942,-153.2528579999955,-155.12285799999552,-1.037521856481378,DEV
GWRE,2025-01-15,stop,0.7909266721524855,1.4876954071439665,0.006079600189723877,141,1.062045357142864,-152.56839535714127,-153.97839535714127,-1.0282473811482857,DEV
GWRE,2025-01-17,stop_gap,7.568198505186991,6.580943953913313,0.0007403066202090238,1000,0.13279249999999365,-234.99999999998522,-244.99999999998522,-1.8449837151947357,DEV
GWRE,2025-01-29,stop,1.5266327003242155,1.6229735988883616,0.00655800447122866,111,1.349375000000009,-152.000624999999,-153.110624999999,-1.0222325150532519,DEV
GWRE,2025-01-31,stop,6.195485261382985,2.0710622159480043,0.002639108193964357,265,0.5649275000000102,-155.0057874999979,-157.6557874999979,-1.0531041593832506,DEV
GWRE,2025-05-27,stop_gap,4.975845410627836,3.5265700483090643,0.0019626434057078584,362,0.4140000000000157,-180.9999999999897,-184.61999999998972,-1.2318840579708992,DEV
GWRE,2025-05-28,stop_gap,2.5656071719641567,1.7128497690845286,0.0017579686459772955,407,0.3680999999999983,-163.04419999999885,-167.11419999999885,-1.1154577560445504,DEV
GWRE,2025-05-29,stop,0.5827153019524774,3.1595277735734646,0.006378798484226841,113,1.3214000000000112,-151.5781999999992,-152.7081999999992,-1.02270319358255,DEV
GWRE,2025-05-30,stop,-0.04401193212380834,4.21145288278157,0.004846653394008305,146,1.022449999999992,-152.1976999999962,-153.6576999999962,-1.0293412880825292,DEV
GWRE,2025-06-06,stop,4.096624521692723,1.8625830943371715,0.0018401641396577427,317,0.4724621428571254,-156.11049928570299,-159.28049928570297,-1.0634971509432745,DEV
GWRE,2025-06-10,target,2.2419834959870264,0.2750668827009246,0.010415620094191606,56,2.6539000000000215,296.1168000000034,295.5568000000034,1.9886958815328455,DEV
GWRE,2025-06-12,stop,0.32462159977318206,1.7032094325762248,0.004736785086668217,126,1.185996249999988,-151.9555274999962,-153.2155274999962,-1.0252951895927007,DEV
GWRE,2025-08-19,stop,0.7123953046673094,1.0486658156116586,0.009400611155341226,74,2.007312500000012,-150.02112499999953,-150.76112499999954,-1.0149453560419623,DEV
GWRE,2025-08-21,stop_gap,2.087118565105992,1.355695317959452,0.005031409685434352,139,1.0732500000000016,-185.56499999999716,-186.95499999999714,-1.253202888422993,DEV
GWRE,2025-08-26,stop,-0.38278182837915053,2.070947840717903,0.004835811585064045,147,1.0188571428571436,-152.71199999999743,-154.18199999999743,-1.0294447560291464,DEV
GWRE,2025-08-27,stop_gap,1.4126200986756903,16.037392884966426,0.0005597383720929736,1000,0.12034374999998931,-269.9999999999818,-279.9999999999818,-2.326668397818804,DEV
GWRE,2025-08-28,stop_gap,-2.8608247422686666,32.06185567010985,0.0004449541284402752,1000,0.09699999999997999,-709.9999999999795,-719.9999999999795,-7.422680412372454,DEV
GWRE,2025-08-29,eod,0.8695997383639027,0.9679023174832965,0.0061181933842239635,113,1.3224475000000098,-100.56999999999846,-101.69999999999845,-0.6805563169804318,DEV
GWRE,2025-09-08,stop,0.6382435537400966,1.9087094956189734,0.006364224402207356,90,1.6608080000000314,-151.2727200000012,-152.1727200000012,-1.0180634968039541,DEV
GWRE,2025-09-09,target,4.870296124625172,-0.13655035863435547,0.005085040311692111,113,1.318194999999946,295.65206999998986,294.52206999998987,1.9772416068942889,DEV
HCSG,2025-04-22,stop,1.028806584362109,2.6748971193415567,0.005186766275346897,1000,0.04860000000000042,-68.6,-78.6,-1.6172839506172698,DEV
HCSG,2025-04-25,stop,-0.49260217096812553,8.866839077426436,0.0030481016731016925,1000,0.040600714285714545,-60.60071428571412,-70.60071428571412,-1.7389032564521936,DEV
HCSG,2025-04-28,target,3.3270357299871307,5.941135232119928,0.0030895374449340387,1000,0.0420795000000016,64.15900000000363,54.15900000000363,1.2870637721456188,DEV
HCSG,2025-07-08,stop_gap,0.9285247008673695,1.5194040559647428,0.004026767505098495,1000,0.059233749999998864,-89.99999999999808,-99.99999999999808,-1.6882267288496846,DEV
HCSG,2025-07-09,stop,-0.09148944974663545,1.3241894042276132,0.011497534602076262,902,0.16613937500000198,-167.8977162500014,-176.9177162500014,-1.1805712823946715,DEV
HCSG,2025-07-11,target,2.067082683307371,0.15600624024960924,0.009405722670579448,1000,0.12819999999999787,236.39999999999617,226.39999999999617,1.7659906396255842,DEV
HCSG,2025-07-14,eod,1.0356671070013312,0.7890797005724404,0.007622851772287817,1000,0.10138392857142797,-79.9999999999983,-89.9999999999983,-0.8877146631439778,DEV
HCSG,2025-07-15,target,3.3077377436503537,0.04725339633785284,0.007949849737039742,1000,0.10581249999999898,191.62499999999838,181.62499999999838,1.7164796219728307,DEV
HCSG,2025-07-17,stop_gap,5.619839474329017,3.371903684597397,0.0020374926600116926,1000,0.02669115384615317,-54.999999999999716,-64.99999999999972,-2.4352637722092245,DEV
HCSG,2025-07-21,stop,1.497747747747743,1.1036036036035972,0.004970891177787779,1000,0.06342857142857206,-83.42857142857163,-93.42857142857163,-1.4729729729729615,DEV
HCSG,2026-02-17,target,5.635296635753311,0.9839406824331459,0.005303385063703038,1000,0.11179535714286004,203.59071428571696,193.59071428571696,1.7316525411545758,HOLDOUT
HCSG,2026-02-19,stop,0.721695985566102,2.886783942264312,0.005495785820525494,1000,0.11084999999999923,-130.85000000000235,-140.85000000000235,-1.2706359945873102,HOLDOUT
HCSG,2026-02-20,stop,0.4559083159072449,1.8236332636289796,0.007467881461923339,976,0.15353964285714383,-169.37469142857543,-179.13469142857542,-1.1953892782459816,HOLDOUT
HCSG,2026-02-23,stop,0.4107450915961631,4.518196007557736,0.00600542673902316,1000,0.12172999999999945,-141.73000000000258,-151.73000000000258,-1.24644705495772,HOLDOUT
HCSG,2026-02-24,stop,0.021108179419520753,2.131926121372016,0.011317486860965183,633,0.23687500000000128,-162.6018750000028,-168.9318750000028,-1.126649076517163,HOLDOUT
HCSG,2026-02-25,stop,1.4404432132963711,3.1024930747922204,0.004231129864041306,1000,0.09025000000000105,-110.25000000000418,-120.25000000000418,-1.3324099722991998,HOLDOUT
HCSG,2026-02-26,stop,0.35727594779071326,2.7076365729056784,0.007065962269182138,990,0.1514235714285732,-169.70933571429057,-179.60933571429058,-1.1981197492370215,HOLDOUT
HCSG,2026-02-27,stop,-0.1922306768121624,2.0504605526632327,0.007272250698974712,961,0.15606249999999733,-169.19606250000044,-178.80606250000045,-1.1922306768121982,HOLDOUT
HCSG,2026-03-03,stop,-0.5642120308811986,3.33778433935475,0.010156924546322728,705,0.21268599999999793,-164.04363000000075,-171.09363000000076,-1.1410530077203176,HOLDOUT
HCSG,2026-04-16,target,4.19977298524406,0.15134317063944933,0.006900783289817198,1000,0.13214999999999932,244.29999999999552,234.29999999999552,1.7729852440408378,HOLDOUT
HCSG,2026-04-20,stop_gap,0.27149544628089334,1.5837234366386785,0.005755160984848666,1000,0.11049909090909438,-175.00000000000426,-185.00000000000426,-1.674221918732349,HOLDOUT
HCSG,2026-04-23,stop,0.5310233816232739,1.2943694927067249,0.027963341067285315,248,0.6026099999999985,-154.4072800000004,-156.8872800000004,-1.049783442027187,HOLDOUT
HCSG,2026-04-29,target,2.792109256449145,0.4552352048558337,0.007592165898617581,910,0.1647500000000015,281.64499999999987,272.54499999999985,1.8179059180576453,HOLDOUT
HCSG,2026-04-30,stop,0.0,7.531610120005133,0.002480284937337466,1000,0.05244562500000072,-72.44562500000384,-82.44562500000384,-1.5720210217726018,HOLDOUT
HCSG,2026-05-01,target,9.140008309098267,0.4221022019111057,0.0027910482374768546,1000,0.06017500000000098,100.34999999999883,90.34999999999883,1.5014540922309492,HOLDOUT
HCSG,2026-05-04,target,4.539007092198363,-0.28368794326239455,0.003305203938115456,1000,0.07050000000000267,121.00000000000222,111.00000000000222,1.5744680851063548,HOLDOUT
HCSG,2026-05-06,stop,-0.06279434850862309,3.0141287284145104,0.007281664380429655,941,0.15924999999999656,-168.67424999999972,-178.0842499999997,-1.1883830455259263,HOLDOUT
HOOD,2026-08-17,stop,0.7973050100220576,3.8825287444551857,0.003011816514035069,519,0.2884717857142789,-160.09685678571606,-165.28685678571605,-1.1039963056550846,HOLDOUT
HOOD,2026-08-19,stop,0.8123040860346142,7.449872859905139,0.009265092463175958,174,0.8617462499999959,-153.42384750000107,-155.16384750000108,-1.0348130322586382,HOLDOUT
HOOD,2026-08-24,stop,3.198031980319787,4.163591635916354,0.007688670323434863,184,0.8130000000000024,-153.27200000000232,-155.11200000000233,-1.0369003690037026,HOLDOUT
HOOD,2026-08-26,eod,1.2242447547782873,0.8553233065595215,0.011604179947181464,117,1.2742549999999966,146.24999999999835,145.07999999999836,0.9731176255929853,HOLDOUT
HOOD,2026-08-28,target,6.989555570957373,2.0587265483399295,0.00549509509740547,252,0.5951737499999865,294.9275699999906,292.40756999999064,1.9495945511709634,HOLDOUT
HOOD,2026-08-31,stop,-0.07485308618591391,2.9362439976490586,0.01523132831459559,97,1.5376787499999978,-151.09483875000078,-152.06483875000077,-1.0195099268946848,HOLDOUT
HOOD,2026-09-01,eod,1.1350326623760794,0.9466655396838851,0.01975596374045802,72,2.070425,91.43999999999869,90.71999999999869,0.6085707040824863,HOLDOUT
HPE,2026-06-01,stop,-0.40733980209434506,5.618215006244626,0.014680412952724748,231,0.6486713286542525,-154.4630769191314,-156.7730769191314,-1.0462483829248852,HOLDOUT
HPE,2026-06-04,stop,0.5049218403942033,1.4596831385941473,0.02059904500756441,138,1.0861109871467747,-152.64331622625434,-154.02331622625434,-1.0276214865285602,HOLDOUT
HPE,2026-06-05,target,2.0685245778329295,0.93237973508291,0.01612417182578478,185,0.8074019717050192,295.03872953085784,293.1887295308578,1.962843786550776,HOLDOUT
HPE,2026-06-15,target,2.7706263234688944,3.1983102777643335,0.004079972694041077,757,0.19793400436046227,284.5320826017429,276.9620826017429,1.8484343299327068,HOLDOUT
HPE,2026-06-18,stop,1.354431570180769,1.2691130460748952,0.00985664592949372,319,0.4688313636363688,-155.93720500000038,-159.12720500000037,-1.063988893079398,HOLDOUT
HPQ,2026-05-07,target,13.7979256496898,14.730217923317543,0.0012616149141379735,1000,0.026493063309018794,32.98612661803446,22.98612661803446,0.8676281164590545,HOLDOUT
HPQ,2026-05-11,target,4.011583340431041,-0.10220594497915328,0.00877700530761742,775,0.19332948045992637,284.16069471288347,276.41069471288347,1.8448244937676666,HOLDOUT
HPQ,2026-05-12,stop,2.1071980001470587,1.3601941033747602,0.00643377483443708,1000,0.1343739506788424,-154.37395067884552,-164.37395067884552,-1.223257557349817,HOLDOUT
HPQ,2026-05-14,eod,1.57298568070101,0.34161145543919197,0.01381376948512041,519,0.28891980211843915,194.72280288878108,189.53280288878108,1.263978592657024,HOLDOUT
HPQ,2026-05-15,stop,1.0126830383758112,1.9273644923926094,0.007385223160434226,991,0.15121762461034294,-169.67666598885296,-179.58666598885296,-1.1983895731552923,HOLDOUT
HPQ,2026-05-18,stop,49.71662903747407,10.182924019723226,0.0003966408977099257,1000,0.008246898997423813,-28.24689899742694,-38.24689899742694,-4.637730983412626,HOLDOUT
HPQ,2026-05-26,eod,1.0594317111989349,0.40932588841777107,0.008514083640836289,731,0.20516060539899428,-43.50827619320678,-50.818276193206785,-0.33885085075832116,HOLDOUT
HUT,2026-07-16,stop,2.2828928797434216,1.1978141652974756,0.029414546632124363,52,2.838503750000001,-148.64219500000058,-149.1621950000006,-1.0105689485173344,HOLDOUT
HUT,2026-07-28,stop,1.1026903303294628,3.9634853238749637,0.023999506551478016,66,2.2581135714285665,-150.35549571428606,-151.01549571428606,-1.0132854256666244,HOLDOUT
HUT,2026-07-31,stop,0.9335082378987796,1.9875518801416399,0.018183497881525356,76,1.9496346428571485,-149.69223285714406,-150.45223285714405,-1.0153874984269082,HOLDOUT
HUT,2026-08-17,stop,0.20074043603454927,2.3299053887289274,0.017963762118704145,98,1.5193749999999966,-150.85875000000067,-151.83875000000066,-1.0197449609214382,HOLDOUT
HUT,2026-08-18,stop,1.9425333872926183,2.5091056252529547,0.014948578342407592,121,1.2354999999999876,-151.91549999999972,-153.12549999999973,-1.0242816673411659,HOLDOUT
HUT,2026-08-19,stop,1.0355104112976083,3.286350407112165,0.02075587194337189,93,1.612731249999996,-151.84400625000058,-152.77400625000058,-1.0186019834364903,HOLDOUT
HUT,2026-08-24,stop,0.3205160358335966,2.8891586328661734,0.012675864699898306,150,0.9968300000000028,-152.52450000000195,-154.02450000000195,-1.0300954024256996,HOLDOUT
HUT,2026-08-31,target,3.54832146490334,-0.09766022380468246,0.011668302101798016,162,0.9215625000000074,295.34625000000074,293.72625000000073,1.9674465920650959,HOLDOUT
HUT,2026-09-01,stop,0.3698335061515423,2.374881275039222,0.02149492477498185,91,1.635871249999994,-150.68428375000036,-151.59428375000036,-1.0183388515447105,HOLDOUT
HUT,2026-09-02,stop,0.8816872084968056,12.86226045336502,0.005038205980066449,388,0.385624285714286,-157.38222285714693,-161.26222285714692,-1.0777959301615085,HOLDOUT
INDV,2025-07-30,stop,3.3357717629846877,1.9312362838332353,0.006516971777269146,1000,0.11391666666666467,-133.9166666666678,-143.9166666666678,-1.2633504023409245,DEV
INDV,2025-08-01,stop_gap,-1.2452166718378483,6.747336849726015,0.008665531457250285,868,0.17266071428571195,-390.60000000000247,-399.2800000000025,-2.6641845071879726,DEV
INDV,2025-08-04,stop,0.4519906421196731,2.0255876924622167,0.014359555288461565,502,0.29867875000000055,-159.97673250000184,-164.99673250000185,-1.1004423649154922,DEV
INDV,2025-08-06,stop_gap,10.615979576876084,2.527614184970543,0.0018065296803655105,1000,0.03956300000000468,-80.0000000000054,-90.0000000000054,-2.274852766473593,DEV
INDV,2025-08-07,eod,1.823407575024877,0.8759363851200167,0.00624413172288055,1000,0.13699624999999926,-130.00000000000256,-140.00000000000256,-1.0219257826400598,DEV
INDV,2025-08-13,stop,1.1732588407085178,1.2443654371151063,0.006161398842121747,1000,0.14063392857142887,-160.633928571432,-170.633928571432,-1.2133197892197538,DEV
INDV,2025-08-18,stop,1.6027934399954287,2.51867540570712,0.00371059898045879,1000,0.08734749999999991,-107.34750000000304,-117.34750000000304,-1.343455737141912,DEV
INDV,2025-10-22,target,2.237866884331509,4.0948202564363845,0.00428965336134457,1000,0.10501071428571507,190.021428571427,180.021428571427,1.7143148658299896,DEV
INDV,2025-10-23,stop,1.0788179237892292,3.4881779535851214,0.0055907145729220805,1000,0.13904107142857214,-159.04107142857526,-169.04107142857526,-1.2157635847578654,DEV
INDV,2025-10-27,target,3.2854209445585045,-0.21426658334077975,0.005573746019108319,1000,0.14001250000000098,260.02499999999884,250.02499999999884,1.785733416659206,DEV
INDV,2025-10-28,stop,0.3782684760508477,15.603574637097786,0.002166018025399549,1000,0.05287250000000299,-72.87250000000611,-82.87250000000611,-1.5674027140763427,DEV
INDV,2025-10-29,stop,4.857316332725967,6.476421776968004,0.001976400000000069,1000,0.04941000000000173,-69.41000000000486,-79.41000000000486,-1.6071645415908131,DEV
INDV,2025-10-31,target,5.180891465120875,0.5756546072356528,0.005287242137301364,959,0.15634375000000134,280.68731249999956,271.0973124999996,1.8081151309214287,DEV
INDV,2025-11-04,stop,-0.5848970107020413,4.489479757821024,0.010296061197916675,474,0.3162950000000002,-159.4038300000016,-164.1438300000016,-1.0948481638976373,DEV
INDV,2025-11-07,target,2.716872432473731,0.7528682644204312,0.00978220727932541,491,0.30549833333333254,290.179363333331,285.269363333331,1.9017997915973248,DEV
INDV,2025-11-10,target,4.668810289388831,2.9003215434082543,0.0022822672967975914,1000,0.0706818181818214,121.36363636363967,111.36363636363967,1.5755627009646054,DEV
INDV,2025-11-11,target,2.3299632079789103,4.243861557390124,0.003922113950018708,1000,0.12017357142857321,220.3471428571433,210.3471428571433,1.7503610848593776,DEV
INDV,2026-04-24,stop,-0.6619385342789771,3.4567901234567935,0.004145252613240467,1000,0.13596428571428731,-155.96428571428333,-165.96428571428333,-1.2206461780929547,HOLDOUT
INDV,2026-04-28,stop,1.6063815156099754,1.2542978957502329,0.006611923468645386,660,0.2272187499999987,-163.1643749999965,-169.7643749999965,-1.132031357447377,HOLDOUT
INDV,2026-05-04,stop,1.3310384394721744,4.199655765920834,0.005605222536660648,688,0.21787499999999937,-163.65799999999683,-170.53799999999683,-1.1376936316695174,HOLDOUT
INFY,2025-12-03,stop_gap,-0.8729139922979727,15.404364569963072,0.00044273941460637006,1000,0.00762152603170918,-29.783730464330915,-39.783730464330915,-5.219916628088868,DEV
INFY,2025-12-05,target,3.151107029894603,0.13427201305986594,0.0019296026762828892,1000,0.0342465509133163,48.49310182662947,38.49310182662947,1.1239993751213633,DEV
INFY,2025-12-08,target,2.6399676738653763,0.29332974154061425,0.0026774294369378616,1000,0.04669564796154191,73.39129592308069,63.39129592308069,1.3575418414857239,DEV
INFY,2025-12-09,stop,13.35319759421575,21.850686972353003,0.0004618854652496932,1000,0.008059570061025312,-28.059570061028438,-38.05957006102844,-4.72228292239532,DEV
INFY,2025-12-11,eod,0.8913649025069813,0.7130919220055592,0.006277979854504742,1000,0.10976122471910088,48.48611235954792,38.48611235954792,0.3506348663477557,DEV
INFY,2025-12-12,eod,1.532639322809373,0.9962155598260174,0.0036738132363129446,1000,0.06383583176139496,-39.56746119235177,-49.56746119235177,-0.77648336090653,DEV
INFY,2025-12-15,eod,1.4934171742974625,0.314403615641538,0.0035767500702840013,1000,0.0622367562549222,-15.108134701915077,-25.108134701915077,-0.40342935931737794,DEV
INFY,2025-12-16,stop,0.3702071397091446,3.0850594975760854,0.002284626847637818,1000,0.03964157924772849,-59.64157924773161,-69.64157924773161,-1.7567811517428928,DEV
INFY,2025-12-17,stop_gap,0.273940437522188,21.367354126722308,0.0010205279763566197,1000,0.01785740470522512,-39.567461031836615,-49.567461031836615,-2.775737115782175,DEV
INFY,2025-12-23,target,6.45060138419134,0.8063251730239581,0.0029614619262404774,1000,0.054601775335825664,89.2035506716482,79.2035506716482,1.4505673155224434,DEV
INTC,2025-09-10,stop,0.7982535600373518,1.041200295700882,0.011755569155446668,520,0.28812899999999786,-160.2270800000005,-165.4270800000005,-1.1041200295701,DEV
INTC,2025-09-11,stop,0.869776678960773,1.6836217727880447,0.004995080433893717,1000,0.12336500000000328,-143.3650000000064,-153.3650000000064,-1.2431808049284832,DEV
INTC,2025-09-12,eod,1.4457831325301134,0.19844082211197794,0.007256737296852506,850,0.17637500000000017,174.24999999999855,165.74999999999855,1.1055988660524343,DEV
INTC,2025-09-16,stop,0.2594177923545987,6.312499613961635,0.002315186615186599,1000,0.05782178571428531,-77.82178571428844,-87.82178571428844,-1.5188355847092319,DEV
INTC,2025-09-19,stop,2.3256927691008884,1.4037965363041442,0.007971891479157297,628,0.2386385714285737,-162.42502285714625,-168.70502285714625,-1.1257131226541153,DEV
INTC,2025-09-26,stop,0.3017004936917253,4.404827207899108,0.00951362070765043,452,0.331454545454541,-158.85745454545074,-163.37745454545075,-1.0905101481075044,DEV
INTC,2025-09-30,eod,0.8085614293907253,0.7418905746865626,0.01053273142515617,425,0.3524778571428513,-44.62499999999565,-48.87499999999565,-0.3262616294032419,DEV
IOT,2025-08-19,target,7.986471005400425,-0.8728383612458993,0.003375626104891092,1000,0.11456875000000366,209.1375000000113,199.1375000000113,1.73814849162625,DEV
IOT,2025-08-26,target,2.3876142510725784,0.07461294534601343,0.009785703855140169,447,0.3350624999999994,290.6058750000012,286.1358750000012,1.9104644655847904,DEV
IOT,2025-08-29,target,3.2004042615909634,-0.024063189936786505,0.00568576412641943,721,0.20778624999999806,285.2077725000001,277.9977725000001,1.8556208603793742,DEV
IOT,2025-09-09,target,3.112081235199833,0.7039231365333004,0.01382411438326944,277,0.5398316666666716,293.52674333333715,290.75674333333717,1.9444271208000106,DEV
IOT,2025-12-09,eod,0.8331486815865196,0.8686018169731856,0.012818109520563604,265,0.5641250000000042,53.00000000000075,50.350000000000755,0.33680478617327975,DEV
IOT,2025-12-11,target,2.101840611850117,0.4074997104607304,0.010430827740492086,321,0.4662579999999963,292.9176359999989,289.7076359999989,1.935657940453577,DEV
IOT,2025-12-12,target,7.666304789639829,0.6688722299685514,0.004597989117577396,771,0.19435699999999656,284.27849399999775,276.56849399999777,1.8456448700072725,DEV
IOT,2025-12-15,stop,4.063381810288723,1.146082049055786,0.007062484670100519,520,0.2879374999999982,-160.12749999999699,-165.32749999999697,-1.1041892771868762,DEV
IOT,2025-12-16,target,3.2543585158694626,0.5632543585158681,0.008023385100964823,469,0.31957142857142884,290.3780000000021,285.6880000000021,1.9061242735807007,DEV
IOT,2025-12-17,eod,1.3091483155946197,0.5644739501946042,0.010102859180497779,385,0.38956624999999434,119.3500000000036,115.50000000000361,0.7700872444674397,DEV
IOT,2025-12-18,eod,1.1369564129025354,0.9819169020521671,0.010036258428423187,387,0.3869981249999981,150.93000000000296,147.06000000000296,0.9819169020521986,DEV
IOT,2026-03-11,target,5.735336670308977,0.06910044181093764,0.008802729622870847,518,0.2894337499999935,289.4933649999953,284.3133649999953,1.896349337283587,HOLDOUT
IOT,2026-03-12,stop,2.866175322325821,1.5330705212440312,0.00702806281788141,666,0.22503857142856276,-163.19568857142013,-169.85568857142013,-1.1333104801081593,HOLDOUT
IOT,2026-03-16,stop,0.04513959419505537,3.9948540862617667,0.00697748031496061,677,0.22153499999999937,-163.5191950000017,-170.2891950000017,-1.1354187825851592,HOLDOUT
IOT,2026-03-18,target,3.610531921615275,0.293355718631264,0.006493962485345954,676,0.22157400000000393,286.048048000008,279.288048000008,1.8646050529394447,HOLDOUT
IOT,2026-03-19,stop,1.404929835886794,1.9291573865908205,0.007027588312071222,629,0.23844607142857654,-162.56257892857215,-168.85257892857214,-1.1258146121689496,HOLDOUT
IOT,2026-03-24,stop,1.8929473926028257,2.389156903285112,0.008535294117646964,551,0.272062499999997,-160.92643749999812,-166.4364374999981,-1.1102687801516193,HOLDOUT
IOT,2026-08-19,stop_gap,3.0379234105753947,2.3459519670554485,0.0073962052178253666,506,0.29625499999999505,-228.96499999999668,-234.02499999999668,-1.5611550859901138,HOLDOUT
IOT,2026-08-20,stop,0.8994275394215648,1.3181265663936352,0.008225186420721968,465,0.3224273076923012,-159.22869807691822,-163.87869807691823,-1.0930442282160098,HOLDOUT
IOT,2026-08-24,target,7.737964387777883,0.43965706748735345,0.0028066386969396637,1000,0.11372499999999519,207.44999999999436,197.44999999999436,1.736205759507608,HOLDOUT
IOT,2026-08-25,target,7.689836042795627,0.7598652216201209,0.0041285696359105745,911,0.16450285714285684,281.5042057142888,272.3942057142888,1.817632346811195,HOLDOUT
IOT,2026-08-28,target,4.7715881426319395,0.40097379349846024,0.0029924748877233668,1000,0.1246964285714327,229.3928571428694,219.3928571428694,1.759415723900942,HOLDOUT
IOT,2026-08-31,eod,0.5673758865248201,0.8768536428110989,0.0118144424131627,309,0.4846874999999997,47.89500000000035,44.80500000000035,0.29916183107672717,HOLDOUT
IOT,2026-09-02,target,3.5718082279154006,1.9729988306580304,0.007793445121951158,510,0.29396874999999767,289.64812499999965,284.54812499999963,1.8979483363452876,HOLDOUT
IOT,2026-09-04,target,2.4049531298173985,0.5247886085886002,0.022029238921001896,163,0.9146539999999987,294.91720400000025,293.28720400000026,1.9672007119632167,HOLDOUT
IQV,2025-07-08,stop,0.17396484956807257,2.5046172177539665,0.012854976564653873,71,2.098124999999982,-150.38687499999742,-151.09687499999742,-1.014298480786408,DEV
IQV,2025-07-09,target,4.949788206177712,0.49613261740243675,0.005266474752384999,173,0.8667037499999992,296.4194975000029,294.68949750000286,1.9653860964603165,DEV
IQV,2025-07-11,eod,1.2411711439782942,0.7051011168125637,0.0063652782047339375,144,1.035312499999975,-24.4799999999982,-25.9199999999982,-0.17386054935103348,DEV
IQV,2025-07-14,target,3.1668875176564,3.148893838578823,0.0017330382758067027,539,0.2778753571428467,288.7696349999986,283.3796349999986,1.892037925534506,DEV
IQV,2025-07-15,target,8.402967799773526,-0.24084939553492016,0.0023245878693624487,401,0.37367750000001365,291.66935500001824,287.65935500001825,1.9197168681550785,DEV
IQV,2025-07-16,stop,1.5391568209697266,1.6321260249208918,0.006140580399619423,154,0.968062500000002,-152.1616249999975,-153.7016249999975,-1.0309897346503782,DEV
IQV,2025-07-17,stop,-0.15548945375878548,3.5424553812872572,0.009327784083742989,101,1.4791999999999632,-151.41919999999445,-152.42919999999444,-1.0202812330989606,DEV
IQV,2025-07-18,target,3.0699013558233914,0.36759336623128397,0.00620215047137847,149,1.0065470000000118,296.97100600000624,295.48100600000623,1.970195132467752,DEV
IQV,2025-07-21,target,9.392521125184558,3.503559467330765,0.0008388524619453538,1000,0.13414928571430096,248.2985714286201,238.2985714286201,1.7763685446385968,DEV
IQV,2025-07-24,stop_gap,9.263090167543446,1.6483193029964676,0.002120313983333868,348,0.43074178571427524,-173.9999999999901,-177.4799999999901,-1.184004006377665,DEV
IQV,2025-07-25,stop,1.0694226473549393,2.1354556825153743,0.007491784961527625,101,1.4750949999999818,-151.00459499999633,-152.01459499999632,-1.0203376731668008,DEV
IQV,2026-07-15,target,16.756649464072556,2.9456133386263725,0.0008587041373926832,833,0.17992857142857588,283.10100000002257,274.7710000000226,1.8332671695118163,HOLDOUT
IQV,2026-07-17,eod,1.4557549917662134,0.24616265166894333,0.005677097352687261,127,1.178082857142897,156.84500000000173,155.57500000000172,1.0398249941187505,HOLDOUT
IQV,2026-07-20,stop_gap,-0.1997601780280221,3.28835985369215,0.0031995101137799885,230,0.6507803571428497,-219.64999999999634,-221.94999999999635,-1.4828351676695761,HOLDOUT
IQV,2026-07-22,stop,0.3722428526687898,2.2477741488076384,0.007050966585907566,107,1.396937500000007,-151.6123124999988,-152.6823124999988,-1.0214755491924168,HOLDOUT
IQV,2026-07-28,stop,1.8780815199689997,3.3368704215263323,0.007148950279529025,87,1.7171778571428717,-151.13447357142826,-152.00447357142826,-1.017470525767143,HOLDOUT
IQV,2026-07-29,target,2.183549177458872,1.5602380119006032,0.005181371581781881,117,1.2754464285714278,296.1144642857162,294.9444642857162,1.9764788239412112,HOLDOUT
IQV,2026-07-30,eod,1.6004718181407616,0.4399513913165583,0.008820157315154608,71,2.1025049999999794,40.11500000000186,39.405000000001856,0.26397083478994415,HOLDOUT
IQV,2026-07-31,stop,0.712976892418922,1.8563325635343488,0.008301731559802782,77,1.9285337499999855,-150.03709874999748,-150.8070987499975,-1.0155558594709488,HOLDOUT
IQV,2026-08-03,stop,1.5304757803114273,1.4434345037060548,0.005918503691937863,108,1.378656250000006,-151.05487499999867,-152.1348749999987,-1.0217603191513343,HOLDOUT
JBHT,2025-10-01,eod,0.8339607343487935,0.567556610876241,0.0065119173329308035,175,0.8563412026284709,-20.85793252561885,-22.60793252561885,-0.15086064464041474,DEV
JBHT,2025-10-06,stop,0.3849326367886054,5.806983777838873,0.006645107067163625,166,0.9018685805233986,-153.03018436688114,-154.69018436688114,-1.0332642700365182,DEV
JBHT,2025-10-09,target,4.84060224782632,-0.3392945500813067,0.0060238963073989205,171,0.8770095428748732,296.51726366320975,294.80726366320977,1.9657928465616914,DEV
JBHT,2025-10-10,target,5.413782415538616,0.31408203326790524,0.008460072722187507,124,1.2000530637136535,295.1331598009883,293.8931598009883,1.975001105445167,DEV
JBHT,2025-10-13,stop,0.46831098346105626,3.3160450929379084,0.003239580740833043,338,0.44266164325182444,-156.3796354191105,-159.7596354191105,-1.067771853417431,DEV
JBHT,2025-10-15,stop,0.8510432999638303,2.8097937522615952,0.005324518860266369,204,0.7342582610470174,-153.86868525358784,-155.90868525358783,-1.0408575586976756,DEV
JBHT,2025-10-17,target,3.8790563563139777,0.18972590122559904,0.006771316960951425,133,1.1240141647329267,296.3277678189609,294.99776781896094,1.9733099448910327,DEV
JBHT,2025-10-20,stop,0.7733152022720882,1.1037316977883893,0.00428990633589844,212,0.7054497588554511,-153.79534887735178,-155.9153488773518,-1.042526061740605,DEV
KMT,2024-11-07,target,12.507391836172763,-0.6480513904752729,0.004976096420509456,1000,0.14545002924480244,270.90005848960175,260.90005848960175,1.7937435959568557,DEV
KMT,2024-11-11,stop,0.22861372988741946,4.902494429808284,0.006696328335722871,808,0.18553825155519377,-166.0749072565991,-174.1549072565991,-1.1616917252832835,DEV
KMT,2024-11-12,stop,1.7982989064399297,3.4507897934387497,0.003487879301576442,1000,0.09761788055744702,-117.61788055745015,-127.61788055745015,-1.3073207472717918,DEV
KMT,2024-11-15,target,6.74937965260561,-1.9851116625310676,0.002611908053923206,1000,0.07170110491259507,123.40220982518701,113.40220982518701,1.5815964058493428,DEV
KMT,2024-11-20,stop_gap,-0.5547850208044323,5.447064262598111,0.003900108186080148,1000,0.1026233168630597,-161.86024846072655,-171.86024846072655,-1.6746705691656454,DEV
KMT,2025-10-22,stop,2.0936390319997864,1.9704837948233653,0.005379748233215593,1000,0.11886977902451079,-138.86977902451392,-148.86977902451392,-1.2523770149670856,DEV
KMT,2025-10-23,target,3.4803149606299435,12.897637795276093,0.001088129958702434,1000,0.023836004125104893,27.67200825020666,17.67200825020666,0.7413997815008724,DEV
KMT,2025-10-24,stop,6.999002991028019,3.110667996012222,0.0008487771854107471,1000,0.018824812706675687,-38.82481270667881,-48.82481270667881,-2.5936413534337306,DEV
KMT,2025-10-27,stop,1.7267429311460625,1.007266709835212,0.0030560686015831617,1000,0.06782450439986931,-87.82450439987244,-97.82450439987244,-1.4423180127219761,DEV
KMT,2025-10-28,stop_gap,-2.2586716859371467,7.277942099130846,0.0017670256572695111,1000,0.03888861389550158,-107.83661111111442,-117.83661111111442,-3.030105712375239,DEV
KMT,2025-10-29,stop_gap,1.0837849103793287,1.9779074614422534,0.00807608146776644,832,0.18010259207927604,-170.92012956506574,-179.24012956506573,-1.19616739297182,DEV
KMT,2025-10-30,stop,2.6373889849049625,1.318694492452496,0.005573440979955393,1000,0.12211606893097127,-142.1160689309744,-152.1160689309744,-1.245667914653896,DEV
KMT,2026-04-16,stop,1.87702265372179,3.009708737864155,0.004046091397145293,982,0.1526935598668686,-169.58507578926105,-179.40507578926105,-1.1964719404417092,HOLDOUT
KMT,2026-04-20,stop,1.909772268665462,1.5494378783511622,0.0035739858338697294,1000,0.13713759723004415,-157.13759723004017,-167.13759723004017,-1.2187583901566537,HOLDOUT
KMT,2026-04-22,target,2.1498710361754543,4.538616631925907,0.0032603564011272033,1000,0.12412052400277673,228.24104800555745,218.24104800555745,1.7582994412807595,HOLDOUT
KMT,2026-04-27,stop,0.03046083732157566,2.33025405509895,0.008398321427868604,462,0.32445196210427696,-159.13680649217412,-163.75680649217412,-1.0924636109623964,HOLDOUT
KMT,2026-04-28,eod,0.7305009511730937,0.578313253012049,0.012620038412292086,307,0.4870504619011271,-63.787996839960215,-66.85799683996021,-0.44713742901569214,HOLDOUT
KMT,2026-04-29,target,4.4416718652525295,-0.1996257018091057,0.005116828396322877,757,0.19803218223411534,284.6807239024536,277.1107239024536,1.848509471230642,HOLDOUT
KMT,2026-04-30,stop,1.9921363040629905,3.3027522935780365,0.002458752255735908,1000,0.09425986150542087,-114.2598615054169,-124.2598615054169,-1.3182690863413875,HOLDOUT
KMT,2026-05-01,stop_gap,44.95492157592866,140.0518710634752,7.575077182143444e-05,1000,0.0028579745227332864,-29.883078502727756,-39.883078502727756,-13.955015408809418,HOLDOUT
KSS,2025-07-08,stop,1.8565400843882054,2.0253164556962013,0.00982587064676607,1000,0.08619479231828109,-106.19479231828066,-116.19479231828066,-1.3480488692312431,DEV
KSS,2025-07-11,stop,0.08629523758157329,3.0669327436492297,0.01238047542735041,1000,0.11238661296826002,-132.3866129682596,-142.3866129682596,-1.266935707088816,DEV
KSS,2025-07-15,target,2.0260819082574315,0.24936392717015118,0.016831912381951863,964,0.15557068661893325,280.6602838013037,271.0202838013037,1.807161614748903,DEV
KSS,2025-07-16,stop,4.195804195804005,2.680652680652592,0.004578441835645875,1000,0.041606261182110416,-61.60626118210999,-71.60626118210999,-1.7210453222097921,DEV
KSS,2025-07-17,stop,1.39057310868034,4.012471689873193,0.0036884545823701763,1000,0.03410487148720698,-54.10487148720655,-64.10487148720655,-1.8796397315630649,DEV
KSS,2025-07-18,target,6.277160791888381,2.3821020441011793,0.00320092735703227,1000,0.030128169746866718,40.25633949373386,30.25633949373386,1.0042541497855333,DEV
KSS,2025-07-25,eod,1.2339014421223058,0.848307241459091,0.020197819314641773,596,0.251519063951525,16.981319139953378,11.021319139953377,0.07352184728048859,DEV
KSS,2025-07-28,stop_gap,-0.7397029980386528,3.1157186887082924,0.0182763211798445,693,0.2163355921911556,-272.61894726617294,-279.54894726617295,-1.8646470985605739,DEV
KSS,2025-08-20,stop,0.4789189015680384,1.8643170109297498,0.011841295060283087,992,0.15107001226293093,-169.70145216482706,-179.62145216482705,-1.1985834220214786,DEV
KSS,2025-08-28,stop,32.40928294461759,43.752531975233715,0.0004055912867940114,1000,0.005984970062133499,-25.984970062133073,-35.98497006213307,-6.01255640187869,DEV
KSS,2025-08-29,stop,1.235557841757813,1.0936451982187818,0.00929677903324116,1000,0.13736509334021108,-157.36509334021065,-167.36509334021065,-1.218396095183358,DEV
KSS,2025-09-04,stop,-0.1989263659847224,2.9441102165739648,0.015978975569884694,615,0.2437693290790417,-162.21813738361038,-168.3681373836104,-1.1230671640002428,DEV
KSS,2025-09-08,stop,0.9258317224539765,3.4184555905992866,0.008715970559545861,1000,0.1361798005046051,-156.17980050460466,-166.17980050460466,-1.220296988898769,DEV
KSS,2025-09-09,stop,1.8882577776424188,2.375550107356596,0.010059589460784285,942,0.15922153352000556,-168.82668457584484,-178.24668457584482,-1.1884167256574638,DEV
KSS,2025-11-13,target,3.4743143695698615,0.4373262842815153,0.011395127353266912,745,0.20110229891017184,284.74242537615373,277.29242537615374,1.850822192672181,DEV
KSS,2025-11-14,stop,3.9826345359150985,3.9234805218927367,0.004898557976618073,1000,0.08094536303972077,-100.9453630397239,-110.9453630397239,-1.3706203650637998,DEV
KSS,2025-11-17,eod,1.3212795549374254,0.5424200278164147,0.022082309582309414,426,0.35130067958098543,112.20235314446597,107.94235314446597,0.7212790075033947,DEV
KSS,2025-11-18,stop,0.8887767564809085,2.2076067822267533,0.010999495427309993,880,0.17041942905842333,-167.56909757141216,-176.36909757141217,-1.1760362663209896,DEV
KSS,2025-11-21,target,4.693133313994474,18.720732667523276,0.0031654478076935427,1000,0.047161260825333784,74.322521650668,64.322521650668,1.3638846910580396,DEV
KSS,2025-12-03,stop,6.009950248756279,1.5920398009950323,0.010309807139926038,610,0.24551960769481695,-161.96696069384024,-168.06696069384023,-1.1221898335602318,DEV
KSS,2026-05-07,stop,0.9524263060146155,3.4525453593028934,0.005925643738976928,1000,0.08334182627456244,-103.34182627456201,-113.34182627456201,-1.3599633142327259,HOLDOUT
KSS,2026-05-08,stop,0.40955921853973815,2.4573553112384157,0.009453763765273774,1000,0.13324483967999967,-153.24483967999925,-163.24483967999925,-1.2251494322185195,HOLDOUT
KSS,2026-05-11,target,2.7927303892505644,0.5165744072602206,0.011630969856279615,976,0.15366023978810972,280.4247880663906,270.6647880663906,1.8047640688224347,HOLDOUT
KSS,2026-05-12,stop_gap,1.3041279642296566,4.0365865559489125,0.006410316196542206,1000,0.079886520602793,-109.1998463707764,-119.1998463707764,-1.4921146329986603,HOLDOUT
KSS,2026-05-13,target,2.7492403414846214,0.9767038055274239,0.01113779210314256,1000,0.13714352021357534,254.2870404271511,244.2870404271511,1.7812510576272198,HOLDOUT
KSS,2026-05-14,target,4.789418726070266,-0.946745562130163,0.007275628038897958,1000,0.08908201736955235,158.16403473910512,148.16403473910512,1.6632316949497667,HOLDOUT
KSS,2026-05-19,stop,-0.13806297644053728,2.036428902497934,0.012646130822473168,1000,0.14373322456814464,-163.7332245681442,-173.7332245681442,-1.2087200095185815,HOLDOUT
KSS,2026-05-22,stop,0.6894287590282205,2.9415627051870943,0.008459231281937447,1000,0.10793847681579649,-127.93847681579607,-137.93847681579607,-1.277936106613737,HOLDOUT
KSS,2026-05-26,stop,1.1191504867003144,1.1451772422049842,0.014698546289211994,786,0.19061381147103162,-165.54245581623053,-173.40245581623054,-1.1573862867988391,HOLDOUT
KSS,2026-05-28,eod,1.0464414283478323,0.5366366299219606,0.036383826879271074,270,0.5546836413638552,-65.676870894804,-68.376870894804,-0.45656235572058806,HOLDOUT
KURA,2025-08-01,target,3.7499999999999445,2.499999999999963,0.006000000000000079,1000,0.036000000000000476,52.00000000000138,42.00000000000138,1.1666666666666896,DEV
KURA,2025-08-06,target,2.858365989396336,0.1844107089933252,0.008774560795191975,1000,0.05422678571428641,88.45357142857324,78.45357142857324,1.4467678730200697,DEV
KURA,2025-08-07,target,3.365695792880206,0.906148867313906,0.0063842975206612525,1000,0.038625000000000576,57.25000000000158,47.25000000000158,1.223300970873809,DEV
KURA,2025-08-08,target,20.976139641157875,-1.0488069820578705,0.001681594860166315,1000,0.009534642857143005,-0.9307142857135631,-10.930714285713563,-1.1464209461736339,DEV
KURA,2025-08-11,stop,1.246591351772505,1.4024152707440647,0.011604882459312776,1000,0.06417499999999965,-84.17499999999922,-94.17499999999922,-1.4674717569146825,DEV
KURA,2025-08-14,stop,0.0,7.567567567567482,0.00558350100603629,1000,0.03567857142857189,-55.678571428571466,-65.67857142857147,-1.8408408408408181,DEV
KURA,2026-05-07,target,19.599693754782614,0.6124904298370553,0.0017424531178535428,1000,0.016326785714287695,12.653571428575816,2.653571428575816,0.16252871048914763,HOLDOUT
KURA,2026-05-08,stop_gap,0.7878978884336376,3.9394894421682816,0.004067948717948742,1000,0.03807600000000022,-70.00000000000028,-80.00000000000028,-2.101061035823086,HOLDOUT
KURA,2026-05-12,stop,-0.5308841876144628,11.148567939903954,0.0039572478991596475,1000,0.037672999999999845,-57.67299999999942,-67.67299999999942,-1.7963262814216998,HOLDOUT
KURA,2026-05-15,target,6.899224806201674,0.23255813953489654,0.0067082683307331135,1000,0.06449999999999889,108.99999999999821,98.99999999999821,1.534883720930231,HOLDOUT
KURA,2026-05-18,target,3.288605577689203,0.14873837981407215,0.007260490589324366,1000,0.06723214285714363,114.46428571428768,104.46428571428768,1.5537848605577804,HOLDOUT
KURA,2026-05-26,stop_gap,6.559734280729036,1.5547940885871105,0.010646502717075053,1000,0.11892250000000004,-169.90000000000015,-179.90000000000015,-1.512749900145053,HOLDOUT
KVUE,2025-10-23,stop,0.1965070865368011,1.6211834639286502,0.006769371466578049,1000,0.09711313632206853,-117.1131363220681,-127.1131363220681,-1.3089180427713383,DEV
KVUE,2025-10-24,stop,0.8754225129489571,1.215864601317999,0.00682199734571994,1000,0.0980959282286662,-118.09592822866577,-128.09592822866577,-1.30582309114878,DEV
KVUE,2025-10-27,stop,0.9100270613310399,1.0537155446990745,0.006968791722296383,1000,0.09960829141014571,-119.60829141014528,-129.60829141014528,-1.3011797469396598,DEV
KVUE,2025-10-28,target,8.881893304851266,0.5621451458766661,0.00299983136593593,1000,0.042434369153859564,64.86873830771955,54.86873830771955,1.2930258986241825,DEV
KVUE,2025-10-29,target,3.9718225419664868,10.866306954436526,0.004647857889237161,1000,0.06366228441090094,107.3245688218023,97.3245688218023,1.5287633757160204,DEV
KVUE,2025-10-30,stop,1.8791946308725267,2.281879194630888,0.005261299435028183,1000,0.07108573405898788,-91.08573405898746,-101.08573405898746,-1.4220256060815968,DEV
KVUE,2025-10-31,stop,1.799569972889512,9.652238945498658,0.002165275036688451,1000,0.02916219138860754,-49.16219138860711,-59.16219138860711,-2.0287292748417847,DEV
KVUE,2025-11-03,stop_gap,5.309162999564415,2.207770752294111,0.005716260302197848,1000,0.09075937687882885,-139.27136771994952,-149.27136771994952,-1.6446936157267689,DEV
KVUE,2025-11-04,target,2.002989756769306,0.5891146343439256,0.010465243526510393,926,0.1619669398614576,281.4427726234199,272.1827726234199,1.814777015447345,DEV
KVUE,2025-11-10,stop,1.1056475312054712,3.7824783962291204,0.0051869906429218866,1000,0.08198475431469987,-101.98475431469944,-111.98475431469944,-1.3659216917921602,DEV
KVUE,2025-11-11,stop,10.720986330741857,13.579916018939251,0.000830341246290855,1000,0.013350044066537947,-33.350044066541074,-43.350044066541074,-3.2471835935881668,DEV
KVYO,2025-07-29,target,2.9746053534660413,-0.21551132463968617,0.010791473476824577,411,0.3642499999999984,291.1935000000003,287.0835000000003,1.917638984214149,DEV
KVYO,2025-07-31,stop,-0.033354114713216906,1.6172069825436453,0.010371404924477499,467,0.3207999999999984,-159.15360000000072,-163.8236000000007,-1.0935162094763193,DEV
KVYO,2025-08-01,target,2.2399022588105955,0.872689191744376,0.0057756216397847875,872,0.17188249999999528,282.32307999998903,273.603079999989,1.8254621616511049,DEV
KVYO,2025-08-04,stop,0.9596161535386073,5.597760895641796,0.005186214333112094,959,0.15631249999999852,-169.0836875000016,-178.6736875000016,-1.191923230707739,DEV
KVYO,2025-08-08,target,2.822873474359865,0.32796870241525583,0.012795863309352548,351,0.42687000000000097,292.64274000000205,289.13274000000206,1.9297209923395977,DEV
KVYO,2025-08-11,target,5.415349646624263,-0.0003342602090371977,0.009449373975445477,501,0.29916812500000134,289.74646124999975,284.73646124999976,1.8997219372885965,DEV
KVYO,2025-08-12,stop,-0.10555482253594929,2.5755376698773067,0.007915900735294065,633,0.23684374999999847,-162.582093750001,-168.91209375000102,-1.1266657870431598,DEV
KVYO,2025-08-13,stop,-0.0377002827521139,11.385485391140648,0.004416416916416827,1000,0.13262499999999733,-152.62500000000045,-162.62500000000045,-1.226201696512752,DEV
KVYO,2025-08-14,eod,0.6210094764433156,0.649237179918006,0.01722226080514843,282,0.5313928571428548,-54.99000000000108,-57.81000000000108,-0.3857786141541859,DEV
LEVI,2025-03-19,stop,0.04471272076905793,2.95103957075784,0.007052980132450385,1000,0.10734969117537396,-127.34969117537354,-137.34969117537355,-1.2794605151773515,DEV
LEVI,2025-03-20,target,5.59097433158635,2.8372108548348987,0.003744875000000102,1000,0.05752004371721675,95.04008743443393,85.04008743443393,1.4784426773476174,DEV
LEVI,2025-03-24,eod,1.491841491841483,0.5967365967365822,0.008352803738317809,1000,0.12869723349828632,-10.400206359101105,-20.400206359101105,-0.15851316927782091,DEV
LEVI,2025-03-26,stop,1.3866877971473635,2.773375594294727,0.0029425163662451926,1000,0.04499834699216265,-64.99834699216223,-74.99834699216223,-1.666691156571255,DEV
LEVI,2025-04-01,stop,0.040281973816712995,3.119033232628376,0.015847430577721172,629,0.23831487738095447,-162.48005787262008,-168.77005787262007,-1.1258838740144768,DEV
LEVI,2025-04-04,stop,0.6919422481372393,3.290944838701507,0.021601713452424377,527,0.28441067841810685,-160.4244275263421,-165.6944275263421,-1.1054812715431774,DEV
LEVI,2025-04-08,target,3.011334663674057,0.4095415142596721,0.03056688757977428,376,0.3984858440279133,292.141354708991,288.381354708991,1.9247150169833938,DEV
LEVI,2026-03-27,target,2.652849740932767,1.4922279792747002,0.0033029846659363028,1000,0.059560476451256505,99.12095290250988,89.12095290250988,1.4963102750772197,HOLDOUT
LEVI,2026-04-07,target,2.034403487911359,5.390408244154075,0.00403292838874658,1000,0.07786066724219509,135.72133448438706,125.72133448438706,1.6146963407507866,HOLDOUT
LEVI,2026-04-09,target,2.02148035214527,9.929035847301698,0.003817375656572231,1000,0.08304820299367677,146.0964059873504,136.0964059873504,1.638764007906501,HOLDOUT
LEVI,2026-04-10,eod,0.8646150377634978,0.7887122834704858,0.011780824343407137,570,0.2628116922936279,-101.40656096914533,-107.10656096914533,-0.7149843512454945,HOLDOUT
LEVI,2026-04-13,eod,0.9440450983829961,0.9755132683290801,0.014398796038578453,477,0.31381907982112267,-132.01362111240454,-136.78362111240455,-0.9137689005495928,HOLDOUT
LION,2025-05-01,stop,3.78752886836028,1.2009237875288596,0.007429649965682907,1000,0.05412499999999998,-74.12499999999955,-84.12499999999955,-1.5542725173210084,DEV
LION,2025-05-05,stop,0.8520599250936378,1.0346441947565554,0.02467082467082463,912,0.16430769230769204,-168.08861538461474,-177.20861538461475,-1.1825842696629192,DEV
LION,2025-05-07,stop,0.0,6.033546518643675,0.022098666666666607,905,0.16573999999999955,-168.09469999999922,-177.14469999999923,-1.1810063955593078,DEV
LION,2025-05-08,stop,0.5061460592914018,2.9356471438900886,0.012913165266106467,1000,0.09878571428571448,-118.78571428571405,-128.78571428571405,-1.3036876355748324,DEV
LION,2025-05-14,stop,0.5533906707556071,1.6601720122668293,0.0155779454022988,1000,0.10842249999999964,-128.42249999999922,-138.42249999999922,-1.2766953353778014,DEV
LION,2025-05-16,stop,2.503457155118955,4.172428591864915,0.004357610389610432,1000,0.029958571428571723,-49.9585714285713,-59.9585714285713,-2.0013828620475653,DEV
LION,2025-05-21,target,6.244483881070121,0.9300295142019389,0.005403189416470077,1000,0.03763321428571409,55.266428571428605,45.266428571428605,1.2028318449697812,DEV
LION,2025-09-10,eod,0.8791208791208874,0.5860805860805872,0.010372340425531902,1000,0.06824999999999992,-49.99999999999982,-59.99999999999982,-0.8791208791208777,DEV
LION,2025-09-15,stop,2.877737276290222,2.302189821032157,0.0035555447281231363,1000,0.02606214285714259,-46.06214285714216,-56.06214285714216,-2.1510949105160697,DEV
LION,2025-09-16,stop,0.9301633366819408,2.139375674368421,0.007560337552742565,1000,0.053753999999999635,-73.75399999999921,-83.75399999999921,-1.5580980020091486,DEV
LION,2025-09-18,stop,0.6672226855713032,1.1676396997497842,0.008408134642356327,1000,0.059950000000000614,-79.95000000000019,-89.95000000000019,-1.5004170141784698,DEV
LION,2025-09-19,stop_gap,19.809752493534944,2.53971185814555,0.0013952709232652727,1000,0.009843636363636499,-40.000000000000036,-50.000000000000036,-5.079423716291031,DEV
LION,2025-09-26,stop,0.5410279531108949,7.213706041478758,0.003980617372577203,1000,0.02772500000000022,-47.724999999999795,-57.724999999999795,-2.0820559062217976,DEV
LION,2025-09-29,stop,0.0,2.5137952176578793,0.011784682080924857,1000,0.08155000000000001,-101.54999999999959,-111.54999999999959,-1.3678724708767573,DEV
LION,2025-09-30,stop,0.28946178199910416,1.6644052464948007,0.010079321663019622,1000,0.06909374999999951,-89.09374999999909,-99.09374999999909,-1.43419267299864,DEV
LION,2026-05-29,target,3.6337209302325832,8.284883720930294,0.002439716312056721,1000,0.034399999999999764,48.799999999999955,38.799999999999955,1.1279069767441925,HOLDOUT
LION,2026-06-02,stop,0.4581755703331315,2.173279455280156,0.01461542038690475,763,0.19643124999999984,-165.13704374999955,-172.76704374999954,-1.1527251901110418,HOLDOUT
LION,2026-06-03,eod,1.4155822943322303,0.21778189143572327,0.013635486265775747,816,0.18366999999999933,73.44000000000133,65.28000000000134,0.43556378287146474,HOLDOUT
LION,2026-06-04,stop,2.478507796677357,6.1466993357598545,0.003733054879983121,1000,0.050433571428571966,-70.43357142857154,-80.43357142857154,-1.5948418712025572,HOLDOUT
LION,2026-06-05,stop,0.6126512482769296,12.55935058967733,0.0024637735849055626,1000,0.0326449999999987,-52.64499999999828,-62.64499999999828,-1.918976872415401,HOLDOUT
LION,2026-06-09,eod,1.964422132489375,0.29102550110952935,0.010136061946902624,1000,0.1374449999999996,20.00000000000135,10.00000000000135,0.07275637527739372,HOLDOUT
LION,2026-06-10,stop,0.060193824113657,2.8893035574550656,0.006171248142644704,1000,0.08306499999999772,-103.0649999999973,-113.0649999999973,-1.3611629446818805,HOLDOUT
LION,2026-06-11,stop,-0.5643102013176632,2.821551006588326,0.012878452034883702,846,0.17720749999999974,-166.8375449999994,-175.29754499999942,-1.1692930603952971,HOLDOUT
LION,2026-06-15,stop,2.6400150858004965,4.75202715444095,0.0026525610244097484,1000,0.037878571428571206,-57.87857142857078,-67.87857142857078,-1.7920045257401405,HOLDOUT
LION,2026-06-17,stop,3.9473684210526274,1.5789473684210589,0.00578386605783866,1000,0.08866666666666667,-108.66666666666625,-118.66666666666625,-1.3383458646616493,HOLDOUT
LION,2026-06-18,stop,0.2716463319983922,4.292012045574531,0.006088748168801035,1000,0.09203142857142765,-112.03142857142723,-122.03142857142723,-1.3259755983980615,HOLDOUT
LITE,2026-08-04,stop,1.0578364543382426,2.4008553147958467,0.019177550897482302,9,15.919285000000059,-143.45356500000037,-143.54356500000037,-1.0018845067476323,HOLDOUT
LITE,2026-08-07,eod,0.5600909498579739,0.9553814761980641,0.029700034798284078,5,26.031486500000028,-68.54999999999961,-68.59999999999961,-0.5270540351201192,HOLDOUT
LITE,2026-08-10,stop,2.329643514487259,1.00478129611187,0.022414159829839086,7,19.178900000000112,-134.39230000000066,-134.46230000000065,-1.0015642190115168,HOLDOUT
LITE,2026-08-11,stop,0.455965749596677,2.626063368994169,0.011085202711144448,16,8.872596250000015,-142.28153999999995,-142.44153999999995,-1.0033811974708058,HOLDOUT
LITE,2026-08-13,target,5.771071986393924,0.18283353060343166,0.008720377351474202,18,8.0401007142857,289.0836257142855,288.9036257142855,1.9962687034570752,HOLDOUT
LITE,2026-08-18,target,4.329291193937159,0.4503661394077429,0.013218203167667954,12,12.101265000000012,290.1903600000005,290.0703600000005,1.997520920333537,HOLDOUT
LSCC,2025-02-04,target,2.5926943147486248,0.7909914858555164,0.004145036429872582,659,0.22756250000000477,286.7473750000089,280.1573750000089,1.8681680856907645,DEV
LSCC,2025-02-05,stop,-0.0716580477959204,4.896633266054368,0.007841449709683482,358,0.4186550000000011,-157.03848999999897,-160.61848999999899,-1.0716580477959083,DEV
LSCC,2025-02-06,stop_gap,1.6031650468736458,1.1008858690977892,0.01330442145734171,206,0.7266875000000041,-156.5599999999996,-158.6199999999996,-1.0596026490066137,DEV
LSCC,2025-02-07,target,2.1041015265771517,-0.016185396358279428,0.012616020048264369,220,0.6796250000000015,294.6350000000015,292.43500000000154,1.9558580099319538,DEV
LSCC,2025-02-12,stop,-0.6083385838746772,8.468073087535515,0.007070807934323135,365,0.4109553571428606,-157.29870535714267,-160.94870535714267,-1.0730006300649517,DEV
LSCC,2025-02-13,stop,0.9442262709500053,5.579518873795503,0.0037428915662651007,643,0.2329950000000025,-162.67578499999905,-169.10578499999906,-1.1287581278568026,DEV
LSCC,2025-02-19,stop,0.1895183706473775,6.705340447191206,0.008289608737936657,270,0.5540359999999964,-154.9897200000018,-157.68972000000178,-1.0541481058992743,DEV
LSCC,2025-02-20,eod,1.0714628728422122,-0.07049097847646753,0.02069167517502898,105,1.4186212499999868,56.699999999999164,55.64999999999917,0.3736021859252404,DEV
LSCC,2025-02-21,target,5.293503798147301,0.2098745999265533,0.006309070178019671,349,0.42882749999999703,292.34159499999436,288.85159499999435,1.9300418000244608,DEV
LSCC,2025-07-30,stop,2.549371633752237,2.692998204667853,0.00522808334897693,538,0.2785000000000011,-160.59299999999843,-165.97299999999842,-1.1077199281866996,DEV
LSCC,2025-07-31,target,6.219674668608012,0.07774593335760314,0.007426333193365458,388,0.3858722727272692,291.67688363636245,287.79688363636245,1.9222540666424102,DEV
LSCC,2025-08-01,stop,-0.6156384478523451,3.6938306871140707,0.017376230209670523,184,0.8121650000000002,-153.1183599999993,-154.95835999999932,-1.0369383068711358,DEV
LSCC,2025-08-06,stop,1.407656145063794,3.825386165211528,0.008256077004968118,322,0.4653125000000031,-156.2706249999997,-159.4906249999997,-1.0644728005372641,DEV
LSCC,2025-08-07,stop,0.41688909224941884,4.250235135616069,0.008352229299363046,305,0.4917374999999993,-156.07993749999855,-159.12993749999856,-1.0610081598413708,DEV
LSCC,2025-08-08,eod,1.3982179575051554,0.6854009595613486,0.011912148922272934,205,0.7294999999999945,-59.44999999999837,-61.499999999998366,-0.4112405757367982,DEV
LSCC,2025-08-11,target,3.635667814772294,0.4100377234705561,0.0059280505590665914,410,0.36581999999999937,291.7724000000011,287.67240000000106,1.9179924553058985,DEV
LSCC,2025-08-14,stop_gap,2.270383148335226,1.8976336762204906,0.00466052392608972,508,0.2951043750000011,-193.0399999999977,-198.1199999999977,-1.3215663102249637,DEV
LSCC,2025-08-15,stop_gap,0.39153016380343303,5.649220934878071,0.0028410251753649505,838,0.17878571428571632,-167.59999999999644,-175.97999999999644,-1.1745904914102703,DEV
LULU,2024-11-26,target,2.7507163323782247,-0.21903852276345562,0.006065767519466045,76,1.963124999999991,296.875,296.115,1.984718242597908,DEV
LULU,2024-11-27,target,2.3975996382185754,0.9169788086263334,0.0036555101175256613,128,1.1668753846153663,296.1600984615361,294.88009846153614,1.9742903137768473,DEV
LULU,2024-12-04,stop,0.4592334030340695,7.034289427426655,0.0020286757886686536,218,0.6859257142857018,-153.89180571427903,-156.07180571427904,-1.0437365145746471,DEV
LULU,2024-12-10,stop,0.5098880382333295,2.1635789730441517,0.013751174909986756,27,5.442371250000008,-147.48402374999972,-147.75402374999973,-1.0055123031160327,DEV
LULU,2024-12-12,stop,2.067892223171642,1.3993094525710672,0.005922140509397316,64,2.3332937499999957,-150.61079999999856,-151.25079999999855,-1.01285736097308,DEV
LUV,2025-02-28,stop_gap,4.081912667649964,1.8728775769217283,0.003369509939898302,1000,0.10054265575073629,-121.39450756600212,-131.39450756600212,-1.306853360744252,DEV
LUV,2025-03-04,stop,1.3612894652401146,1.8377407780741657,0.0074326909178511254,704,0.21281190254974547,-163.899579395023,-170.939579395023,-1.1409695587538413,DEV
LUV,2025-03-05,stop_gap,2.583732057416174,5.454545454545276,0.0035435740929129775,1000,0.10091167934891843,-140.70775041736638,-150.70775041736638,-1.4934619202626684,DEV
LUV,2025-03-06,stop_gap,2.3664749383732016,8.216926869351232,0.0025775160962384523,1000,0.0734506662356047,-367.6383217067425,-377.6383217067425,-5.141387288379488,DEV
LUV,2025-03-07,stop,0.39486073565592644,2.1164535431157603,0.011039836362416953,490,0.3056970151442293,-159.5915374206739,-164.4915374206739,-1.0981363850930927,DEV
LUV,2025-03-12,stop,1.3958884739494695,2.696602733765987,0.005288782358581042,979,0.15309647866217446,-169.46145261027186,-179.25145261027185,-1.1959548662526829,DEV
LUV,2025-03-14,target,3.1784511784511413,2.289562289562261,0.005898474737845639,831,0.18031411255121554,283.06205506011764,274.75205506011764,1.833623671627577,DEV
LUV,2025-03-18,stop,1.126373626373607,3.653846153846168,0.005668898925401077,848,0.17679282210558966,-166.8803131455427,-175.36031314554268,-1.169690147160418,DEV
LUV,2026-01-20,stop,1.2475455191673663,1.1435833925700758,0.011326998940178992,316,0.4745709087672694,-156.28440717045586,-159.44440717045586,-1.0632150000047897,HOLDOUT
LUV,2026-01-22,target,6.916913968994892,0.24163891594740805,0.003815518036187516,918,0.16334256704741534,281.5369530990582,272.3569530990582,1.8163369136271281,HOLDOUT
LUV,2026-01-23,target,7.2381193551096255,6.351819025912837,0.000804386203150599,1000,0.03340001128963621,46.8000225792764,36.8000225792764,1.1017967107901903,HOLDOUT
LUV,2026-01-26,stop_gap,5.1673717384513775,2.3849408023620953,0.00149642262329632,1000,0.06206116538442075,-103.87358315488626,-113.87358315488626,-1.8348605355624215,HOLDOUT
LUV,2026-01-27,target,4.3779088471848935,-0.09008042895440335,0.003971329767299319,912,0.16431116523904876,281.46356539602857,272.34356539602857,1.817419589494418,HOLDOUT
LUV,2026-01-28,target,5.167518455423385,0.3975014196479118,0.004234190911276511,863,0.17376632590307395,282.66067850870905,274.03067850870906,1.8273543516323763,HOLDOUT
LUV,2026-01-30,stop,2.7639551372953073,1.093206136392919,0.009967362253289626,313,0.4783877753603818,-155.99537368779826,-159.12537368779826,-1.0627106325561857,HOLDOUT
LUV,2026-02-05,stop,-0.13765098592518143,1.53251430996708,0.010471963290409333,278,0.5376358307468792,-155.0227609476313,-157.8027609476313,-1.055799852398826,HOLDOUT
LUV,2026-02-09,stop,1.1790198202791116,1.3383468230195588,0.005869085468487057,484,0.30966126747564005,-159.55605345820786,-164.39605345820786,-1.096880052983559,HOLDOUT
LYFT,2024-11-05,stop_gap,7.840282685512561,6.148409893993042,0.0017145280504058775,1000,0.023583333333332845,-54.99999999999794,-64.99999999999794,-2.7561837455830087,DEV
LYFT,2024-11-07,target,3.0167559122370635,-0.07410314592514512,0.013044447931582484,631,0.23750678571428807,287.11356357142955,280.80356357142955,1.873687819445748,DEV
LYFT,2024-11-08,stop,0.7748684337971803,1.061856742610945,0.019979716169724684,430,0.3484462499999985,-158.4318875000007,-162.7318875000007,-1.0860964926441403,DEV
LYFT,2024-11-12,stop,0.705566923022641,1.0818692819680618,0.011684253915910981,705,0.2125950000000003,-163.97947500000242,-171.02947500000244,-1.1411133846045445,DEV
LYFT,2024-11-13,target,3.6771171401620637,0.18652043464590315,0.010287664473684316,799,0.1876470000000019,283.8799060000005,275.8899060000005,1.8401253417320669,DEV
LYFT,2024-11-15,target,2.1915609470012978,0.8951446121554559,0.00888806584362128,926,0.16198499999999783,281.4762199999931,272.2162199999931,1.8147976664505756,DEV
LYFT,2024-11-18,stop,5.435638057861155,8.080002518442116,0.0019839488695507805,1000,0.03403464285714364,-54.034642857146764,-64.03464285714676,-1.8814548201937817,DEV
LYFT,2024-11-20,stop,0.4479283314669554,1.634938409854431,0.013440698374473219,671,0.22325000000000017,-163.22075000000223,-169.93075000000223,-1.1343784994401036,DEV
LYFT,2025-05-02,stop,-0.5889014722536857,2.9445073612683803,0.008777335984095525,1000,0.11037500000000122,-130.3750000000008,-140.3750000000008,-1.2718006795016918,DEV
LYFT,2025-05-06,stop,0.5183137525915629,1.6586040082930185,0.011199690402476802,1000,0.14470000000000027,-164.69999999999985,-174.69999999999985,-1.2073255010366242,DEV
LYFT,2025-05-07,target,2.1158396131036126,0.9484798265637099,0.005449758591309274,1000,0.06853071428571411,117.06142857142865,107.06142857142865,1.5622400800475333,DEV
LYFT,2025-05-13,stop,0.682695161769077,2.2148722950147866,0.012698071780267776,706,0.21224699999999785,-163.9663820000007,-171.0263820000007,-1.1413447539894719,DEV
LYFT,2025-05-14,target,2.137049941928013,0.3066202090592354,0.015602348506813387,557,0.2690624999999969,288.59562499999475,283.02562499999476,1.888501742160266,DEV
LYFT,2025-05-15,target,2.0740526989738113,0.10821144516384244,0.016556285458345622,541,0.27723499999999746,289.14826999999553,283.7382699999955,1.8917885548361373,DEV
LYFT,2025-05-20,eod,1.023045219713247,0.7198003134614143,0.013110350076103524,696,0.2153375000000004,-87.00000000000247,-93.96000000000247,-0.6269228536599677,DEV
LYFT,2025-05-21,stop,13.898630639574648,1.3596486495235485,0.00202798932072826,1000,0.033096785714285204,-53.09678571428833,-63.09678571428833,-1.9064324330158307,DEV
LYFT,2025-09-11,target,5.087505087505185,0.9205961586913995,0.005478842580302546,1000,0.10319399999999845,186.38799999999378,176.38799999999378,1.7092854235711032,DEV
LYFT,2025-09-18,stop,1.1180371133109783,1.3802927324826975,0.01631353298806584,414,0.36224200000000195,-158.2481880000021,-162.3881880000021,-1.0828175639489706,DEV
LYFT,2025-09-23,stop,6.563950417495348,1.8421496240854496,0.004882715615822679,1000,0.11122875000000221,-131.22875000000533,-141.22875000000533,-1.2697144398368456,DEV
M,2025-08-19,target,3.8361897170187738,-0.48824232762057357,0.005414328873543349,1000,0.06906843807186647,118.13687614373336,108.13687614373336,1.565648205787074,DEV
M,2025-08-20,stop,0.6820771396765029,1.8859275751424165,0.007439107560405317,1000,0.09195906015430921,-111.95906015430879,-121.95906015430879,-1.3262321292720798,DEV
M,2025-08-25,eod,0.5982324949014148,0.48239292997960037,0.013877358490566087,846,0.17716165031085218,-33.222244042200074,-41.682244042200075,-0.2781064182096229,DEV
M,2025-08-27,stop,0.4418355109511975,2.461654989585253,0.005878664192950082,1000,0.07632282540220814,-96.32282540220771,-106.32282540220771,-1.3930672094737682,DEV
M,2025-08-28,target,3.0179706433764926,-0.685902418949209,0.008078684891023216,1000,0.10535276985366693,190.70553970733428,180.70553970733428,1.7152424180050603,DEV
M,2025-08-29,eod,1.620619922351176,0.7750790932983692,0.005337382474614495,1000,0.0683697015724487,42.62682199546575,32.62682199546575,0.47721170701458127,DEV
M,2025-09-02,stop,-0.10981511840417749,6.588907104253848,0.0034415019976243785,1000,0.043868714797335784,-63.86871479733536,-73.86871479733536,-1.6838586482096238,DEV
M,2025-09-03,stop,2.65859375,2.419531249999994,0.008004852942096156,1000,0.1233266712530714,-143.32667125307097,-153.32667125307097,-1.2432563831909347,DEV
M,2025-09-05,stop,2.4039178111359445,1.2168636218460411,0.00544338715098694,1000,0.09050057938545919,-110.50057938546232,-120.50057938546232,-1.3314895904945252,DEV
M,2025-09-08,eod,0.7831621048269974,0.8878359449246203,0.009315436680892823,981,0.1527977485936205,-81.81305998494256,-91.62305998494256,-0.6112499400233276,DEV
M,2025-09-09,stop,0.29566466895905386,2.601849086839604,0.010012462995855734,920,0.16293620784358254,-168.3013112160988,-177.5013112160988,-1.1841211379413155,DEV
MARA,2026-08-04,stop,1.2934763074342586,1.29443479302702,0.018034944122248167,718,0.20866249999999908,-164.17967499999904,-171.35967499999904,-1.1437728389145136,HOLDOUT
MARA,2026-08-07,eod,1.6929595159917816,0.4989775415554749,0.02761552657480318,534,0.2805737500000003,26.70000000000038,21.36000000000038,0.14256501187299478,HOLDOUT
MARA,2026-08-12,eod,1.958807761918949,0.032990446516526016,0.014793763768852707,1000,0.14549666666666639,175.0000000000007,165.0000000000007,1.1340465990057116,HOLDOUT
MARA,2026-08-14,stop,0.9273943002346221,1.3447217353402194,0.011836333699231682,1000,0.10782900000000062,-127.82900000000019,-137.82900000000018,-1.2782182900703836,HOLDOUT
MARA,2026-08-17,stop,0.8433480919250251,21.294539321105404,0.002549999999999921,1000,0.023714999999999264,-43.71499999999884,-53.71499999999884,-2.2650221378874345,HOLDOUT
MARA,2026-08-18,target,3.994038748137059,0.8941877794336851,0.00907247160627375,1000,0.08387500000000081,147.75000000000205,137.75000000000205,1.6423248882265362,HOLDOUT
MARA,2026-08-19,stop,-0.701849533030805,9.115270810237487,0.014334400365839642,1000,0.12538299999999936,-145.38299999999893,-155.38299999999893,-1.2392668862604956,HOLDOUT
MARA,2026-08-31,stop,0.9529360128362748,5.695454774393545,0.006056756516479325,1000,0.06317318181818266,-83.17318181818223,-93.17318181818223,-1.4748850562306948,HOLDOUT
MARA,2026-09-01,stop,0.813517155592422,1.8401575619363637,0.011766815312106554,1000,0.12058749999999918,-140.58749999999876,-150.58749999999876,-1.24878200476832,HOLDOUT
MARA,2026-09-04,stop,0.3815431239115709,1.5261724956463243,0.011638258056330912,1000,0.13104678571428607,-151.04678571428565,-161.04678571428565,-1.2289258743469442,HOLDOUT
MAT,2025-02-04,stop,0.7779074290159391,1.151302994943604,0.008959436855310938,933,0.16068750000000165,-168.58143750000445,-177.91143750000447,-1.186697782963845,DEV
MAT,2025-02-07,stop_gap,-0.06890136769213677,5.0987012092191,0.003413334901222865,1000,0.07256749999999812,-140.00000000000057,-150.00000000000057,-2.067041030764522,DEV
MAT,2025-02-12,target,4.629893603676933,0.7982575178752902,0.0014343125388464198,1000,0.031318214285711576,42.636428571420026,32.636428571420026,1.0420909785494974,DEV
MAT,2025-02-13,stop,-0.20063450662720322,3.109834852721739,0.00458949125230205,1000,0.09968375000000052,-119.68375000000364,-129.68375000000364,-1.3009517599408427,DEV
MAT,2025-02-18,stop,9.21819110883968,1.0117526826775727,0.002025837974369128,1000,0.0444772727272742,-64.47727272727732,-74.47727272727732,-1.67450178845176,DEV
MAT,2025-02-19,target,2.0267196095462303,2.7022928127283072,0.0023913158155023395,1000,0.05180785714285818,83.61571428571324,73.61571428571324,1.4209372544153047,DEV
MAT,2025-02-20,stop,2.012890239417776,1.3935393965200071,0.002947683706070315,1000,0.0645837500000006,-84.58375000000373,-94.58375000000373,-1.4645131321733849,DEV
MAT,2025-02-21,target,17.36150770988006,0.5711022272986525,0.002012643678160925,1000,0.04377500000000012,67.54999999999711,57.54999999999711,1.3146773272415067,DEV
MAT,2025-02-24,stop,0.13306719893548824,4.258150365934962,0.0035734664764620616,1000,0.07514999999999716,-95.15000000000029,-105.15000000000029,-1.399201596806444,DEV
MIR,2025-10-22,target,5.457575098957427,0.8388163311006323,0.007962445145537341,790,0.18979124999999897,284.0701749999959,276.17017499999594,1.8419315958981077,DEV
MIR,2025-10-27,target,2.552674230145835,0.30726634251756074,0.008519647891375735,709,0.21154285714285948,285.7877714285725,278.69777142857254,1.8581847649918832,DEV
MIR,2025-10-30,stop_gap,9.797819583592409,8.753789627963746,0.0021126145232440306,1000,0.062258750000001584,-260.0000000000051,-270.0000000000051,-4.33673981568853,DEV
MIR,2025-10-31,eod,1.5656909462219175,0.5445881552076229,0.01005819924683331,510,0.29380000000000095,-91.80000000000166,-96.90000000000165,-0.6466984343090627,DEV
MIR,2025-11-04,target,2.566673650812635,0.7857164237181673,0.006756629673635545,785,0.19090857142857232,284.0264571428561,276.17645714285607,1.8428567152563524,DEV
MIR,2025-11-07,stop,1.8141097424411972,3.0011198208286727,0.00833333333333334,671,0.22325000000000017,-163.22075000000223,-169.93075000000223,-1.1343784994401036,DEV
MIR,2025-11-11,stop,-0.1404909257271328,1.0158574629500148,0.01741299711454028,324,0.4626633333333352,-156.3829200000016,-159.6229200000016,-1.0648419657202204,DEV
MLYS,2025-02-25,target,15.853080568720635,-0.592417061611392,0.004736251402917996,1000,0.04219999999999935,64.39999999999912,54.399999999999125,1.2890995260663498,DEV
MLYS,2025-03-17,stop_gap,3.507042488847287,4.009958062521926,0.00427201998572449,1000,0.0598510000000001,-150.00000000000034,-160.00000000000034,-2.6733053750146207,DEV
MLYS,2025-08-19,stop,3.5686578743211705,1.024049650892158,0.010773988632564372,930,0.16112500000000018,-168.44624999999976,-177.74624999999978,-1.1861908456167543,DEV
MLYS,2025-08-21,target,7.50014834154152,0.9493858660179094,0.006984830901856815,1000,0.10533125000000076,190.66250000000196,180.66250000000196,1.7151842401946302,DEV
MLYS,2025-08-28,stop,1.0183299389001896,4.154786150712772,0.008033376963350896,1000,0.12275000000000169,-142.75000000000125,-152.75000000000125,-1.2443991853360419,DEV
MLYS,2025-08-29,target,2.0915032679738568,3.45552713839159,0.0072490936058009344,1000,0.10996875000000017,199.93750000000077,189.93750000000077,1.7271952259164578,DEV
MLYS,2025-09-05,stop,-0.10019799629266722,2.292765915167672,0.02559421804624689,176,0.8483203571428533,-152.82438285714147,-154.58438285714146,-1.0353639986915275,DEV
MNST,2026-05-07,target,2.65820105820097,2.7086560846560337,0.0038775275735295238,1000,0.14765625000000426,275.3125000000125,265.3125000000125,1.7968253968254297,HOLDOUT
MNST,2026-05-08,stop,-0.10037641154328951,4.215809284818001,0.01054977056124267,334,0.4483125000000072,-156.4163750000011,-159.7563750000011,-1.0669176076955151,HOLDOUT
MNST,2026-05-11,stop,-0.10936349433311272,5.836356056680508,0.004349035023806655,818,0.18333357142856954,-166.32686142856664,-174.50686142856665,-1.1636361511218618,HOLDOUT
MNST,2026-05-14,stop,2.3308376889393605,2.895889249894223,0.0016551321019405013,1000,0.07078999999999525,-90.78999999999127,-100.78999999999127,-1.423788670716175,HOLDOUT
MNST,2026-05-19,eod,1.2027904738994355,0.7794082270868363,0.00598646313364061,577,0.25981250000000244,118.28500000000312,112.51500000000313,0.7505412557132685,HOLDOUT
MNST,2026-05-20,stop_gap,0.021837466853856315,3.330213695211366,0.005318257609065297,655,0.22896428571428373,-168.66249999999553,-175.21249999999554,-1.1683044766806854,HOLDOUT
MNST,2026-05-21,stop,0.11235053366501398,3.595217077281166,0.0020747585747585484,1000,0.08900714285714173,-109.00714285713775,-119.00714285713775,-1.3370516009950644,HOLDOUT
MNST,2026-05-22,stop,3.111226341716291,1.3333827178784556,0.001557215365094054,1000,0.06749750000000176,-87.49749999999779,-97.49749999999779,-1.4444609059594093,HOLDOUT
MNST,2026-05-26,stop,0.4515825021597202,2.0419382706353595,0.005860315268668766,589,0.2546600000000012,-161.77473999999836,-167.66473999999835,-1.1178041309981772,HOLDOUT
MNST,2026-05-28,stop,3.2741468328927623,2.4346220039458895,0.002692472875225896,1000,0.11911499999999364,-139.11499999998966,-149.11499999998966,-1.2518574486840248,HOLDOUT
MRNA,2025-10-22,stop,3.206493710339292,1.0987286140323496,0.0082648257968865,672,0.22298499999999777,-163.2859200000006,-170.0059200000006,-1.1345381976366278,DEV
MRNA,2025-10-23,stop,-0.18080904008248094,1.3968080349719432,0.014943784858357605,388,0.38659571428571127,-157.75913714285718,-161.63913714285718,-1.0776004463873383,DEV
MRNA,2025-10-24,stop,0.27287197756386883,4.509967406958208,0.005013490404712162,1000,0.13193000000000055,-151.93000000000367,-161.93000000000367,-1.2273933146365725,DEV
MRNA,2025-10-27,eod,0.591038380554831,0.9481240688067181,0.015157334826427834,369,0.4060650000000017,40.58999999999848,36.899999999998485,0.2462659918978377,DEV
MRNA,2025-10-28,stop,11.755710599254495,4.492019497276096,0.003958758986000765,1000,0.10463000000000022,-124.63000000000335,-134.63000000000335,-1.2867246487623345,DEV
MRNA,2025-10-29,stop,3.38380940501436,1.231383310465268,0.007988815459060402,748,0.2004249999999992,-164.87790000000172,-172.3579000000017,-1.1496819259074627,DEV
MRNA,2025-10-30,target,3.2851970419247563,65.28455398207933,0.002916143497757796,1000,0.07153299999999874,123.06599999999435,113.06599999999435,1.580613143584029,DEV
MRNA,2025-10-31,stop,2.996851342668895,3.9309929245000697,0.003284397816054957,1000,0.08949392857142868,-109.49392857143181,-119.49392857143181,-1.335218270992081,DEV
MRNA,2025-11-03,target,3.906397862079934,-0.30282153969611264,0.012691295157571078,454,0.33022749999999945,290.76656999999807,286.22656999999805,1.9091535380911548,DEV
MRNA,2025-11-04,target,4.5311552489734686,-0.10008375879600409,0.008157261808053843,746,0.20083178571428562,284.7210242857118,277.2610242857118,1.8506212555283317,DEV
MRNA,2025-11-05,stop,1.569884474006623,1.799623665324703,0.00551331463554395,1000,0.13058285714285844,-150.58285714286157,-160.58285714286157,-1.2297391913180682,DEV
MRNA,2026-05-13,stop,1.2938413153389738,1.4386067771950934,0.010898688492259195,271,0.5526180000000025,-155.1794779999996,-157.8894779999996,-1.0542870481960338,HOLDOUT
MRNA,2026-05-15,eod,0.536585971754716,0.7742736836875327,0.020771155830753386,149,1.0063625000000016,-90.88999999999885,-92.37999999999884,-0.616080189792437,HOLDOUT
MRNA,2026-05-18,eod,1.174079820858156,0.5018244395603344,0.021606920008183112,142,1.0561462499999905,106.50000000000101,105.08000000000101,0.7006605382540663,HOLDOUT
MRNA,2026-05-19,stop,1.1309658448314892,1.7143061226919336,0.009110520607375274,357,0.4199950000000001,-157.07821499999864,-160.64821499999863,-1.0714294217788212,HOLDOUT
MRNA,2026-05-21,eod,0.7847845502862473,0.9736599364558813,0.014525521054870196,219,0.6829899999999967,-56.93999999999801,-59.129999999998006,-0.39532057570387885,HOLDOUT
MRNA,2026-05-22,eod,1.244618088449551,0.24500356071841634,0.010762507471082492,294,0.5101966666666655,148.47000000000077,145.53000000000077,0.9702141004449338,HOLDOUT
MRNA,2026-05-26,stop,-0.2331528827168195,3.3540499384330746,0.01479933146430881,218,0.6862449999999995,-153.96140999999903,-156.14140999999904,-1.043716165509397,HOLDOUT
MRNA,2026-05-27,eod,1.7504737852601024,0.28933450996032917,0.00718695600510934,434,0.3456207142857082,199.64000000000345,195.30000000000345,1.3020052948215783,HOLDOUT
MRNA,2026-05-28,stop,0.1835896550901192,2.8639986194058102,0.011836006084311065,275,0.5446929999999952,-155.2905749999976,-158.0405749999976,-1.0550768965270279,HOLDOUT
MRNA,2026-08-04,stop,0.16811140841925232,1.1998539738158283,0.027023895421343216,98,1.5168512499999949,-150.6114224999991,-151.59142249999908,-1.019777812755203,HOLDOUT
MRNA,2026-08-06,target,2.483405404803874,-0.2905115756563045,0.01893334146557836,140,1.0670831249999964,295.98327499999954,294.58327499999956,1.971885976549394,HOLDOUT
MRNA,2026-08-18,stop,1.0896678514674851,2.2251187212278554,0.00994564192375045,240,0.6246857692307657,-154.7245846153828,-157.12458461538282,-1.0480241450624654,HOLDOUT
MRVL,2024-11-25,stop,2.3113677034729516,2.4030078326855215,0.00528210885817234,306,0.4888026994951673,-155.69362604552433,-158.75362604552433,-1.0613744564647332,DEV
MRVL,2024-11-26,target,3.0790181281985736,0.876051695723854,0.006145194819039258,261,0.5738104048759709,294.30903134525414,291.6990313452541,1.947717922601116,DEV
MRVL,2024-11-27,target,6.703425355942371,-0.5476037614713467,0.0057839667977283215,284,0.5271550290814702,293.74405651827215,290.90405651827217,1.9430907449516643,DEV
MRVL,2024-12-02,stop,0.49192853587174623,1.4577331842805052,0.011600277472383659,136,1.1028114389982306,-152.70235570376076,-154.06235570376077,-1.027203199875458,DEV
MRVL,2024-12-03,target,16.560361222879035,4.7611038515777375,0.001975792433537849,779,0.19234767808724484,284.0976824599195,276.3076824599195,1.8440324297213355,DEV
MRVL,2024-12-05,stop,-0.28449299791608007,1.9612236043840072,0.012501756101898532,107,1.3995718086507196,-151.89418352562808,-152.96418352562807,-1.0214351273829472,DEV
MRVL,2024-12-06,stop,3.968985215527628,61.91616936223984,0.00022259349008630825,1000,0.025079986335086346,-45.07998633509658,-55.07998633509658,-2.1961729005426487,DEV
MRVL,2024-12-10,stop,3.2920448026120526,1.3668724034237247,0.007243536466322729,193,0.7755832290078502,-153.54756319851705,-155.47756319851706,-1.0386805682201086,DEV
MRVL,2024-12-12,target,3.1510897977959567,0.5958791604806446,0.004521984090078634,304,0.4927998840360317,293.54232949390416,290.50232949390414,1.9391233622980788,DEV
MRVL,2024-12-13,stop,0.09561998383154573,3.564017579175239,0.009775553559289009,130,1.1451194613580356,-151.46552997654595,-152.76552997654596,-1.0261981400302396,DEV
MRVL,2026-03-04,stop,0.33970700271016485,1.6185040402652697,0.01286455655526989,149,1.0001150509120862,-151.99714258590237,-153.48714258590238,-1.0299965488697034,HOLDOUT
MRVL,2026-03-05,target,5.111035006875561,0.31201085797785816,0.008554314946618962,223,0.6725508620809393,295.49768448809664,293.2676844880966,1.9553937082064137,HOLDOUT
MRVL,2026-03-12,eod,0.7612957253245002,0.9033374803916275,0.016918393401875495,100,1.4963286887483633,81.93726779970234,80.93726779970234,0.5409056740561733,HOLDOUT
MRVL,2026-03-16,stop_gap,-0.5570409671725076,5.461453684649181,0.003963115446586949,418,0.35859249884060773,-169.1280468370609,-173.3080468370609,-1.1562220447507614,HOLDOUT
MRVL,2026-03-17,eod,1.8879392867073714,0.12874997846785538,0.01101041842781786,147,1.0151637975738907,214.3400115536126,212.8700115536126,1.4264646948127992,HOLDOUT
MRVL,2026-03-18,target,2.810373503245743,-0.27643018064712205,0.01202776238501609,138,1.0844545193417616,296.5494473383248,295.1694473383248,1.9723363225797432,HOLDOUT
MRVL,2026-03-20,stop,2.1997574660608987,1.388196459164659,0.010555307427863052,160,0.9357675128878782,-152.92280206206215,-154.52280206206214,-1.0320592450441317,HOLDOUT
MRVL,2026-06-03,stop,2.8742287089880487,1.1713066181953462,0.011153370721150626,43,3.4226827636232997,-148.0353588358011,-148.4653588358011,-1.0087650542196973,HOLDOUT
MRVL,2026-06-04,stop_gap,-1.134173338437725,5.762745718137794,0.026992335271230697,19,7.5080227714360035,-178.1286494236624,-178.3186494236624,-1.2500217914409129,HOLDOUT
MRVL,2026-06-05,target,30.673848012530446,7.228899973594588,0.0035354968795825274,144,1.036458055868195,295.6199200900428,294.1799200900428,1.971055268633276,HOLDOUT
MRVL,2026-06-08,stop_gap,-0.7257286080790328,4.364564466003364,0.01730000000000009,30,4.904205127833052,-178.75604872979125,-179.05604872979126,-1.2170239217332526,HOLDOUT
MRVL,2026-06-09,target,5.266395283742627,0.13269657407855234,0.025634434129402455,20,7.2327656782649115,288.9106271305968,288.71062713059683,1.9958522090532902,HOLDOUT
MRVL,2026-06-17,stop,0.046628202872946146,3.954386037230693,0.018189427888890698,28,5.2144410955921785,-146.5643506765805,-146.8443506765805,-1.0057532532154483,HOLDOUT
MSFT,2026-07-16,stop,0.24669038418505992,5.621016611073395,0.005772835236375486,66,2.2657866566194684,-150.86191933688372,-151.5219193368837,-1.0132404345803419,HOLDOUT
MSFT,2026-07-17,eod,1.330796796885376,0.998097597664037,0.007186506422485053,53,2.8200662264108587,-36.50327804268301,-37.03327804268301,-0.2477747113174221,HOLDOUT
MSFT,2026-07-20,stop,0.4017731778207175,6.971613451762124,0.004521225630660579,85,1.7638458101124002,-151.62689385955247,-152.47689385955246,-1.0170082894026151,HOLDOUT
MSFT,2026-07-21,stop,2.4786769958599586,1.7437204447619883,0.001739841970285213,216,0.6926147250381405,-153.9247806082344,-156.0847806082344,-1.043314123877932,HOLDOUT
MSFT,2026-07-22,target,2.8312739563167733,-0.4950201799957217,0.004229428905172786,90,1.6533856280849477,295.8094130552922,294.90941305529225,1.981855412620993,HOLDOUT
MSFT,2026-07-23,target,4.286023019001392,-0.5934204438913504,0.006046150746915521,64,2.3381197435513172,297.99932717456977,297.3593271745698,1.9871691772490594,HOLDOUT
MSFT,2026-07-24,stop,0.12875376747271144,2.34439151606551,0.004883988694125716,80,1.8605206953818652,-150.44165563054776,-151.24165563054777,-1.0161245182998755,HOLDOUT
MSFT,2026-07-27,stop,1.10451470635583,5.699529456461049,0.0020214174221151572,190,0.7862866020902288,-153.19445439714002,-155.09445439714003,-1.0381540266872553,HOLDOUT
MSFT,2026-07-28,stop,-0.06329540098310489,2.2503535115480604,0.009472146747796334,40,3.7057738810283354,-149.0309552411327,-149.4309552411327,-1.0080954750513966,HOLDOUT
MSFT,2026-07-30,stop,0.13894899361904525,5.415203929401318,0.005910168886831952,57,2.621927436718863,-150.58986389297417,-151.15986389297416,-1.0114419642511252,HOLDOUT
MSFT,2026-08-03,stop,0.8165054611357389,2.5160012176953326,0.006223850644252898,49,3.007056360712511,-148.32576167491214,-148.81576167491215,-1.0099765339924902,HOLDOUT
MSTR,2026-08-04,stop,0.7506523526397768,4.5161866860485205,0.008910393884701277,178,0.8392700000000133,-152.95006000000419,-154.7300600000042,-1.0357453501257161,HOLDOUT
MSTR,2026-08-05,stop,1.0924629055287252,2.4108982371752985,0.00914327693095908,168,0.8877189285714309,-152.4967800000021,-154.1767800000021,-1.0337944804762562,HOLDOUT
MSTR,2026-08-11,eod,0.709112731739221,0.20260363763977227,0.016408046659345192,94,1.5794385714285681,14.099999999999199,13.159999999999199,0.08863909146739686,HOLDOUT
MSTR,2026-08-12,eod,1.9324542168553958,0.120152593794122,0.010346317207085972,150,0.998730000000009,251.9999999999989,250.4999999999989,1.6721235969681272,HOLDOUT
MSTR,2026-08-14,target,2.805387320923005,1.8804152011666626,0.007774650517554259,205,0.7285625000000095,294.61062500000185,292.56062500000183,1.9588230247919571,HOLDOUT
MSTR,2026-08-17,stop_gap,-0.23344404240191988,6.832482677390795,0.004941845831148525,318,0.47120500000001186,-174.90000000000362,-178.08000000000362,-1.1884423976825316,HOLDOUT
MSTR,2026-08-18,stop,1.5248775164063342,1.9903699936491428,0.01564867754197032,101,1.482086250000009,-151.71071125000194,-152.72071125000193,-1.0202417369434538,HOLDOUT
MSTR,2026-08-26,target,2.598853557281312,0.9484475868841142,0.007568058315422252,160,0.9331037499999866,295.39319999999407,293.79319999999404,1.9678492343429004,HOLDOUT
MSTR,2026-08-28,target,8.746816196894226,0.325304148372702,0.005663599236948803,199,0.7528339285714196,295.6479035714286,293.6579035714286,1.960150573902919,HOLDOUT
MSTR,2026-08-31,stop,0.9543412169594225,7.243678415018738,0.0073588170259812425,160,0.9318470000000048,-152.2955200000024,-153.8955200000024,-1.032194126288983,HOLDOUT
NKE,2025-06-13,target,5.538334366604603,0.6061858510711761,0.0058423213135866715,429,0.3495242057265031,291.31176851334135,287.0217685133413,1.914169034623397,DEV
NKE,2025-06-18,stop,6.178007073557747,1.8325059216714779,0.001832936838349221,1000,0.10600366579039644,-126.00366579039246,-136.00366579039246,-1.2830090806417556,DEV
NKE,2025-06-20,eod,1.257775651103971,0.9023173149224065,0.0061311818943839335,425,0.35222081693468965,-65.80299708144963,-70.05299708144963,-0.46797512652036244,DEV
NKE,2025-06-24,eod,0.965821052119602,0.47943634961332593,0.011763854830799284,216,0.6930243705419983,-56.3260812113316,-58.486081211331594,-0.3907061656217709,DEV
NKE,2025-06-25,target,8.12244749124869,-0.2005542590431885,0.0016302703345370943,1000,0.09604139805944811,172.0827961189002,162.0827961189002,1.687634701220962,DEV
NKE,2025-06-27,stop,1.003243194588868,4.566162951072698,0.007431823566301956,292,0.513579797689232,-155.80530092525873,-158.72530092525872,-1.0584135126322924,DEV
NKE,2025-06-30,stop_gap,1.3785953767425816,6.396682548085468,0.0025706145013820497,858,0.17464797746080762,-616.2411627597073,-624.8211627597074,-4.169700697448116,DEV
NKE,2025-07-07,target,13.338033962042266,0.0,0.0011054169914263697,1000,0.08195291632732449,143.90583265463874,133.90583265463874,1.633936150848024,DEV
NRG,2025-05-06,stop,0.27590407854311416,3.980901704693082,0.004357430032397782,300,0.4999098483157951,-155.9729544947416,-158.9729544947416,-1.0600108201530352,DEV
NRG,2025-05-09,eod,1.2061058700209606,0.5870020964360595,0.009181353383458607,139,1.0741429895008991,-82.20634364451664,-83.59634364451664,-0.5598998923640531,DEV
NRG,2025-05-14,eod,1.0415218992492956,0.9285549545795996,0.010863433249342774,90,1.6552614481865078,73.55847716822609,72.65847716822609,0.4877274305305544,DEV
NRG,2025-05-16,stop,0.8403361344537456,4.046062869592212,0.00620509849362701,157,0.9496285341388386,-152.2316798597948,-153.8016798597948,-1.0315913000941856,DEV
NRG,2025-05-20,target,2.3115051440309315,0.8947761847861754,0.004181062164858521,227,0.6606304826798066,295.38623913663633,293.11623913663635,1.9545888347775164,DEV
NRG,2025-05-21,target,4.349767058527324,0.3510338327934026,0.0041552987062404316,232,0.6455065222826022,294.87502633913164,292.55502633913164,1.9535248692857548,DEV
NU,2025-07-29,eod,1.2019765837154348,0.6232471174820808,0.008868140544808577,1000,0.11231500000000061,14.999999999998792,4.999999999998792,0.04451765124870912,DEV
NU,2025-07-30,stop,1.4188422247445736,2.080968596292084,0.004206923995224894,1000,0.052860000000000795,-72.86000000000037,-82.86000000000037,-1.5675368898978268,DEV
NU,2025-07-31,stop,6.471157322805333,1.8743098376835847,0.002943404801215,1000,0.036546785714286045,-56.54678571428562,-66.54678571428562,-1.8208656223431614,DEV
NU,2025-08-01,stop,0.8851422550052741,1.9388830347734534,0.009783505154639155,1000,0.11862499999999976,-138.62499999999932,-148.62499999999932,-1.2528977871443594,DEV
NU,2025-08-04,target,2.3088269876221106,1.4331829745387659,0.004850373289091679,1000,0.0584712500000002,96.94250000000082,86.94250000000082,1.4869273360839819,DEV
NU,2025-08-05,target,2.1618052671373205,3.0563453776769114,0.0055685821028287775,1000,0.06707357142857262,114.14714285714567,104.14714285714567,1.5527299447302145,DEV
NU,2025-08-06,eod,1.6217301027378856,0.07641660169969088,0.010515580230679913,1000,0.12955299999999959,80.09999999999984,70.09999999999984,0.5410912908230613,DEV
NU,2025-08-07,eod,1.3943211051345397,0.24273606283720306,0.00712092064385354,1000,0.08857357142857225,8.49999999999973,-1.50000000000027,-0.01693507415143471,DEV
NU,2025-08-08,eod,1.6175393728756486,0.4808900838278918,0.00919752714113372,1000,0.11437124999999781,115.00000000000021,105.00000000000021,0.9180628873078,DEV
NU,2025-08-11,target,3.027666220437328,-0.12717536813922545,0.007370861907346134,1000,0.08963999999999928,159.27999999999898,149.27999999999898,1.6653279785809927,DEV
NU,2025-08-13,stop,0.2463536398342173,2.4455901066988637,0.004995395310551681,1000,0.06129400000000018,-81.29399999999976,-91.29399999999976,-1.489444317551465,DEV
NVAX,2024-12-23,stop,1.0023946093445535,2.3389207551372655,0.005244450934579387,1000,0.04489249999999956,-64.89249999999913,-74.89249999999913,-1.6682630728963606,DEV
NVAX,2024-12-26,stop,0.09787106214327526,3.052414314369606,0.01249358353510893,1000,0.10319699999999976,-123.19699999999933,-133.19699999999932,-1.2907061251780538,DEV
NVAX,2024-12-27,stop,1.7485494987112948,1.3511518853678393,0.0075250341763499345,1000,0.06290928571428545,-82.90928571428502,-92.90928571428502,-1.476877136012167,DEV
NVAX,2024-12-31,eod,0.80080954564979,0.8372099795429548,0.017256407035175805,1000,0.1373609999999994,-99.99999999999875,-109.99999999999875,-0.8008095456497786,DEV
NVAX,2025-01-03,stop,4.243881737162326,5.5170462583110185,0.004076701268742736,1000,0.035344999999999516,-55.34499999999909,-65.34499999999909,-1.8487763474324512,DEV
NVAX,2025-01-06,stop,0.3482045701849895,6.18063112078351,0.01920986622073562,870,0.17231249999999854,-167.31187499999837,-176.01187499999835,-1.1741022850924907,DEV
NVAX,2025-05-02,eod,1.0507687202742995,0.4811414666519257,0.013962934362934413,1000,0.09041000000000032,44.99999999999993,34.99999999999993,0.38712531799579475,DEV
NVAX,2025-05-05,stop,2.596920793915747,1.3484751678036613,0.008128951189545512,1000,0.05198464285714355,-71.98464285714311,-81.98464285714311,-1.5770935097590475,DEV
NVAX,2025-05-06,stop,11.805825242718756,7.766990291262342,0.0051915322580643785,1000,0.03218749999999915,-52.18749999999872,-62.18749999999872,-1.9320388349514677,DEV
NVAX,2025-05-07,target,5.7679291368703804,1.4419822842176044,0.0040086115371005355,1000,0.02427214285714374,28.54428571428791,18.54428571428791,0.7640151849563617,DEV
NVAX,2025-05-09,target,5.028450443297633,0.1764368576595622,0.017795133437990492,1000,0.11335499999999943,206.7099999999993,196.7099999999993,1.735344713510655,DEV
NVAX,2025-05-13,stop,0.49640512660206043,1.6292591434823367,0.012858337218836943,1000,0.07997500000000013,-99.97499999999971,-109.97499999999971,-1.3751172241325353,DEV
NVAX,2025-05-21,target,3.5809033046934085,0.39302597246634896,0.015430761455525513,1000,0.1144962499999993,208.99249999999904,198.99249999999904,1.7379826850224376,DEV
NVAX,2025-07-29,target,2.9090909090909007,0.9463101604278036,0.008173076923076943,1000,0.05843750000000014,96.87500000000071,86.87500000000071,1.4866310160427894,DEV
NVAX,2025-07-30,target,152.78900565882174,4.850444624089914,0.00029058022081283614,1000,0.0020616666666670724,-15.876666666665429,-25.87666666666543,-12.551333872268554,DEV
NVAX,2025-07-31,stop_gap,4.5344619105200845,2.569528415961374,0.004879056047197509,1000,0.03307999999999911,-79.99999999999918,-89.99999999999918,-2.720677146312019,DEV
NVAX,2025-08-01,stop,0.0,2.8250379073963856,0.009633914685625541,1000,0.061946071428572225,-81.9460714285718,-91.9460714285718,-1.4842922126965143,DEV
NVAX,2025-08-08,target,2.560000000000034,0.4648727272727235,0.019710435779816307,872,0.17187499999999822,282.3099999999973,273.58999999999725,1.8254545454545459,DEV
NVAX,2025-08-11,target,4.6253786546069335,0.06006985265724233,0.01021932824695254,1000,0.08323642857142843,146.4728571428573,136.4728571428573,1.6395808840566075,DEV
NVAX,2025-08-12,stop,0.9931791958169565,4.323250617085634,0.010520436385986433,1000,0.08558374999999963,-105.5837499999992,-115.5837499999992,-1.3505338338177482,DEV
NVAX,2025-08-18,stop,1.6875002636719119,1.112906423891624,0.0235506209637358,632,0.23703700000000083,-162.44738400000026,-168.76738400000025,-1.1265625197753915,DEV
NVAX,2026-01-22,stop,2.507908461341153,1.6850009974635844,0.013000138933913824,1000,0.12759636363636417,-147.59636363636375,-157.59636363636375,-1.2351164182507295,HOLDOUT
NVAX,2026-01-26,eod,0.7576522881099143,0.9091827457318935,0.020622916666666602,757,0.19797999999999938,-37.850000000000534,-45.420000000000535,-0.30306091524396855,HOLDOUT
NVAX,2026-01-27,stop,3.230381884715227,2.1335189065774314,0.00921801279214423,1000,0.09135142857142853,-111.3514285714281,-121.3514285714281,-1.328402089262811,HOLDOUT
NVAX,2026-01-29,stop,2.487903053140966,3.5070440628613198,0.005321084890971607,1000,0.05004214285714248,-70.04214285714205,-80.04214285714205,-1.5994947116002187,HOLDOUT
NVAX,2026-02-03,stop,11.947431302269834,1.3274923669188914,0.006442132269099289,1000,0.056497500000000755,-76.49750000000033,-86.49750000000033,-1.5309969467675415,HOLDOUT
NVAX,2026-02-04,eod,1.3768461491963853,0.8724503160029843,0.017788649940262937,1000,0.14889100000000077,80.00000000000007,70.00000000000007,0.4701425875304734,HOLDOUT
NVAX,2026-02-10,stop,0.4760015866719621,2.856009520031744,0.014555427251732023,1000,0.12604999999999933,-146.0499999999989,-156.0499999999989,-1.2380007933359756,HOLDOUT
NVAX,2026-02-12,target,5.489512958734522,0.828605729620307,0.010996324290743355,1000,0.09654772727272665,173.09545454545372,163.09545454545372,1.6892728513923896,HOLDOUT
NVAX,2026-02-13,stop,1.017915309446251,2.510857763300783,0.008444699140401092,1000,0.07367999999999952,-93.6799999999991,-103.6799999999991,-1.4071661237784985,HOLDOUT
NVAX,2026-02-17,stop,1.2371284066513903,3.856929738383716,0.008007867132867176,1000,0.06870750000000037,-88.70749999999994,-98.70749999999994,-1.4366335552887155,HOLDOUT
NVAX,2026-02-25,stop,6.056860321384469,5.0679851668727,0.0042422653382275695,1000,0.040449999999999875,-60.44999999999945,-70.44999999999945,-1.741656365883799,HOLDOUT
NVAX,2026-02-27,stop,1.5953704529464878,1.144504890157255,0.014203659394792364,1000,0.1441671428571425,-164.16714285714207,-174.16714285714207,-1.208091798210408,HOLDOUT
NVAX,2026-03-02,stop,1.134472559643665,3.7264049090845215,0.01260871271983144,1000,0.12446312500000012,-144.4631249999997,-154.4631249999997,-1.2410352463832124,HOLDOUT
NVAX,2026-04-16,stop,1.0666666666666567,2.417777777777777,0.008238137082601054,1000,0.0703125,-90.31249999999957,-100.31249999999957,-1.4266666666666605,HOLDOUT
NVAX,2026-04-17,stop,0.23167185997753323,1.2510280438786596,0.012297578347578235,1000,0.10791124999999901,-127.91124999999859,-137.91124999999857,-1.2780062319730319,HOLDOUT
NVAX,2026-04-20,eod,1.2705903707401254,0.6352951853700486,0.007257966241251513,1000,0.06296285714285688,-14.999999999998792,-24.999999999998792,-0.3970594908562696,HOLDOUT
NVAX,2026-04-22,stop,1.7902108907775076,3.718130311614846,0.004289258290439486,1000,0.03630857142857025,-56.30857142856982,-66.30857142856982,-1.8262511803588442,HOLDOUT
NVAX,2026-04-23,target,3.652008604732607,-0.0500275151333134,0.011983812949640281,1000,0.09994499999999995,179.89000000000033,169.89000000000033,1.6998349092000642,HOLDOUT
NVAX,2026-04-24,stop_gap,-0.17543419964408405,5.263025989323519,0.0035013162513162555,1000,0.028500714285714324,-79.9999999999983,-89.9999999999983,-3.1578155935940813,HOLDOUT
NVAX,2026-04-27,target,2.492888091382578,0.058354121989280826,0.010468387293830102,1000,0.08568374999999939,151.3674999999992,141.3674999999992,1.6498752680642503,HOLDOUT
NVAX,2026-04-28,eod,1.6620598702870848,0.6503712535905962,0.008670582706766837,1000,0.06919124999999937,40.000000000000924,30.000000000000924,0.4335808357270782,HOLDOUT
NVAX,2026-04-29,stop,0.7878273568707865,3.63284719070076,0.008162315236021168,1000,0.06333875000000067,-83.33875000000023,-93.33875000000023,-1.4736437015255155,HOLDOUT
NVAX,2026-05-01,stop,2.6751762750080137,7.758011197523292,0.0023554325321812008,1000,0.018690357142857827,-38.6903571428574,-48.6903571428574,-2.605105765004791,HOLDOUT
NVAX,2026-05-04,target,9.21981049660666,-0.7526375915597111,0.003238661095150954,1000,0.026573214285713576,33.14642857142758,23.146428571427577,0.8710436126604254,HOLDOUT
NVAX,2026-05-05,target,3.4660967553914555,1.3211579560909,0.008007156191661556,1000,0.0643375000000006,108.67500000000163,98.67500000000163,1.5337089566738016,HOLDOUT
NVAX,2026-05-13,stop,2.985673783776939,2.283162305241204,0.006102740774766626,1000,0.056938571428572615,-76.93857142857219,-86.93857142857219,-1.5268836089018056,HOLDOUT
NVAX,2026-05-14,stop,0.42220305554384663,6.164164610940047,0.006575592924565515,1000,0.05921321428571247,-79.21321428571204,-89.21321428571204,-1.5066436666526015,HOLDOUT
NVAX,2026-05-15,stop,-0.06525906489196732,3.654507633951097,0.010228195572365987,1000,0.09194124999999786,-111.94124999999744,-121.94124999999744,-1.3262953244599163,HOLDOUT
NVAX,2026-05-18,stop,11.175961140188702,1.7132959295100494,0.004153100320588121,1000,0.03793857142857249,-57.93857142857206,-67.93857142857206,-1.7907519674661714,HOLDOUT
NVAX,2026-05-20,stop,0.1375515818432001,3.026134800550194,0.016128674431503096,1000,0.14540000000000042,-165.39999999999998,-175.39999999999998,-1.206327372764783,HOLDOUT
NVAX,2026-05-21,eod,1.8813832646479183,0.6910947858806605,0.008771019959138765,1000,0.07972857142857137,89.99999999999986,79.99999999999986,1.003404407812219,HOLDOUT
NVAX,2026-05-22,stop,1.3364198267426435,5.178626828627892,0.003298150334514078,1000,0.029930714285715254,-49.93071428571483,-59.93071428571483,-2.0023148700569897,HOLDOUT
NVAX,2026-05-28,eod,1.1805640606585148,0.28108668110917306,0.01721985202599911,843,0.1778810714285708,-8.42999999999982,-16.859999999999822,-0.11243467244366644,HOLDOUT
NVCR,2024-10-17,target,2.0089572930545345,0.713926971911957,0.017761795930404233,498,0.30115125000000376,289.98664500000217,285.00664500000215,1.9003822829890202,DEV
NVCR,2024-10-18,stop,1.2670084572814575,2.579267216608672,0.012961466275659823,678,0.220993,-163.39325400000212,-170.17325400000212,-1.1357509061373126,DEV
NVCR,2024-10-21,target,3.113082730173499,0.08647452028261084,0.013949457177322303,648,0.23128200000000376,286.78147200000285,280.30147200000283,1.8702882195760904,DEV
NVCR,2024-10-30,stop,0.012564102564105204,5.397435897435916,0.02502406159769001,384,0.3899999999999988,-157.43999999999937,-161.27999999999938,-1.076923076923076,DEV
NVCR,2024-11-26,eod,1.0575780130419694,0.746525656264934,0.009010349935938501,933,0.16074464285714285,-55.98000000000212,-65.31000000000212,-0.43547329948788865,DEV
NVCR,2024-12-04,target,4.114102526047063,0.7658286087446912,0.01856143250688711,267,0.5614833333333351,294.4921000000001,291.8221000000001,1.9465700970643183,DEV
NVCR,2024-12-05,stop,7.838929971309664,1.2526770921727841,0.00870147679324894,606,0.24746999999999986,-162.0868200000018,-168.1468200000018,-1.1212268153715728,DEV
NVCR,2024-12-06,stop,1.3352970054000814,4.430044182621477,0.011801307007786498,471,0.31828125000000185,-159.33046875000235,-164.04046875000236,-1.0942562592047222,DEV
NVCR,2024-12-09,stop,1.4774241809238113,2.3794305229615014,0.011468004280363854,466,0.32150550000000067,-159.14156300000178,-163.80156300000178,-1.0933110009004607,DEV
NVCR,2024-12-10,stop,0.8573622449700442,9.694788462353666,0.00532214310785747,989,0.1516278571428593,-169.73995071429096,-179.62995071429094,-1.19785282576234,DEV
NVCR,2024-12-12,stop_gap,1.9724263758234406,5.596759841398973,0.0066775077079654025,739,0.20279590909090928,-212.75810000000035,-220.14810000000034,-1.468964543394502,DEV
NVCR,2026-02-11,stop,0.6677935683131773,4.5076065861140355,0.00583808479532167,1000,0.059898750000000334,-79.89874999999991,-89.89874999999991,-1.5008451762348864,HOLDOUT
NVCR,2026-02-12,target,3.4318611268975356,0.02010631728179082,0.03782860764733271,287,0.5222239285714281,294.01653499999986,291.14653499999986,1.9425533791948866,HOLDOUT
NVCR,2026-02-19,stop_gap,1.0186930168593675,3.2598176539499906,0.008804035874439446,1000,0.09816499999999984,-139.9999999999988,-149.9999999999988,-1.5280395252890446,HOLDOUT
NVCR,2026-02-26,stop_gap,-1.499232593832843,10.534393749127927,0.011531777956556738,1000,0.14334000000000024,-400.00000000000034,-410.00000000000034,-2.8603320775777843,HOLDOUT
NVCR,2026-03-02,stop_gap,0.8304312885079077,1.444414679882124,0.013892817268329007,803,0.1866500000000002,-180.67499999999973,-188.70499999999973,-1.2590409858023004,HOLDOUT
NVCR,2026-04-16,target,3.9408866995073177,18.91625615763521,0.0020714285714286016,1000,0.02537500000000037,30.750000000001165,20.750000000001165,0.8177339901478172,HOLDOUT
NVCR,2026-04-17,target,5.1066386302191225,2.4031240612796165,0.003832310053722287,1000,0.049935000000001395,79.87000000000322,69.87000000000322,1.3992189846801095,HOLDOUT
NVCR,2026-04-20,target,11.156544345303967,0.3657883391902865,0.0021258331481893325,1000,0.027338214285714812,34.67642857143005,24.67642857143005,0.9026349824291325,HOLDOUT
NVCR,2026-04-24,target,3.0979498861047317,0.5940774487471503,0.004397035256410328,1000,0.054875000000000895,89.75000000000222,79.75000000000222,1.4533029612756432,HOLDOUT
NVCR,2026-04-27,stop,1.5690775813397846,1.4358170373792343,0.006152827205109717,1000,0.07654178571428538,-96.54178571428496,-106.54178571428496,-1.3919427763546484,HOLDOUT
NVCR,2026-04-29,stop,1.2352406902815467,1.1625794732061632,0.011682937181663978,1000,0.13762500000000166,-157.62500000000125,-167.62500000000125,-1.2179836512261526,HOLDOUT
NVCR,2026-05-05,stop,2.6132980482963704,1.0585511081706838,0.009341779975278196,992,0.15115000000000123,-169.78080000000432,-179.7008000000043,-1.1984783327820236,HOLDOUT
NVCR,2026-07-14,eod,1.7930792322282294,0.6849965606265139,0.015747235315445945,604,0.24817642857142808,114.7599999999997,108.7199999999997,0.7252904759574835,HOLDOUT
NVCR,2026-07-20,stop,2.7322191083598772,1.6393314650158988,0.004010676268002422,1000,0.06405049999999868,-84.05050000000003,-94.05050000000003,-1.468380418575998,HOLDOUT
NVCR,2026-07-22,target,3.8582677165354684,0.0,0.008094327597195595,1000,0.1269999999999989,233.9999999999982,223.9999999999982,1.7637795275590564,HOLDOUT
NVCR,2026-07-28,stop,1.536849038416699,1.4736908587557511,0.014376448460740312,631,0.23749892857142996,-162.48182392857427,-168.79182392857427,-1.126316359321934,HOLDOUT
NVCR,2026-07-29,target,3.8202438816406614,0.818623688922996,0.013777020676691744,682,0.21988125000000025,286.27802500000064,279.45802500000065,1.8635627185128358,HOLDOUT
NVCR,2026-07-30,stop,0.15479476793683883,2.3219215190526374,0.008505815229317622,1000,0.12920333333333467,-149.20333333333423,-159.20333333333423,-1.2321921519052597,HOLDOUT
NVCR,2026-07-31,target,5.737051792828676,0.8499335989375836,0.006123942745608329,1000,0.09412500000000001,168.25000000000045,158.25000000000045,1.6812749003984109,HOLDOUT
NVTS,2026-08-04,target,7.896505376344183,13.256048387096993,0.0023894018466478974,1000,0.029759999999999565,39.519999999999555,29.519999999999555,0.9919354838709673,HOLDOUT
NVTS,2026-08-05,stop,1.0852124303332502,1.0844889553796835,0.011084345285828745,1000,0.13822178571428445,-158.221785714284,-168.221785714284,-1.2170424860666462,HOLDOUT
NVTS,2026-08-10,target,4.9518150306632,0.1904544242562795,0.009505068790731286,1000,0.13126499999999908,242.52999999999858,232.52999999999858,1.771454690892471,HOLDOUT
NVTS,2026-08-13,stop,2.7848688790903053,2.2691524199995023,0.010376650017837951,1000,0.14542874999999889,-165.42874999999844,-175.42874999999844,-1.2062865836363152,HOLDOUT
NVTS,2026-08-17,stop,0.05590871225462896,2.794317438486418,0.012473012552301363,838,0.17886300000000155,-166.64719400000095,-175.02719400000095,-1.167726136763888,HOLDOUT
NVTS,2026-08-18,eod,1.2728508212208147,0.6093773306594622,0.028068943059173714,397,0.37710624999999887,97.2650000000004,93.2950000000004,0.6231665478893593,HOLDOUT
NVTS,2026-08-24,stop,0.3277899653244643,1.9367348382987775,0.014469114262076196,849,0.1766375,-166.94523749999965,-175.43523749999966,-1.1698393602717407,HOLDOUT
OGN,2025-02-04,stop,0.2978184796366557,3.2760032760032125,0.002245986622073622,1000,0.032559369068273725,-52.5593690682733,-62.5593690682733,-1.9213937756930297,DEV
OGN,2025-02-05,stop,0.3717688062735862,2.6256171943072832,0.014549526707234698,718,0.20866263219424575,-164.17976991546814,-171.35976991546815,-1.1437727478299629,DEV
OGN,2025-02-06,eod,1.885615251299805,0.3882149046793752,0.011878293807641714,857,0.17484510772750284,223.8541330940223,215.2841330940223,1.4367384537641967,DEV
OGN,2025-02-07,target,3.010953641696508,0.6229559258682502,0.006498987854251052,1000,0.09339455396203888,166.7891079240782,156.7891079240782,1.6787821267159393,DEV
OGN,2025-02-12,stop,0.4944650191226791,2.4370061656760473,0.009597772397094457,1000,0.13727457669484977,-157.27457669484934,-167.27457669484934,-1.2185401020517233,DEV
OGN,2025-02-14,target,11.462686567164173,-0.47761194029849896,0.005166563849475646,1000,0.0812105498200264,142.42109964005323,132.42109964005323,1.630589867123377,DEV
OGN,2025-02-18,stop,1.164580127271993,2.5693549057938183,0.004457773245573281,1000,0.0666113533807664,-86.61135338076598,-96.61135338076598,-1.4503736747174676,DEV
OGN,2025-02-21,stop,2.0848845867460364,1.8466120625464901,0.005417070022588071,1000,0.08139236218931778,-101.39236218931735,-111.39236218931735,-1.368584953096949,DEV
OGN,2026-03-25,stop,10.810433812246316,3.4872367136279077,0.0023200647249192697,1000,0.014295651189181413,-34.29565118918099,-44.29565118918099,-3.0985402905397423,HOLDOUT
OGN,2026-03-30,target,4.120555686366835,0.4944666823640177,0.00724126172208015,1000,0.04234455703157902,64.68911406315847,54.68911406315847,1.2915264179614236,HOLDOUT
OGN,2026-03-31,stop,1.1372559638243742,15.921583493541576,0.002272117632582815,1000,0.013150686068924777,-33.15068606892435,-43.15068606892435,-3.2812498026920376,HOLDOUT
OGN,2026-04-07,stop_gap,0.3040173724212756,4.661599710459667,0.008285354444044537,1000,0.049193557457982706,-74.83755228758059,-84.83755228758059,-1.7245663186697202,HOLDOUT
OGN,2026-04-15,target,2.37241036063123,8.573028348644748,0.01083958998336561,1000,0.09245879356406128,164.917587128123,154.917587128123,1.675531132912591,HOLDOUT
OGN,2026-04-17,stop,1.4223573292801381,9.939701808945767,0.003789427813565724,1000,0.035609865102312455,-55.60986510231203,-65.60986510231203,-1.8424631745670785,HOLDOUT
OGN,2026-04-20,eod,1.928439798431147,0.896948743456353,0.01182280921623445,1000,0.11115978873571564,149.497875809935,139.497875809935,1.2549310987050692,HOLDOUT
OGN,2026-04-23,target,3.222570467740494,0.41581554422458644,0.010912819058423161,1000,0.09591236238453504,171.8247247690705,161.8247247690705,1.6872144606372788,HOLDOUT
OGN,2026-04-29,stop,0.7174887892376481,3.587443946188496,0.0010471450037565213,1000,0.01389633318028416,-33.89633318028373,-43.89633318028373,-3.1588428840036,HOLDOUT
OGN,2026-04-30,eod,1.5312958591206818,0.5104319530402273,0.0029438392186327683,1000,0.03906676820226629,39.82278037735831,29.822780377358313,0.763379766223618,HOLDOUT
OGN,2026-05-01,stop,0.6128201985540661,7.966662581200457,0.0006155413051677135,1000,0.008134901174866371,-28.134901174865945,-38.134901174865945,-4.6878136998993565,HOLDOUT
OGN,2026-05-04,eod,0.28581636298687263,0.8574490889603125,0.001318790049000976,1000,0.01744207879241877,-15.014768476619977,-25.014768476619977,-1.4341621072995434,HOLDOUT
OKTA,2025-02-27,stop,1.020208923167046,1.9183832861466463,0.0113906032805115,146,1.0242999999999967,-152.467800000001,-153.927800000001,-1.029288294444997,DEV
OKTA,2025-03-05,stop_gap,-1.0559931871407353,14.443261656376409,0.005422785628521293,255,0.5871250000000003,-239.70000000000306,-242.25000000000307,-1.6180540770704903,DEV
OKTA,2025-03-10,target,9.768087114613653,0.8235092898182811,0.0036278209311944873,380,0.3946524999999923,292.33589999999026,288.53589999999025,1.9239837578629027,DEV
OKTA,2025-03-12,eod,0.170676605888115,0.8810603168818785,0.020175360632852413,69,2.167842499999992,-93.15000000000059,-93.84000000000059,-0.6273518486698242,DEV
OKTA,2025-03-13,stop,3.6534372605437495,3.0698616164537964,0.0036868288119737682,380,0.39412199999999586,-157.36636000000232,-161.16636000000233,-1.0761185622726226,DEV
OKTA,2025-03-18,eod,1.0416666666666683,0.2777777777777723,0.01266825019794139,104,1.4399999999999977,75.91999999999894,74.87999999999893,0.4999999999999936,DEV
OKTA,2026-06-02,stop,0.4741298715174893,4.474183294601602,0.011492555640828824,100,1.497479999999996,-151.74799999999777,-152.74799999999777,-1.0200336565429802,HOLDOUT
OKTA,2026-06-03,eod,1.52276858835531,0.5260712428519578,0.011429361155063282,103,1.444671249999999,178.18999999999895,177.15999999999894,1.190582286454438,HOLDOUT
OKTA,2026-06-05,target,2.248223507632489,0.08286039611411922,0.014881000822030359,82,1.8102737499999932,295.24489499999805,294.42489499999806,1.9834279207771697,HOLDOUT
OKTA,2026-06-10,eod,1.7004751180723785,0.6933124351264146,0.011021611956721026,116,1.2878753571428518,221.55999999999796,220.39999999999796,1.4752980476426907,HOLDOUT
OKTA,2026-06-16,stop,1.520060906372048,2.0470153539143587,0.006368933549132316,202,0.7401019230769208,-153.54058846154007,-155.56058846154008,-1.0405349575032685,HOLDOUT
OKTA,2026-06-17,target,7.592786671967082,2.9284569886644576,0.0032736027257347458,397,0.3773318181818155,291.66146363635744,287.6914636363574,1.9204943803982233,HOLDOUT
OKTA,2026-08-17,eod,1.536858237105177,0.4044363781855669,0.011914392166310859,86,1.7308037499999784,172.86000000000166,172.00000000000165,1.1555325091016495,HOLDOUT
OKTA,2026-08-18,eod,0.576684066616959,0.9624658215262188,0.017512014208106986,59,2.514375000000001,-21.23999999999745,-21.82999999999745,-0.1471538652746534,HOLDOUT
OKTA,2026-08-21,stop,-0.25582976169293314,5.287148408320804,0.005727574579200368,196,0.762225624999985,-153.3162224999935,-155.2762224999935,-1.0393584248758134,HOLDOUT
OKTA,2026-08-24,target,9.723109072966418,-0.1934947079196921,0.0015696583143508607,725,0.20672400000000835,285.2498000000253,277.9998000000253,1.85487896906029,HOLDOUT
OKTA,2026-08-25,stop_gap,3.5352558493670743,2.009400741129606,0.00355702982947569,322,0.4653128571428624,-180.31999999999158,-183.53999999999158,-1.2249822699933905,HOLDOUT
OKTA,2026-08-26,stop,2.3934729503335426,14.39631186760824,0.004479360426676325,258,0.5807042857143188,-154.98170571428955,-157.56170571428956,-1.0516614062234433,HOLDOUT
OKTA,2026-08-31,stop,0.751751238681006,2.456859730052946,0.017535502426748357,51,2.9265000000000327,-150.27150000000074,-150.78150000000073,-1.0102511532547347,HOLDOUT
OKTA,2026-09-01,target,2.4667603006024854,0.05008650356553463,0.014267835874225893,62,2.3958550000000116,295.84602000000257,295.22602000000256,1.9874783741086244,HOLDOUT
OKTA,2026-09-03,stop,0.0852587603376301,8.09247733537974,0.0042719519227849695,213,0.703739999999982,-154.1566199999923,-156.2866199999923,-1.0426293801687876,HOLDOUT
ON,2025-04-10,target,4.437279188167842,0.18992245552469264,0.01617379921809546,258,0.5791837499999986,293.6988150000003,291.1188150000003,1.9482029666750906,DEV
ON,2025-04-11,stop,0.6419813456612086,3.551386167487484,0.02247455103607046,204,0.7321084999999954,-153.43013399999825,-155.47013399999824,-1.0409775327017732,DEV
ON,2025-04-14,target,5.693816577766041,4.004442428318993,0.00447431410974236,938,0.1598224999999971,281.0670099999983,271.6870099999983,1.8122917611725724,DEV
ON,2025-04-15,eod,1.3464696223316879,0.311986863710997,0.01697324414715724,246,0.6090000000000018,2.4600000000012585,1.2585488207150775e-12,8.400742391999906e-15,DEV
ON,2025-04-16,stop,3.6136713752317142,1.2324081568709409,0.013844346443030687,313,0.47873750000000115,-156.10483749999912,-159.23483749999912,-1.0626648215358019,DEV
ON,2025-04-17,stop,1.4100422046879275,3.1098191089692464,0.007610098485962009,579,0.25885749999999774,-161.4584924999964,-167.2484924999964,-1.115893879837348,DEV
ON,2025-04-23,eod,1.448861374779321,0.9861997593035762,0.011136740547587995,365,0.4106673076923073,85.7750000000024,82.12500000000239,0.5478887551686679,DEV
ON,2025-04-25,stop,0.28375334740275543,3.660418181495751,0.009050301746276277,425,0.3524187499999982,-158.27796874999757,-162.52796874999757,-1.0851260042208202,DEV
ON,2025-04-30,stop_gap,-0.6707276175145281,6.707276175145303,0.00871650279032681,457,0.3280019999999979,-169.0899999999956,-173.6599999999956,-1.1585295211614344,DEV
ONB,2024-11-07,stop_gap,21.56862745098399,18.039215686277696,0.0005864765409382614,1000,0.012137264400276848,-143.75249976755455,-153.75249976755455,-12.667805091569686,DEV
ONB,2024-11-11,stop_gap,0.4935370152761402,5.2878965922445245,0.0031815462838342494,1000,0.06750857495537588,-91.39567269076565,-101.39567269076565,-1.501967309453497,DEV
ONB,2024-11-14,target,5.103466882503538,0.7780925401321906,0.0041790879857846,1000,0.08820935277867292,156.41870555734272,146.41870555734272,1.659900009976533,DEV
ONB,2024-11-15,target,6.189376443418089,-1.6628175519630528,0.004981592268752838,1000,0.1030477538271306,186.09550765425809,176.09550765425809,1.708872839185509,DEV
ONB,2024-11-18,stop,-0.28818443804035165,2.593659942363122,0.004096812278630438,1000,0.08258099204759617,-102.5809920475993,-112.5809920475993,-1.3632797240158172,DEV
ONB,2024-11-19,stop,3.9075773020726006,4.417261297995219,0.001403433476394865,1000,0.028015661845493867,-48.01566184549699,-58.01566184549699,-2.0708296011514156,DEV
ONB,2024-11-25,stop,0.7089151450053398,2.0622986036519517,0.010084488734835589,677,0.22156456665214108,-163.53921162350161,-170.30921162350162,-1.135400711644942,DEV
ONON,2025-11-17,stop_gap,3.838870306797357,2.4429174679619474,0.006462089020771549,551,0.2722155000000015,-190.09499999999937,-195.60499999999936,-1.3041138362804356,DEV
ONON,2025-11-18,stop,0.32532347504621095,3.741219963031447,0.008159387065637017,443,0.338124999999998,-158.64937499999735,-163.07937499999736,-1.0887245841035007,DEV
ONON,2025-11-19,stop,0.1647328659943516,3.3551602089000383,0.008608404356060435,412,0.3636189999999928,-158.0510279999954,-162.1710279999954,-1.0825039395631049,DEV
ONON,2025-11-20,target,5.034590807470858,0.07041385744715588,0.006642539756782108,528,0.2840350000000029,289.3809600000052,284.1009600000052,1.894379213829297,DEV
ONON,2025-11-21,stop,5.440356744704963,9.007803790413126,0.0027307598636140237,1000,0.11212499999999181,-132.12499999998784,-142.12499999998784,-1.2675585284280777,DEV
ONON,2025-11-24,stop_gap,0.9749855275585407,2.2807697162530673,0.007019891224639552,522,0.28718375000000407,-284.4900000000009,-289.71000000000095,-1.9325605992678694,DEV
ORCL,2025-09-11,stop,9.27705035433245,3.467514806837916,0.003826218974338158,125,1.1947409600017522,-151.84262000021675,-153.09262000021675,-1.0251100456118436,DEV
ORCL,2025-09-12,eod,1.905416398135825,-0.0680988679458026,0.012619151595149567,40,3.7299436066998055,266.8256923289914,266.42569232899143,1.785721986858138,DEV
ORCL,2025-09-15,stop,2.334033712579908,1.2228307059386245,0.00652832819901306,76,1.9486272051161109,-149.61566758882304,-150.37566758882303,-1.0153954537436494,DEV
ORCL,2025-09-22,stop,-0.2252392083708064,12.174467980658443,0.005614255374339297,87,1.7119799276777599,-150.68225370796353,-151.55225370796353,-1.0175235699408438,DEV
ORCL,2025-09-24,stop,5.986964592103036,4.289721909426143,0.002915468627194088,170,0.880234878532633,-153.03992935054453,-154.73992935054451,-1.0340818124021538,DEV
ORCL,2025-09-25,stop,2.924138229508601,1.2513204135284774,0.005182416025900445,99,1.5012849313363859,-150.6072082023004,-151.5972082023004,-1.0199828822455954,DEV
ORCL,2025-09-26,target,2.148251407535776,0.011842247726272197,0.010210108128648757,51,2.922213595960727,297.0457867879951,296.5357867879951,1.9897338099988826,DEV
ORCL,2025-09-29,eod,0.8700212089684579,0.6622023776763789,0.010063133595632996,53,2.8070178040990186,-34.597748015275556,-35.12774801527556,-0.2361180956649342,DEV
ORCL,2025-09-30,stop,1.188271068733328,1.3806970960123675,0.008007410867117884,68,2.2053318665413144,-151.32256692480814,-152.00256692480815,-1.0136033947793226,DEV
ORIC,2025-02-10,stop_gap,29.550118389897488,63.89897395422276,0.0032614291598022957,1000,0.03959374999999987,-74.99999999999929,-84.99999999999929,-2.1468034727703125,DEV
ORIC,2025-02-13,target,8.684563081923962,-0.04619694176245428,0.02310187251382559,692,0.21646454545454574,285.7469309090916,278.8269309090916,1.8614091747126362,DEV
ORIC,2025-02-14,target,4.021695125145883,0.31256697863827815,0.027036458752514963,625,0.2399485714285703,287.4357142857131,281.1857142857131,1.8749732085446895,DEV
ORIC,2025-02-20,target,6.902151847340695,-0.406008932196503,0.007929813264649001,1000,0.06157499999999949,103.14999999999941,93.14999999999941,1.512789281364193,DEV
ORIC,2025-02-25,target,3.037037037037083,17.333333333333563,0.004479097544790909,1000,0.0337499999999995,47.49999999999943,37.49999999999943,1.1111111111111107,DEV
ORIC,2025-05-23,stop_gap,-0.30364372469634776,11.842105263157814,0.008422847399829554,1000,0.04940000000000033,-89.99999999999898,-99.99999999999898,-2.0242914979756743,DEV
ORIC,2025-06-10,stop,2.530105826541867,5.4494587033209,0.005286136831275576,1000,0.0513812499999986,-71.38124999999818,-81.38124999999818,-1.5838705753558038,DEV
ORIC,2025-12-26,stop,1.0644431631702689,1.4192575508936498,0.006865712545676046,1000,0.05636750000000035,-76.36749999999992,-86.36749999999992,-1.5322215815851223,DEV
ORIC,2025-12-30,eod,1.2933025404157101,0.9699769053117662,0.013372452130945022,1000,0.10824999999999996,-4.999999999999005,-14.999999999999005,-0.1385681293302449,DEV
ORIC,2026-01-02,stop,3.495145631068145,4.0776699029128585,0.0031595092024538167,1000,0.025749999999998607,-45.74999999999818,-55.74999999999818,-2.165048543689367,HOLDOUT
ORIC,2026-01-06,stop,0.24403970376568299,1.4991010374177598,0.01805151487907939,1000,0.14341928571428575,-163.4192857142853,-173.4192857142853,-1.20917688894201,HOLDOUT
ORIC,2026-01-07,stop,0.5965292841648652,3.362255965292835,0.02221686746987953,813,0.18440000000000012,-166.17719999999974,-174.30719999999974,-1.1626898047722318,HOLDOUT
ORIC,2026-01-08,stop,1.2115928278833106,1.2115928278833106,0.01309325163672979,1000,0.11142357142857051,-131.42357142857009,-141.42357142857009,-1.2692428506407323,HOLDOUT
ORIC,2026-02-11,stop,0.5410279531109082,1.911632100991898,0.013557457212713871,1000,0.13862499999999933,-158.62499999999892,-168.62499999999892,-1.2164111812443625,HOLDOUT
ORIC,2026-02-17,stop,0.38973796087508683,3.7860259056436836,0.008998389636415591,1000,0.0898039285714276,-109.80392857142718,-119.80392857142718,-1.334061109321497,HOLDOUT
ORIC,2026-02-23,target,3.6813042334998576,2.356034709439911,0.005854371921182284,1000,0.06791071428571449,115.82142857142941,105.82142857142941,1.5582434919800234,HOLDOUT
ORIC,2026-02-25,target,3.238602128941576,0.6276360715003041,0.014479098509632795,753,0.19915999999999912,284.87495999999896,277.344959999999,1.849367342839929,HOLDOUT
ORIC,2026-03-02,stop,-0.35611560060265607,2.4106286810026107,0.027802741812642674,410,0.3650499999999983,-157.87049999999914,-161.97049999999913,-1.082180523215997,HOLDOUT
ORIC,2026-03-03,stop,1.3331140331893476,1.7832564340065329,0.021870314274895827,519,0.2887974999999994,-160.26590249999944,-165.45590249999944,-1.1038790155731943,HOLDOUT
ORIC,2026-03-31,eod,1.6677302701552892,0.4084237396298639,0.02309846698113204,510,0.2938124999999996,15.30000000000058,10.200000000000578,0.06807062327164828,HOLDOUT
ORIC,2026-04-08,stop,0.0,4.581779435269142,0.010664772727272499,1000,0.09384999999999799,-113.84999999999756,-123.84999999999756,-1.3196590303676101,HOLDOUT
ORIC,2026-04-10,stop,0.9900353584056464,5.130183220829288,0.005481358799069734,1000,0.05555357142857176,-75.55357142857133,-85.55357142857133,-1.540019286403075,HOLDOUT
ORIC,2026-04-14,stop,-0.6640343663324341,4.23960403119941,0.009380594154288407,1000,0.09788649999999954,-117.88649999999912,-127.88649999999912,-1.3064773998457369,HOLDOUT
ORIC,2026-08-07,stop_gap,1.5454159100568292,11.9769733029404,0.0040190993788819,1000,0.05176599999999887,-89.99999999999808,-99.99999999999808,-1.9317698875709977,HOLDOUT
ORIC,2026-08-10,target,2.7743595480478778,3.3113323637990835,0.008319992553983638,1000,0.11173750000000027,203.47500000000096,193.47500000000096,1.7315135921244031,HOLDOUT
ORIC,2026-08-13,stop,1.8442353010055856,8.811346438137805,0.0035962206548056886,1000,0.0488007142857132,-68.80071428571277,-78.80071428571277,-1.6147451003351874,HOLDOUT
ORIC,2026-08-14,stop,0.6979280261722849,7.4154852780806975,0.004256405495729677,1000,0.0573125000000001,-77.31249999999967,-87.31249999999967,-1.5234460196292174,HOLDOUT
ORIC,2026-08-17,stop,11.348017621145628,1.8033480176211865,0.002971826560536177,1000,0.04053571428571345,-60.53571428571303,-70.53571428571303,-1.7400881057268769,HOLDOUT
ORIC,2026-08-24,stop,2.4126347827700783,3.1549839466993346,0.0078661313868613,1000,0.1077659999999998,-127.76599999999938,-137.7659999999994,-1.278380936473467,HOLDOUT
OSCR,2025-02-06,target,85.62046035805197,-8.286445012787297,0.0010568710130825483,1000,0.01629166666666748,12.58333333333539,2.583333333335389,0.15856777493617963,DEV
OSCR,2025-02-10,eod,0.35104013924592675,0.9361070379891259,0.023365772385509097,438,0.3418412499999981,-48.17999999999975,-52.559999999999754,-0.3510401392459222,DEV
OSCR,2025-02-14,stop,1.0755054668067443,1.8021983497842722,0.01281759633808819,872,0.1720121428571435,-167.43458857142878,-176.15458857142877,-1.1744062919146043,DEV
OSCR,2025-02-19,stop,0.7530933440767643,1.91169848881025,0.02204615116684076,434,0.3452427272727263,-158.5153436363638,-162.8553436363638,-1.0868953858550152,DEV
OSCR,2025-02-20,eod,1.095794887120667,0.93142565405257,0.022602589361103365,410,0.3650318181818193,24.59999999999802,20.499999999998018,0.13697436089007065,DEV
OSCR,2025-02-25,stop,0.8642390238214505,2.9219509853010788,0.01606003525005505,617,0.24298833333333292,-162.26380166666615,-168.43380166666614,-1.1234627176887764,DEV
OSCR,2025-05-05,target,3.530746921104628,0.6725232230675489,0.008998108925869872,1000,0.1189549999999997,217.90999999999983,207.90999999999983,1.747803791349673,DEV
OSCR,2025-05-07,stop,0.21736399577128196,4.70296645396048,0.01560961046972762,592,0.25303178571428475,-161.63481714285842,-167.5548171428584,-1.1185621795116212,DEV
OSCR,2025-05-08,stop,9.060535704173653,5.662834815108528,0.0049687675858187215,1000,0.08829499999999868,-108.2950000000018,-118.2950000000018,-1.3397700889065471,DEV
OSCR,2025-05-13,stop,0.5701213645854937,5.131092281269362,0.01064327973300972,855,0.17540125000000018,-167.06806875000282,-175.61806875000283,-1.1710364093756636,DEV
OSCR,2025-05-14,target,5.345069862396341,-0.4242118938409849,0.013697341661824349,636,0.23573124999999706,287.1301499999943,280.77014999999426,1.8727364318476931,DEV
OSCR,2025-05-15,stop,0.7038031436540245,3.0237468394025298,0.011855067985166987,782,0.19181500000000185,-165.6393300000039,-173.4593300000039,-1.1564006985898019,DEV
OSCR,2025-05-21,target,8.992391053723681,0.8176687821527961,0.006474877016079748,1000,0.10175269230769324,183.5053846153869,173.5053846153869,1.7051675064352931,DEV
OSCR,2025-06-13,stop,0.6538065436108624,2.2852729145211157,0.012956593410541202,831,0.1803285714285714,-166.47304285714247,-174.78304285714248,-1.1663629881961475,DEV
OSCR,2025-06-17,stop,1.338765094164789,2.9025704631966356,0.012605660443479473,748,0.20040857142856972,-164.86561142857116,-172.34561142857115,-1.1496941961421747,DEV
OSCR,2025-06-18,stop,0.0,5.544193913036017,0.02780731853629249,323,0.46354799999999585,-156.18600399999968,-159.41600399999967,-1.0647182168836957,DEV
OSCR,2025-07-02,stop,2.731838725830012,1.3775520244548416,0.019003393188524943,459,0.3266664285714249,-159.11989071428548,-163.70989071428548,-1.0918368016303324,DEV
OSCR,2025-07-07,stop,0.3352824954597081,5.727742630770147,0.011132415018884725,838,0.17895357142857193,-166.7230928571459,-175.1030928571459,-1.167641247729875,DEV
OSCR,2025-11-12,stop,1.4940997039756911,2.140196873262461,0.008251941660472066,1000,0.12382038461538336,-143.82038461538292,-153.82038461538292,-1.2422864384825403,DEV
OSCR,2025-11-13,target,2.5032868359675455,0.6716135413571427,0.017031334488734874,610,0.2456770000000006,287.52594000000096,281.42594000000094,1.877888447025975,DEV
OSCR,2025-11-18,stop,-0.5022962112514374,8.897818599311142,0.010217008797653953,1000,0.13935999999999993,-159.3599999999995,-169.3599999999995,-1.2152698048220407,DEV
OSCR,2025-11-19,target,2.988898377455182,0.9393680614859089,0.012147302904564259,853,0.1756499999999992,282.598899999999,274.068899999999,1.8292058070025636,DEV
OSCR,2025-11-21,target,4.5778270474611045,5.581599368355605,0.006862999452654562,1000,0.08956214285714204,159.1242857142845,149.1242857142845,1.665037045307729,DEV
OSCR,2025-11-26,stop,0.12323480150794476,1.4001714084057293,0.025023969722455935,336,0.4463025000000016,-156.6776400000016,-160.0376400000016,-1.0672189826407046,DEV
OSCR,2025-12-01,target,2.802428771602053,0.6904534654671816,0.007265122455001458,1000,0.1231074999999997,226.21499999999628,216.21499999999628,1.7563105415997953,DEV
PATH,2025-05-28,stop,-0.4748858447488694,6.173515981735201,0.004143583689038198,1000,0.052644230769230305,-72.64423076922988,-82.64423076922988,-1.5698630136986271,DEV
PATH,2025-05-29,stop,1.7489915089283201,1.0719625377302724,0.0068779588668994645,1000,0.0886224999999996,-108.62249999999918,-118.62249999999918,-1.3385144855990263,DEV
PATH,2025-06-04,target,2.1483798618897976,5.123059670660305,0.0023336179824803606,1000,0.030255357142857875,40.510714285716176,30.510714285716176,1.0084400637431767,DEV
PATH,2025-06-09,stop_gap,0.14114326040928013,3.1051517290047648,0.002713519724243724,1000,0.035425000000001816,-64.9999999999995,-74.9999999999995,-2.1171489061396094,DEV
PATH,2025-09-10,eod,1.392104112841043,0.4234026447561489,0.017018832867823956,746,0.20099071428571413,134.20540000000128,126.74540000000128,0.8453126832440823,DEV
PATH,2025-09-12,eod,1.6565240893476803,0.5544996425395442,0.005002093327518563,1000,0.057349000000000316,44.99999999999993,34.99999999999993,0.6102983487070347,DEV
PATH,2025-09-15,stop,1.607170452789338,10.446607943130912,0.002182241257208371,1000,0.02488846153846147,-44.888461538461044,-54.888461538461044,-2.2053778395920123,DEV
PATH,2025-09-16,stop,0.0394548912228714,1.3414663015774173,0.011058202443280882,1000,0.12672699999999892,-146.7269999999985,-156.7269999999985,-1.236729347337188,DEV
PATH,2025-09-18,stop,1.3364517206816624,6.548613431340032,0.003137316561844739,1000,0.037412499999998516,-57.41249999999809,-67.41249999999809,-1.8018710324089746,DEV
PATH,2025-09-19,target,3.9346105203992257,0.9236966602651251,0.0044551335559263995,1000,0.05337249999999827,86.74499999999696,76.74499999999696,1.4379127828001208,DEV
PATH,2025-09-23,stop,4.739458568374407,1.7515390361383705,0.007494787644787647,1000,0.09705750000000002,-117.05749999999959,-127.05749999999959,-1.309095124024414,DEV
PATH,2025-09-24,eod,1.8885313687520895,0.9651587729132339,0.00790940738463169,1000,0.0981185714285715,65.30000000000058,55.30000000000058,0.5636038029789086,DEV
PATH,2025-09-25,stop,-0.42708968883465254,2.7455765710799156,0.006837713808927898,1000,0.08195000000000086,-101.95000000000043,-111.95000000000043,-1.3660768761439812,DEV
PATH,2025-09-30,target,4.8413448848468255,0.4443746512661367,0.014871900621118012,701,0.2137835714285714,285.7045671428574,278.6945671428574,1.859671162758065,DEV
PATH,2025-10-02,stop,1.834850344198509,1.052610855541621,0.005975897661139797,1000,0.07619150000000019,-96.19149999999976,-106.19149999999976,-1.3937447090554655,DEV
PATH,2025-10-06,stop,-0.0064883259787951245,4.826387624511322,0.015218155731676076,695,0.2157721428571424,-163.8616392857137,-170.81163928571368,-1.1390355566884363,DEV
PATH,2025-10-10,target,2.9734944091389894,0.3180947507450971,0.02016889818688988,414,0.3615275000000011,291.0647699999996,286.9247699999996,1.917018760675182,DEV
PATH,2025-10-14,stop,0.1696695483558272,3.6196170315908462,0.010870844495191285,848,0.17681428571428626,-166.8985142857174,-175.3785142857174,-1.1696695483558384,DEV
PATH,2025-10-15,target,4.467888698404258,0.5914789905294944,0.008687650900203398,1000,0.14624357142857392,272.4871428571447,262.4871428571447,1.794862777851023,DEV
PATH,2025-10-17,target,2.3856609222462732,0.09417082587814618,0.010174704567230953,941,0.15928500000000057,280.95437000000146,271.54437000000144,1.8116583482437172,DEV
PATH,2025-12-05,stop,0.8365467350775959,2.126740813920122,0.011341465618505563,717,0.20919333333333512,-164.3316200000035,-171.5016200000035,-1.143408011727602,DEV
PATH,2025-12-08,eod,0.5397005592414478,0.7258042003591827,0.028236205990541184,279,0.5373349999999988,-78.12000000000032,-80.91000000000032,-0.5397005592414449,DEV
PATH,2025-12-10,stop,0.4725146801719971,2.641786620961627,0.012696863921461571,644,0.23279699999999792,-162.80126800000068,-169.24126800000067,-1.1288676400469224,DEV
PATH,2025-12-12,stop,2.9697353932397004,1.067770029030005,0.008477793493635028,1000,0.14984499999999912,-169.84500000000224,-179.84500000000224,-1.2002068804431465,DEV
PATH,2025-12-19,stop,0.21601771345250198,2.160177134525058,0.008712515683814164,1000,0.13887749999999777,-158.87749999999912,-168.87749999999912,-1.216017713452516,DEV
PATH,2025-12-22,stop,-0.6347211311861706,3.2741555380989937,0.00976286888766179,942,0.15912499999999952,-168.7357500000025,-178.15575000000248,-1.1885310290652205,DEV
PD,2025-02-26,stop,1.5772870662460552,1.2815457413249438,0.005644963828603239,1000,0.1014400000000002,-121.44000000000332,-131.44000000000332,-1.2957413249211658,DEV
PD,2025-02-27,stop,1.1854360711261682,1.4394580863674835,0.01329954954954956,635,0.2362000000000002,-162.68700000000212,-169.0370000000021,-1.1270110076206736,DEV
PD,2025-03-03,stop_gap,6.997084548105273,1.9436345966958812,0.004323529411764531,1000,0.07717499999999688,-120.000000000001,-130.000000000001,-1.6844833171364593,DEV
PD,2025-03-04,stop_gap,-1.0468159348647674,11.398662401860417,0.0025065597667639885,1000,0.0429875000000024,-65.00000000000483,-75.00000000000483,-1.744693224774659,DEV
PD,2025-03-07,stop,1.319296110886997,2.1525357598682566,0.01249778916484159,694,0.2160242857142869,-163.80085428571726,-170.74085428571726,-1.1388732748302244,DEV
PD,2025-03-10,stop,1.4100394811054797,2.3124647490129875,0.010356308411214888,846,0.1772999999999989,-166.91580000000172,-175.37580000000173,-1.1692047377326753,DEV
PD,2025-03-12,stop,19.34703748488181,5.952934610732702,0.0008154581310681059,1000,0.013438750000002386,-33.43875000000551,-43.43875000000551,-3.232350479025043,DEV
PD,2025-03-13,target,2.6574234546504614,0.693240901213171,0.010852664576802607,866,0.17310000000000159,282.4892000000031,273.8292000000031,1.8266897746967108,DEV
PD,2025-03-17,stop_gap,-0.6250753439030762,3.562929460247485,0.008922516134172468,937,0.15998071428571237,-168.66000000000307,-178.03000000000307,-1.1876431534158483,DEV
PD,2025-07-08,stop,-0.6906474820144003,12.661870503596845,0.0022098569157393147,1000,0.034750000000000725,-54.7500000000003,-64.7500000000003,-1.8633093525179554,DEV
PD,2025-07-09,target,2.3998603717602713,0.5236058992931383,0.00717982456140327,1000,0.1145899999999962,209.17999999999282,199.17999999999282,1.738197050353429,DEV
PD,2025-07-15,target,3.954802259886998,0.1977401129943631,0.0067699368904188375,1000,0.10114285714285742,182.28571428571527,172.28571428571527,1.7033898305084796,DEV
PD,2025-07-17,stop,1.5154160640691496,1.1200901343119776,0.010282757452574587,988,0.1517735000000009,-169.71221800000046,-179.59221800000046,-1.1976629648785817,DEV
PD,2025-07-18,stop,0.3044855064898922,1.4354316734523511,0.007935657576803593,1000,0.11494800000000005,-134.94799999999964,-144.94799999999964,-1.2609875769913315,DEV
PD,2025-07-21,eod,0.8367063804225076,0.8831900682237653,0.007322301932240597,1000,0.10756461538461437,50.00000000000071,40.00000000000071,0.37186950241001054,DEV
PD,2025-07-22,stop,0.07246376811594053,1.811594202898552,0.009419795221842997,1000,0.1379999999999999,-157.9999999999995,-167.9999999999995,-1.2173913043478233,DEV
PD,2025-07-28,target,12.871842843779707,4.490177736202184,0.0019673881036512807,1000,0.03340624999999875,46.81249999999437,36.81249999999437,1.1019644527594612,DEV
PD,2026-05-29,target,8.495747266100055,40.34021871203089,0.0022400653238975636,1000,0.020574999999999122,21.14999999999867,11.14999999999867,0.5419198055892659,HOLDOUT
PD,2026-06-02,stop,1.508896065954796,1.7336252672672254,0.015512250996016044,963,0.15574300000000108,-169.24050900000063,-178.87050900000062,-1.1926250296963548,HOLDOUT
PD,2026-06-03,target,12.558653049958682,-0.13800717637319387,0.0038136842105262908,1000,0.03622999999999976,52.45999999999995,42.45999999999995,1.1719569417609779,HOLDOUT
PD,2026-06-15,target,3.778337531486173,2.475462520628896,0.004247555801512593,1000,0.03837666666666628,56.75333333333299,46.75333333333299,1.2182749934856283,HOLDOUT
PENN,2026-02-10,stop,-0.05760921747479819,3.398943831012957,0.009606161224866253,1000,0.1301874999999999,-150.1874999999995,-160.1874999999995,-1.230436869899181,HOLDOUT
PENN,2026-02-11,target,2.3749999999999813,-0.3333333333333235,0.008823529411764779,1000,0.120000000000001,220.00000000000242,210.00000000000242,1.7500000000000056,HOLDOUT
PENN,2026-02-12,stop_gap,28.891509433961808,1.7688679245282994,0.0031819887429644024,1000,0.04240000000000066,-85.00000000000085,-95.00000000000085,-2.2405660377358343,HOLDOUT
PENN,2026-02-13,stop,1.8671278370395266,1.5610413063773154,0.013652528207271227,918,0.16335250000000023,-168.3175949999998,-177.49759499999982,-1.183651918397328,HOLDOUT
PENN,2026-02-17,stop,1.5466215696825167,2.0662618187408617,0.010949230717436028,1000,0.13009000000000093,-150.0900000000005,-160.0900000000005,-1.230609577984467,HOLDOUT
PENN,2026-02-25,stop_gap,4.81713523820453,2.1791802268068174,0.003500150541950994,1000,0.04359437499999963,-64.9999999999995,-74.9999999999995,-1.7204054422158854,HOLDOUT
PENN,2026-03-02,stop,0.2762185678067279,2.170288747052849,0.017245491663831183,591,0.2534224999999992,-161.59269749999928,-167.50269749999927,-1.118379386202881,HOLDOUT
PENN,2026-03-03,stop,0.12789972661433036,7.737933460167156,0.011082388377037674,959,0.15637250000000158,-169.1412275000011,-178.7312275000011,-1.191849589921497,HOLDOUT
PENN,2026-04-16,stop,0.6524398532010436,1.0058447736849268,0.011445239576851186,815,0.18392499999999856,-166.19887500000138,-174.34887500000139,-1.1631099633002766,HOLDOUT
PENN,2026-04-17,stop,4.939879422034288,2.862884665042579,0.0055084106369818805,1000,0.08907099999999701,-109.07100000000014,-119.07100000000014,-1.336809960593281,HOLDOUT
PENN,2026-04-20,stop,4.370132648694674,7.311510483525573,0.0021243272282030243,1000,0.033385714285715906,-53.38571428571548,-63.38571428571548,-1.8985879332476971,HOLDOUT
PENN,2026-04-21,target,4.610835463338898,-0.5345896189378427,0.009519561068702201,1000,0.1496474999999986,279.29499999999763,269.29499999999763,1.7995288928983117,HOLDOUT
PENN,2026-04-22,stop_gap,13.104106972301947,2.4068767908309647,0.0024714380134075865,1000,0.037392857142856784,-59.99999999999872,-69.99999999999872,-1.8720152817573859,HOLDOUT
PENN,2026-04-24,stop,2.085308056871995,7.266982622432783,0.004742283488163094,1000,0.07912500000000122,-99.12500000000435,-109.12500000000435,-1.3791469194313133,HOLDOUT
PENN,2026-04-28,stop,0.5503685503685357,3.4742014742014735,0.008193751006603363,1000,0.14535714285714363,-165.35714285714675,-175.35714285714675,-1.2063882063882267,HOLDOUT
PENN,2026-04-29,stop_gap,2.8552665391314265,2.0462743530441827,0.0058714165968147694,1000,0.1050690000000003,-160.0000000000037,-170.0000000000037,-1.6179843721745064,HOLDOUT
PENN,2026-04-30,stop_gap,18.064516129033617,22.119815668204392,0.0007679784824461514,1000,0.013562499999999034,-80.00000000000185,-90.00000000000185,-6.6359447004614385,HOLDOUT
PENN,2026-05-01,target,6.204704386522645,-0.7120152574698153,0.005538732394366123,1000,0.09831249999999869,176.62499999999426,166.62499999999426,1.6948506039414772,HOLDOUT
PENN,2026-05-04,stop_gap,3.9344262295083117,1.916771752837357,0.005813782991202184,1000,0.09912499999999724,-130.00000000000256,-140.00000000000256,-1.4123581336696742,HOLDOUT
PENN,2026-05-05,stop,-0.054018649938899356,3.376165621180682,0.01122627349909046,810,0.18512125000000168,-166.1482125000039,-174.2482125000039,-1.1620559498166896,HOLDOUT
PENN,2026-05-06,stop,5.305263157894762,3.2000000000000597,0.003491620111731802,1000,0.05937499999999929,-79.37500000000242,-89.37500000000242,-1.5052631578947955,HOLDOUT
PGNY,2025-02-27,target,9.702009702009557,-0.1293601293601017,0.0032783533260632987,1000,0.07730357142857258,134.60714285714204,124.60714285714204,1.6119196119195773,DEV
PGNY,2025-02-28,target,2.906607919353177,0.10765214516122917,0.027693462521294607,230,0.6502424999999974,294.51154999999807,292.21154999999806,1.9538633663594682,DEV
PGNY,2025-03-04,stop,0.18553269086013174,4.558803261134644,0.008991706387035201,795,0.18864599999999854,-165.87357000000134,-173.82357000000133,-1.1590280207372718,DEV
PGNY,2025-03-05,stop,2.934451219512255,2.240853658536623,0.0043306047002904125,1000,0.09371428571428453,-113.71428571428766,-123.71428571428766,-1.3201219512195497,DEV
PGNY,2025-03-07,eod,1.6546034384489594,0.8273017192244797,0.008968696573890421,800,0.18735607142857091,55.999999999997385,47.999999999997385,0.320245826796553,DEV
PGNY,2025-03-10,target,3.7784205323472646,0.9372826126752919,0.008459179881070292,878,0.1707062499999985,282.2001749999946,273.42017499999463,1.8242595101233645,DEV
PGNY,2025-03-13,stop,0.2828104286345492,1.0958904109589096,0.014229124748490979,530,0.28287500000000065,-160.523750000002,-165.823750000002,-1.1060539107379692,DEV
PGNY,2026-05-07,stop,1.845945028842798,5.863590091618354,0.004906433137986342,1000,0.09209375000000364,-112.09375000000676,-122.09375000000676,-1.325755005089943,HOLDOUT
PGNY,2026-05-08,stop_gap,1.4903802727846842,17.749074157708634,0.003287602078693527,1000,0.07380666666666968,-160.0000000000037,-170.0000000000037,-2.303314967030938,HOLDOUT
PGNY,2026-05-18,stop,0.42040962989580094,2.4757455982752647,0.008975971617480928,700,0.21407692307692017,-163.8538461538463,-170.8538461538463,-1.140136543298615,HOLDOUT
PGNY,2026-05-21,stop,5.535963257606875,1.0661855162798335,0.004815560821484952,1000,0.12192999999999898,-141.9300000000021,-151.9300000000021,-1.24604281144922,HOLDOUT
PGNY,2026-05-26,stop,0.3266734723639993,1.120023333819451,0.017101456504389535,350,0.42856250000000173,-156.9968750000017,-160.4968750000017,-1.0700014583637227,HOLDOUT
PINS,2025-02-04,stop,1.7223349941562793,2.0866750890740016,0.004518343524180287,993,0.15095785714286336,-169.76115214285937,-179.69115214285938,-1.1987309608641614,DEV
PINS,2025-02-05,stop,2.536177103198034,1.0242253685991694,0.006129536621823624,731,0.20503300000000024,-164.49912299999727,-171.80912299999727,-1.1463179097998664,DEV
PINS,2025-02-06,stop,1.967153415205854,2.825547632750264,0.004182375739443949,1000,0.139795909090914,-159.79590909091002,-169.79590909091002,-1.2145985543860658,DEV
PINS,2025-02-07,target,4.494435179599982,0.2956865249736661,0.006342760690172564,591,0.25364700000000084,287.99075400000334,282.0807540000033,1.8817253900105422,DEV
PINS,2025-02-10,stop,1.6304820536407822,1.0732286935357367,0.006093049367634367,619,0.2422596428571424,-162.33871892856868,-168.52871892856868,-1.1238340800233353,DEV
PINS,2025-02-12,eod,1.1320754716981,0.8113207547169923,0.0067619290635366315,566,0.26500000000000057,39.62000000000016,33.960000000000164,0.22641509433962326,DEV
PINS,2025-02-13,stop_gap,1.932969602494101,1.247077162899457,0.004122750642673572,935,0.16037500000000193,-177.64999999999787,-186.99999999999787,-1.247077162899425,DEV
PINS,2025-02-14,stop,0.4372574587533498,1.5300887788804616,0.00827118315680702,468,0.3201774999999998,-159.20306999999804,-163.88306999999804,-1.093698026875705,DEV
PINS,2025-02-18,stop,1.313233598909616,4.132036658450918,0.004034228132740083,955,0.1570170000000033,-169.05123499999934,-178.60123499999935,-1.1910621142933273,DEV
PINS,2025-02-19,stop_gap,1.4178595773687839,1.0906612133606268,0.0047225083698171025,817,0.18337499999999807,-179.73999999999907,-187.90999999999906,-1.2542603953646967,DEV
PINS,2025-02-21,target,5.710866155115423,-0.5835508075167436,0.00894016233601787,424,0.35301125000000155,290.873540000003,286.633540000003,1.9150168726917458,DEV
PINS,2025-02-24,stop,0.7572684246112249,1.5686274509803961,0.007480779606150546,540,0.27731250000000074,-160.54874999999825,-165.94874999999826,-1.1081812035158745,DEV
PINS,2026-04-17,stop,2.2495982860204258,3.160149973219137,0.00462816063460572,1000,0.09334999999999738,-113.3500000000005,-123.3500000000005,-1.321371183717236,HOLDOUT
PINS,2026-04-21,target,3.5109143642191287,-0.11448633796367137,0.006280920421860165,1000,0.13102000000000302,242.04000000000292,232.04000000000292,1.7710273240726422,HOLDOUT
PINS,2026-04-22,stop,3.8372810123112386,1.4922759492321567,0.0022617268218763104,1000,0.04690821428571468,-66.9082142857178,-76.9082142857178,-1.639546835385274,HOLDOUT
PINS,2026-04-23,target,2.2902948754652193,-0.02290294875464764,0.010932023034551812,687,0.2183124999999997,286.2213749999974,279.3513749999974,1.8625823074720724,HOLDOUT
PINS,2026-04-24,stop,0.24004993038551986,2.674842081438643,0.007461770726714473,1000,0.1458030000000008,-165.80300000000392,-175.80300000000392,-1.205757083187609,HOLDOUT
PINS,2026-05-04,stop,0.11678832116788034,3.854014598540134,0.008477722772277256,875,0.17125000000000057,-167.34375000000324,-176.09375000000324,-1.1751824817518424,HOLDOUT
PINS,2026-05-06,target,2.4972617743701795,3.9868565169769363,0.005439704480457643,1000,0.11412500000000136,208.2499999999996,198.2499999999996,1.7371303395399538,HOLDOUT
PL,2024-11-06,stop,0.9497526167922645,4.47527411053938,0.008414435146443295,1000,0.020110499999999476,-40.11049999999905,-50.11049999999905,-2.4917580368464414,DEV
PL,2024-11-11,stop_gap,-1.249581799933102,6.523921043827513,0.0079866399465596,1000,0.019926666666666204,-54.999999999999275,-64.99999999999928,-3.2619605219137227,DEV
PL,2024-11-14,eod,1.9945493307545117,0.543967999296684,0.02642985768225399,1000,0.08272545454545499,110.00000000000031,100.00000000000031,1.208817776214859,DEV
PL,2024-11-26,stop,1.5966118216500589,2.436933833044822,0.015888117489986656,1000,0.059501000000000026,-79.5009999999996,-89.5009999999996,-1.5041932068368526,DEV
PL,2024-11-27,stop_gap,1.1249126856379228,3.977283080754382,0.011165328378048485,1000,0.04115875000000013,-74.29999999999959,-84.29999999999959,-2.0481671576517586,DEV
PL,2024-12-05,stop,0.15390534821085045,2.5779145825317427,0.03428759894459103,1000,0.12995,-149.9499999999996,-159.9499999999996,-1.2308580223162722,DEV
PL,2024-12-06,eod,0.8289793736842603,0.7417183869806556,0.02768085748792289,1000,0.11459875000000075,-40.000000000000036,-50.000000000000036,-0.43630493351803323,DEV
PL,2024-12-09,target,2.8253859510281933,-0.3531732438785202,0.020209347846844396,1000,0.08466100000000054,149.3220000000015,139.3220000000015,1.645645574703826,DEV
PL,2024-12-12,stop,3.1959958493560148,2.5009664489612904,0.008838031461514746,1000,0.03510642857142887,-55.106428571428445,-65.10642857142844,-1.8545443447475847,DEV
PL,2024-12-13,target,4.392678868552532,0.41412460713625204,0.006763278983694938,1000,0.02704499999999932,34.089999999999065,24.089999999999065,0.8907376594564493,DEV
PL,2025-01-15,target,2.063722703055571,0.0,0.012962784349408566,1000,0.05087892857142862,81.75785714285766,71.75785714285766,1.4103649419841309,DEV
PL,2025-01-21,stop,0.8691710047053964,3.1952977223342494,0.02947065327559208,1000,0.12793800000000033,-147.9379999999999,-157.9379999999999,-1.2344885804061303,DEV
PL,2025-01-22,stop,2.1933260222465782,1.5666614444618534,0.01402857142857149,1000,0.06383000000000028,-83.82999999999984,-93.82999999999984,-1.4699984333385467,DEV
PL,2025-01-23,stop,1.890430640099825,6.578698627547385,0.01532387022016214,1000,0.06612249999999964,-86.1224999999992,-96.1224999999992,-1.4537033536239516,DEV
PL,2025-01-31,stop,1.0657856172230746,10.845434440862045,0.008019444444444574,1000,0.04691375000000075,-66.91375000000033,-76.91375000000033,-1.6394713703338382,DEV
PL,2025-02-03,stop_gap,0.20320577429528577,5.974249764281312,0.010528712023962317,1000,0.06151399999999985,-102.49999999999915,-112.49999999999915,-1.828851968657532,DEV
PL,2025-05-28,stop,0.7592190889370862,1.6268980477223358,0.01168567807351078,1000,0.04610000000000003,-66.10000000000005,-76.10000000000005,-1.650759219088937,DEV
PL,2025-05-29,stop,1.039127888303206,1.2261709081977745,0.01338280657395696,1000,0.05292899999999978,-72.92899999999935,-82.92899999999935,-1.566797029983557,DEV
PL,2025-06-02,stop,0.05494958375690185,1.6484875127070946,0.02475986394557824,1000,0.09099250000000003,-110.99249999999961,-120.99249999999961,-1.3296975025414135,DEV
PL,2025-06-03,stop,0.2681449013793993,3.169610244510325,0.007679589735466527,1000,0.029088750000000108,-49.08874999999968,-59.08874999999968,-2.0313265437669017,DEV
PL,2025-06-04,stop,0.0,5.952074207678413,0.007172426538532645,1000,0.027721428571428675,-47.72142857142825,-57.72142857142825,-2.0821953104869686,DEV
PL,2025-06-11,stop,0.8548087851030197,1.5541977910963962,0.02327011754068708,1000,0.12868374999999954,-148.68374999999912,-158.68374999999912,-1.233129668664456,DEV
PL,2025-06-13,stop,1.971830985915492,2.5352112676056184,0.00983379501385046,1000,0.05325000000000024,-73.24999999999982,-83.24999999999982,-1.5633802816901303,DEV
PL,2025-06-20,eod,1.8009478672985741,0.5343773610824898,0.014298481664080487,1000,0.07279500000000017,41.100000000000136,31.100000000000136,0.42722714472147905,DEV
PL,2025-06-24,stop,0.2765180842827052,1.8250193562658936,0.0166347746090157,1000,0.09041000000000032,-110.4099999999999,-120.4099999999999,-1.3318217011392486,DEV
PL,2025-06-25,eod,1.979894641320882,0.2524365667684101,0.010940304280556945,1000,0.06060928571428548,100.00000000000054,90.00000000000054,1.4849209809906692,DEV
PL,2025-08-19,target,4.994363021420549,0.37579857196543803,0.008015060240963795,1000,0.0532199999999996,86.43999999999963,76.43999999999963,1.436302142051864,DEV
PL,2025-08-20,stop,-0.06674267916237794,1.4015962624099685,0.036692857142857145,667,0.22474375000000002,-163.24408124999974,-169.91408124999973,-1.1334853583247568,DEV
PL,2025-08-29,eod,1.1263364433588334,0.9059384134865669,0.02239779152196994,961,0.15608124999999973,-135.88539999999912,-145.4953999999991,-0.9700076082168699,DEV
PL,2025-09-02,target,2.5798911722358326,0.9542063239776342,0.011563102030932075,1000,0.07639857142857132,132.79714285714306,122.79714285714306,1.607322500420731,DEV
PL,2025-09-03,stop,10.585010868538136,1.3231263585672712,0.003942250372578174,1000,0.026452499999999546,-46.45249999999912,-56.45249999999912,-2.1341083073433547,DEV
PL,2025-09-04,stop,0.8030919038297296,2.409275711489213,0.011765551181102504,1000,0.0747112500000009,-94.71125000000046,-104.71125000000046,-1.4015459519148619,DEV
PL,2025-09-05,eod,1.685547410920777,0.5879816549723659,0.019699613899613912,1000,0.12755500000000008,-75.00000000000017,-85.00000000000017,-0.6663792089686811,DEV
PL,2025-09-09,stop,8.02022281957691,1.0415873791658479,0.010345615053050554,1000,0.09600730769230914,-116.00730769230871,-126.00730769230871,-1.3124762137497454,DEV
PL,2025-12-03,stop,2.002497231842118,2.6503639833204193,0.007098160535116928,1000,0.08489399999999847,-104.89399999999804,-114.89399999999804,-1.3533818644427182,DEV
PL,2025-12-05,stop_gap,3.371868978805535,11.319845857418509,0.0016437054631828363,1000,0.020759999999999224,-79.9999999999983,-89.9999999999983,-4.335260115607016,DEV
PL,2025-12-09,stop,1.778765981100633,1.6170599828187469,0.00966259765624991,1000,0.12368124999999885,-143.68124999999844,-153.68124999999844,-1.2425589974228095,DEV
PL,2025-12-12,stop,0.8856266194058191,3.549706694041203,0.019432589098323003,432,0.34721178571428624,-158.635491428573,-162.955491428573,-1.0864025970152105,DEV
PL,2025-12-17,stop,11.25071904018398,1.6147588133782462,0.006836862537993548,1000,0.12169000000000096,-141.6900000000041,-151.6900000000041,-1.246528063111208,DEV
PL,2025-12-18,stop,1.4817209275106777,3.1608485925991747,0.007336148788160604,1000,0.12816178571428694,-148.16178571429006,-158.16178571429006,-1.2340791354677485,DEV
PL,2025-12-22,stop_gap,0.05506481587702553,6.697717104508594,0.002688440661238514,1000,0.05448124999999848,-115.00000000000199,-125.00000000000199,-2.2943673282093466,DEV
PL,2025-12-23,stop,-0.5329612086894671,2.0894440940867054,0.01843687226020953,402,0.37263499999999894,-157.83927000000082,-161.85927000000083,-1.08050773545159,DEV
PL,2026-03-16,target,5.676309210257469,0.03714862048597076,0.010686343787217181,557,0.2691890000000008,288.7365459999991,283.16654599999913,1.888554138542054,HOLDOUT
PL,2026-03-18,target,30.12334717950497,1.109807527665978,0.002365866466616532,1000,0.06307399999999674,106.14799999999036,96.14799999999036,1.524368202428819,HOLDOUT
PL,2026-03-20,target,2.219900557478132,0.908628220191772,0.023599678343765227,184,0.8118832142857144,295.09302285714364,293.25302285714366,1.9630488727046913,HOLDOUT
PL,2026-03-23,stop_gap,-1.8751953328471653,8.798993484898238,0.009720127745754838,480,0.3119675000000015,-352.7999999999997,-357.59999999999974,-2.3880692700361283,HOLDOUT
PLTR,2024-11-06,stop,0.553980558052316,3.28233480645998,0.01354176669167285,207,0.7220469999999963,-153.60372899999842,-155.67372899999842,-1.0415485418539183,DEV
PLTR,2024-11-12,stop,1.051653725483329,1.009587576463994,0.012022294335805726,210,0.7131624999999957,-153.96412499999826,-156.06412499999826,-1.0420661490193275,DEV
PLTR,2024-11-14,target,4.349060589062211,0.2772872388312847,0.006006613976705547,415,0.3609975000000034,291.3279250000045,287.1779250000045,1.9168969314192046,DEV
PLTR,2024-11-15,stop,-0.631716362465156,4.084373033179899,0.01474913367756738,163,0.9181335714285694,-152.91577214285616,-154.54577214285615,-1.0326749842654348,DEV
PLTR,2024-11-20,stop,0.9092698846972753,1.063521025851269,0.0201629972172205,121,1.2317575000000005,-151.46265749999958,-152.6726574999996,-1.0243554433401023,DEV
PLTR,2024-11-21,stop_gap,6.144097465340956,1.2253185828315378,0.004559297685554681,525,0.2856400000000008,-173.2499999999991,-178.4999999999991,-1.1903094804649115,DEV
PLTR,2024-11-22,stop,0.8061340832370694,3.3514278090133836,0.010771245377070344,223,0.6698637500000046,-153.83961625000015,-156.06961625000014,-1.0447852268464979,DEV
PLTR,2024-11-25,eod,1.9043463545224297,0.8587908827889107,0.018461830911691554,122,1.2261424999999946,212.88999999999882,211.66999999999882,1.4150068201697583,DEV
PLTR,2025-02-05,stop,2.926829268292732,1.6527977044476505,0.008552566997153128,172,0.8712499999999892,-153.2949999999999,-155.0149999999999,-1.0344332855093379,DEV
PLTR,2025-02-11,target,2.571906333105991,0.21622221384519086,0.015069895815468944,85,1.7574512499999884,297.06671249999715,296.21671249999713,1.982929825222742,DEV
PLTR,2025-02-13,stop,0.42035873796841944,2.2928658434641234,0.009024269333563319,143,1.0467250000000092,-152.54167500000278,-153.9716750000028,-1.0286608230433112,DEV
PLTR,2025-02-14,stop,1.6493120562303776,1.2369104165527338,0.008593446455686906,147,1.018667142857126,-152.684069999999,-154.154069999999,-1.0294502480131704,DEV
PLTR,2025-02-19,target,23.474168776976992,4.166623947835176,0.00496139212175469,246,0.6096062499999988,295.0062749999969,292.5462749999969,1.950787906127914,DEV
PLTR,2026-08-06,stop_gap,-1.6864764351084582,13.410497535762442,0.002063733779960251,472,0.3172887499999888,-526.2799999999909,-530.9999999999909,-3.5456662109829624,HOLDOUT
PLTR,2026-08-12,stop,0.6830613818550583,1.7285349810850081,0.011389432623737298,77,1.9323300000000074,-150.32940999999917,-151.09940999999918,-1.0155252984738539,HOLDOUT
PLTR,2026-08-14,target,2.461137792893235,0.38219546384171355,0.009177378564282218,91,1.6318874999999764,295.18352499999736,294.27352499999733,1.981616379805604,HOLDOUT
PLTR,2026-08-21,stop,-0.2968479821810731,9.880279007062999,0.005245853752282177,164,0.9098933333333434,-152.50250666666534,-154.14250666666533,-1.0329708976876206,HOLDOUT
POWI,2025-10-01,target,3.486750348675099,0.19525801952578456,0.00899849397590343,425,0.3523347614234069,290.9845472098976,286.7345472098976,1.9148537036799942,DEV
POWI,2025-10-07,target,6.032914479661168,-0.31097497317838985,0.004168645135004972,949,0.15801957763508057,280.94115835138666,271.45115835138665,1.8101501064046888,DEV
POWI,2025-10-09,eod,1.6317761678741274,-0.03297526854859962,0.007915259465487547,508,0.2950619383904254,199.48085611962054,194.40085611962053,1.296944135582863,DEV
POWI,2025-10-14,stop,0.19789081374353107,17.17252505929826,0.005161687095675942,671,0.22348748648163763,-163.3801034291762,-170.0901034291762,-1.1342357036283592,DEV
POWI,2025-10-15,stop,2.478347179054124,1.6567116007834455,0.011536841095868026,269,0.5557331479963636,-154.87221681102073,-157.56221681102073,-1.0539827435310594,DEV
POWI,2025-10-20,target,3.354780858441503,-0.517506999460992,0.006486472271637496,509,0.29436204263507193,289.48055940250526,284.3905594025053,1.8980846860164382,DEV
POWI,2026-05-07,eod,1.3928669083096608,0.5801026990064717,0.021817713318829937,93,1.6010927543836146,187.06351981386558,186.13351981386558,1.2500435664602045,HOLDOUT
POWI,2026-05-12,target,17.589852008455523,-2.8752642706129006,0.002473504392692944,851,0.17619848670851468,282.8698243778833,274.3598243778833,1.8297374707329965,HOLDOUT
POWI,2026-05-13,stop,1.051621924583731,2.478672876243808,0.009305724332985384,226,0.6612233372878364,-153.95647422705335,-156.21647422705334,-1.0453704494506535,HOLDOUT
POWI,2026-05-20,stop,0.7153338224504852,1.0363169479090364,0.015997652582159506,138,1.0831674602401193,-152.23710951313788,-153.61710951313788,-1.0276965484112306,HOLDOUT
POWI,2026-05-27,stop,0.4182034794529564,3.8998324466059904,0.017930573675546978,102,1.4608217827735643,-151.0438218429046,-152.06382184290462,-1.0205363859943624,HOLDOUT
POWI,2026-05-28,stop,-0.004597016880822457,3.006449040056697,0.02672716242781655,69,2.160895010196498,-150.48175570355906,-151.17175570355906,-1.013883136320113,HOLDOUT
PRGO,2025-03-04,stop,4.682926829268464,9.105691056910842,0.0026417525773195006,1000,0.0679586522063822,-87.95865220638532,-97.95865220638532,-1.4414448937112048,DEV
PRGO,2025-03-06,eod,1.7456359102244305,0.0831255195345088,0.010368901913463213,564,0.26586750915272006,150.75994822175454,145.11994822175456,0.9677935959666507,DEV
PRGO,2025-03-07,eod,1.4427996201609228,0.6772324747694115,0.012051721078779196,494,0.30329373230880563,175.40899005331192,170.46899005331193,1.137771376304192,DEV
PRGO,2025-03-10,target,3.0314835145376007,0.2549845946807534,0.0063311659192826,951,0.15760571205562357,280.74606432979306,271.23606432979307,1.809651569040751,DEV
PRGO,2025-03-11,stop,0.5369238394185019,8.09515942507868,0.004455649613544225,1000,0.10811203812123082,-128.11203812123395,-138.11203812123395,-1.277489912514301,DEV
PRGO,2025-03-12,target,2.883950879804434,-0.15505112257014597,0.005796769471764855,1000,0.14399203832470064,267.98407664939816,257.98407664939816,1.791655147402293,DEV
PRMB,2026-02-10,target,4.0538317264978305,0.921325392385928,0.0028744514225182128,1000,0.05342538571390776,86.85077142781239,76.85077142781239,1.4384691921429873,HOLDOUT
PRMB,2026-02-11,target,4.11861614497644,37.891268533782295,0.0006391155567252892,1000,0.011951141519247699,3.9022830384922713,-6.097716961507729,-0.510220463182296,HOLDOUT
PRMB,2026-02-12,stop,0.7350238882763656,1.6962089729454795,0.009308684210526278,861,0.17411356609703788,-167.1317804095523,-175.7417804095523,-1.1723013356884746,HOLDOUT
PRMB,2026-02-13,stop,-0.1787785847092606,2.0261572933716727,0.013518152524167592,605,0.24779225002388117,-162.01431126445,-168.06431126445,-1.1210691617559139,HOLDOUT
PRMB,2026-02-17,target,3.6857117692093904,0.4428274287417942,0.009895213193885772,825,0.1816260918990018,283.1830516333504,274.9330516333504,1.8348254940337234,HOLDOUT
PRMB,2026-02-18,stop,0.6666666666666896,5.7142857142859205,0.0028696365127082635,1000,0.05168327386731164,-71.68327386731477,-81.68327386731477,-1.580458584667512,HOLDOUT
PRMB,2026-02-23,stop,0.3883495145631148,1.8275271273557916,0.011742221030042825,696,0.21547002575617924,-163.88713792630293,-170.84713792630293,-1.1392305026869511,HOLDOUT
PRMB,2026-02-25,stop,0.7765151515151298,2.9166666666666505,0.013983050847457757,577,0.25989303148242726,-161.49827916536233,-167.26827916536234,-1.1154321061587664,HOLDOUT
PRMB,2026-02-27,stop,0.8058133678682009,2.7397654507518947,0.005526529248974079,1000,0.12216765535477947,-142.1676553547826,-152.1676553547826,-1.2455641791019234,HOLDOUT
PRMB,2026-03-03,stop,0.9937953517719377,6.036386581133449,0.006021403242148145,1000,0.13372958860123418,-153.7295886012373,-163.7295886012373,-1.224333300609034,HOLDOUT
PSKY,2026-02-13,stop,-0.3139224611521188,6.749332914770048,0.0031123595505617913,1000,0.03153979292296505,-51.53979292296462,-61.53979292296462,-1.9511793585098554,HOLDOUT
PSKY,2026-02-17,stop,1.326529231019118,1.752913626703849,0.00964703577957692,1000,0.10449426580253274,-124.49426580253231,-134.4942658025323,-1.2870970935064692,HOLDOUT
PSKY,2026-02-19,target,3.7362637362635787,0.0,0.00618766999093403,1000,0.06757466812157453,115.14933624314949,105.14933624314949,1.556046654257685,HOLDOUT
PSKY,2026-02-20,stop,1.4380238200264188,2.2673136303484225,0.005254253001437093,1000,0.05611419796452033,-76.1141979645199,-86.1141979645199,-1.534624053950978,HOLDOUT
PSKY,2026-02-23,stop,0.2785418335016274,1.1141673340064846,0.01376185912793469,1000,0.14218403124479018,-162.18403124478976,-172.18403124478976,-1.2109941583267554,HOLDOUT
PSKY,2026-02-24,stop,2.771819036371191,1.1448817758924288,0.007839206424184888,1000,0.08215693308931371,-102.15693308931328,-112.15693308931328,-1.3651548186126452,HOLDOUT
PUMP,2024-11-25,target,7.058823529411814,0.5228758169934574,0.004452852153667017,1000,0.03824999999999967,56.49999999999977,46.49999999999977,1.2156862745098083,DEV
PUMP,2024-11-26,stop,0.6234413965087401,1.0598503740648537,0.009616306954436403,1000,0.0801999999999996,-100.19999999999918,-110.19999999999918,-1.3740648379052334,DEV
PUMP,2024-12-09,stop,3.77428651110924,2.0823649716464723,0.004799232622467868,1000,0.03841785714285528,-58.41785714285486,-68.41785714285486,-1.7808868643674154,DEV
PUMP,2024-12-13,stop_gap,37.412095639940596,5.9071729957800825,0.0008195650503343504,1000,0.007617857142857787,-35.00000000000014,-45.00000000000014,-5.90717299578011,DEV
PUMP,2025-10-22,stop,7.442552795609013,1.4885105591217893,0.006740593645484857,1000,0.04030874999999945,-60.30874999999902,-70.30874999999902,-1.744255279560889,DEV
PUMP,2025-10-27,stop,2.456250843492759,1.3037023707769173,0.010793920559386138,1000,0.07938928571428505,-99.38928571428463,-109.38928571428463,-1.3778847451527263,DEV
PUMP,2025-10-28,target,2.106657248808045,6.546000353169681,0.008056278719075894,1000,0.05663000000000018,93.26000000000079,83.26000000000079,1.470245452940147,DEV
PUMP,2025-10-30,stop,4.304144438025918,14.269371481644932,0.004002130553037222,1000,0.04414350000000056,-64.14350000000013,-74.14350000000013,-1.6796017533725054,DEV
PURR,2026-01-20,eod,1.3948959489142105,0.8242566970856628,0.018035203789920653,1000,0.06308714285714245,-1.9999999999993356,-11.999999999999336,-0.19021308394283618,HOLDOUT
PURR,2026-01-29,target,2.4681421864520576,-0.05365526492286968,0.039994635193132844,804,0.18637499999999907,283.61099999999885,275.57099999999883,1.8390342052313897,HOLDOUT
PURR,2026-02-04,stop_gap,1.8340216830149516,2.755549819308192,0.022845348665782285,1000,0.11068571428571516,-154.79999999999984,-164.79999999999984,-1.4889003613835696,HOLDOUT
PURR,2026-06-04,stop,1.1496902463621994,1.4320703068722143,0.025701695919425244,605,0.24789285714285647,-162.0751785714279,-168.1251785714279,-1.1210200259328613,HOLDOUT
PURR,2026-06-05,target,12.578616352200848,0.8984725965857886,0.006288135593220537,1000,0.055650000000001754,91.30000000000393,81.30000000000393,1.460916442048542,HOLDOUT
PURR,2026-06-08,target,2.5795081967213154,0.2868852459016408,0.013473219215902804,1000,0.12199999999999989,224.0000000000002,214.0000000000002,1.754098360655741,HOLDOUT
PURR,2026-06-10,target,20.79465280356546,-1.2773858150761286,0.0029344645080945477,1000,0.023563749999999217,27.12749999999886,17.12749999999886,0.7268579916184575,HOLDOUT
PURR,2026-06-12,stop_gap,0.06978659259981539,7.257805630382263,0.008311716937355043,1000,0.07164700000000046,-95.00000000000064,-105.00000000000064,-1.4655184445964236,HOLDOUT
PURR,2026-06-15,stop,0.12400465241120191,2.3798872684978143,0.01720597290640393,939,0.15967142857142846,-168.71147142857092,-178.1014714285709,-1.1878858369866663,HOLDOUT
PURR,2026-06-17,stop,0.9449901205578178,3.264511325563389,0.01769047619047634,859,0.17460500000000145,-167.16569500000088,-175.75569500000088,-1.1718163855559653,HOLDOUT
PURR,2026-06-18,target,4.597701149425347,0.3536693191865574,0.014873750657548474,1000,0.14137499999999825,262.74999999999693,252.74999999999693,1.7877984084880643,HOLDOUT
PURR,2026-08-04,stop,1.0171646535282906,1.7281627463445735,0.01473950524737625,1000,0.09831249999999958,-118.31249999999915,-128.31249999999915,-1.305149396058484,HOLDOUT
PURR,2026-08-07,eod,1.034161036858853,0.8543069434920921,0.016498701780415386,1000,0.1112012499999997,-89.99999999999898,-99.99999999999898,-0.8992704668337743,HOLDOUT
PURR,2026-08-10,stop,1.2345606433824312,1.0699525575981237,0.009204599567099703,1000,0.060750357142858036,-80.75035714285761,-90.75035714285761,-1.49382425735297,HOLDOUT
PURR,2026-08-11,stop,1.2481426448736814,2.2189202575532168,0.005483432916893066,1000,0.03605357142857191,-56.05357142857148,-66.05357142857147,-1.8320950965824434,HOLDOUT
PURR,2026-08-12,stop,0.6433232239683875,4.319455932359161,0.008114093959731549,1000,0.05440500000000004,-74.4049999999996,-84.4049999999996,-1.5514199062586076,HOLDOUT
PURR,2026-08-13,eod,1.3047530288909581,0.6337371854613228,0.019480755265068997,1000,0.13412500000000005,44.99999999999993,34.99999999999993,0.26095060577819135,HOLDOUT
PURR,2026-08-17,target,2.692591798317681,2.26368337026708,0.0058490592334495516,1000,0.04196700000000053,63.93400000000149,53.93400000000149,1.2851526199156673,HOLDOUT
PURR,2026-08-19,stop,1.2823358240240774,48.08759340090261,0.0072412499999999925,1000,0.05068874999999995,-70.68874999999952,-80.68874999999952,-1.591847303395716,HOLDOUT
PYPL,2026-07-14,stop,0.2585398959376716,3.317928664533754,0.004977960102960076,647,0.23150069138885243,-162.72094732858494,-169.19094732858494,-1.1295892458031795,HOLDOUT
PYPL,2026-07-17,stop,0.5678060025713049,4.6456532340294965,0.005047654766103007,533,0.28126776852832336,-160.57572062559422,-165.90572062559423,-1.1066599282134777,HOLDOUT
PYPL,2026-07-20,stop,-0.39788853815749775,4.509403432451685,0.006797511720158822,398,0.3760611263639646,-157.63232829285633,-161.61232829285632,-1.0797742651309323,HOLDOUT
PYPL,2026-07-21,eod,1.3678806607530989,0.383673843869758,0.010720091201716691,250,0.5979904593075176,12.456881378694717,9.956881378694717,0.06660227583045351,HOLDOUT
PYPL,2026-07-22,eod,1.3217182337037974,0.1802343045959786,0.007459442502464909,361,0.4150997027832872,91.81039469825387,88.20039469825387,0.5885873233554378,HOLDOUT
PYPL,2026-07-23,stop,1.5037593984960609,9.0225563909767,0.0019303338171264394,1000,0.10613783800000931,-126.13783800000533,-136.13783800000533,-1.2826513198807892,HOLDOUT
PYPL,2026-07-24,stop,0.48305201042951657,1.9939069575957116,0.008214962121212201,330,0.45431533931100176,-156.52406197262928,-159.8240619726293,-1.0660334296559149,HOLDOUT
PYPL,2026-07-29,stop_gap,1.735225555486686,14.415719999427889,0.0012830658380838236,1000,0.07473362145507423,-94.8152056555287,-104.8152056555287,-1.4025174160540028,HOLDOUT
PYPL,2026-07-30,stop,1.705629770992346,1.073473282442752,0.007306954854453624,358,0.41816712464874684,-156.86383062424994,-160.44383062424996,-1.0717416512003317,HOLDOUT
PYPL,2026-07-31,stop,0.8963269800823741,3.615185486332137,0.002945777906304173,898,0.16693730632494663,-167.86970107979852,-176.8497010797985,-1.1797081830325,HOLDOUT
PYPL,2026-08-03,stop,0.8952654232424454,1.2223816355810582,0.005042393726307321,517,0.28970110348626577,-160.11547050239733,-165.28547050239732,-1.1035550076923273,HOLDOUT
QBTS,2026-07-15,target,2.724193785893074,0.11044028861729119,0.014596453519613188,552,0.27164000000000144,288.85055999999986,283.3305599999999,1.8895597113827016,HOLDOUT
QBTS,2026-07-16,stop,2.822697762705243,1.2681685600559711,0.013960422615648052,613,0.24444699999999742,-162.10601100000034,-168.23601100000033,-1.1227259896828492,HOLDOUT
QBTS,2026-07-20,stop,0.46694258728642524,1.032933602179073,0.020952416246664655,424,0.35336249999999936,-158.30570000000105,-162.54570000000106,-1.0848986522339048,HOLDOUT
QBTS,2026-07-22,target,2.4113712374582676,1.3043478260869916,0.00848467650397254,1000,0.1494999999999962,278.99999999998926,268.99999999998926,1.7993311036789037,HOLDOUT
QBTS,2026-07-27,stop,0.892590312599144,2.676631945480209,0.013984110129318616,569,0.26339071428571614,-161.24931642857428,-166.93931642857427,-1.1138992317225742,HOLDOUT
QBTS,2026-07-29,stop,2.7283640535644076,1.9845224964229966,0.016756754750593704,531,0.28218374999999796,-160.45957125000058,-165.76957125000058,-1.106313705165529,HOLDOUT
QBTS,2026-08-04,stop,0.23210913349439927,5.359610900688882,0.011486063984488735,633,0.2369575000000026,-162.65409750000362,-168.98409750000363,-1.1266049819060497,HOLDOUT
QBTS,2026-08-05,stop,1.5214884776115507,1.0460233283579516,0.009796011045312303,713,0.21032035714285513,-164.21841464285794,-171.34841464285793,-1.1426395447760977,HOLDOUT
QBTS,2026-08-07,stop,0.8163391837641455,2.0460146631050726,0.024284441656210905,310,0.48386750000000234,-156.19892500000168,-159.29892500000167,-1.0620004443365239,HOLDOUT
QBTS,2026-08-10,stop,2.246146272983376,1.6846097047375184,0.009574343667085499,765,0.19589107142856932,-165.15666964285793,-172.80666964285794,-1.1531463367943366,HOLDOUT
QBTS,2026-08-12,stop,0.5903044856762367,4.366545973022208,0.007516993371879749,984,0.15229428571428372,-169.53757714285825,-179.37757714285826,-1.1969870363769626,HOLDOUT
QBTS,2026-08-14,stop,0.5465892231825921,3.6579432628372643,0.005657435095827202,1000,0.11891928571428778,-138.9192857142909,-148.9192857142909,-1.2522719491612178,HOLDOUT
QBTS,2026-08-18,target,2.406062377729304,0.9219491353916106,0.01112331165582793,674,0.2223550000000003,286.2545399999983,279.5145399999983,1.8650806143329224,HOLDOUT
QBTS,2026-08-20,target,3.023036446909377,0.10607145427751968,0.00991857668896059,795,0.18855214285714084,283.89790714285147,275.9479071428515,1.8408928185837006,HOLDOUT
QBTS,2026-08-21,stop,0.7376509330406166,3.2491767288693594,0.014473182511438759,526,0.2846875000000004,-160.26562500000188,-165.52562500000187,-1.1053787047200987,HOLDOUT
QBTS,2026-08-24,stop,1.0677906568317468,1.0113101510361746,0.018690913865546274,421,0.35587500000000105,-158.24337500000175,-162.45337500000176,-1.0842992623814627,HOLDOUT
QCOM,2025-10-22,stop,-0.37488771392028647,4.729352698686967,0.00416541141141133,220,0.6793927758917278,-153.8664106961761,-156.0664106961761,-1.0441570782977574,DEV
QCOM,2025-10-24,target,2.0119062082372388,0.3984935001822343,0.006033042101559514,148,1.0078859682705001,295.37424660807073,293.8942466080707,1.9702347279906467,DEV
QCOM,2025-10-28,eod,0.7289859389026443,0.7914704479514489,0.013251241996025719,63,2.3516229017822923,6.7629241357233525,6.132924135723353,0.04139609377020397,DEV
QCOM,2025-10-29,stop,4.752173409497316,1.2104592646832844,0.003689312493108631,228,0.6555164942358545,-154.01776068577067,-156.29776068577067,-1.0457654388009767,DEV
QCOM,2025-10-30,stop,4.812564695936315,6.02654497959574,0.001293585249579264,663,0.22594107040350764,-163.0589296775135,-169.6889296775135,-1.1327779847479915,DEV
QCOM,2025-10-31,stop,-0.8164561268228084,5.300485013818011,0.0043335252162194,198,0.7558863117965018,-153.62548973570375,-155.60548973570374,-1.0396885080888438,DEV
QCOM,2025-11-03,eod,1.1467152305467316,0.3821649027956824,0.007530625518959299,112,1.3326552095831232,-9.920064130143146,-11.040064130143147,-0.07396661976268216,DEV
QCOM,2025-11-07,stop,3.1756859043429935,1.0185490262429115,0.00653549924283949,136,1.1000614317138968,-152.3283547130875,-153.6883547130875,-1.0272712042574221,DEV
QCOM,2025-11-10,eod,1.2828206313759971,0.3226726741497923,0.01108468550990132,80,1.8670747758267225,27.788000524569725,26.988000524569724,0.18068371493463417,DEV
QCOM,2025-11-11,stop_gap,0.06984866123403013,6.728754365541638,0.0024813680744120363,356,0.42073820740600354,-258.2110764198119,-261.7710764198119,-1.7476711158433997,DEV
QCOM,2026-04-16,stop,-0.07700007700012283,3.8675598675598577,0.004875366018469914,233,0.6434584634338592,-154.58582198008494,-156.91582198008496,-1.0466230560398333,HOLDOUT
QCOM,2026-04-23,target,3.945754357005929,0.4691942860049962,0.006525711966947115,171,0.876469998985641,296.33273965309235,294.62273965309237,1.9657717890689912,HOLDOUT
QCOM,2026-04-24,stop,1.887318597404228,1.3995845778503053,0.012818715596330096,80,1.8691598873208477,-151.13279098566636,-151.93279098566637,-1.0160499913375427,HOLDOUT
QCOM,2026-04-29,stop,2.4567384144923508,7.141681437477764,0.0034198673216843697,288,0.5203223328687443,-155.61283186619312,-158.49283186619311,-1.0576565680634538,HOLDOUT
QCOM,2026-05-01,target,2.3512537087611927,4.545205232781329,0.006942159032128332,125,1.1969073117899427,296.72682794748795,295.47682794748795,1.9749354025123986,HOLDOUT
QCOM,2026-05-04,eod,1.7682440247062015,0.9034566885675797,0.008381596393529561,106,1.4094103760440362,136.00531845391544,134.94531845391543,0.9032635658546435,HOLDOUT
QCOM,2026-05-06,stop,0.5232508406098465,1.1257262803261119,0.028407867386460416,27,5.378362621368467,-145.75579077694812,-146.02579077694813,-1.0055779057887972,HOLDOUT
QDEL,2024-11-06,target,2.013034033309197,0.8834178131788549,0.00864746399499061,434,0.34525000000000006,290.9970000000018,286.6570000000018,1.9131064446053703,DEV
QDEL,2024-11-07,target,3.283922462941913,1.3683010262257862,0.005560486938878907,684,0.21924999999999528,286.25399999999627,279.4139999999963,1.8631698973774384,DEV
QDEL,2024-11-08,stop_gap,12.724649914644221,11.779750168507238,0.003597258101064994,944,0.1587469999999982,-1307.4399999999914,-1316.8799999999915,-8.787567639073536,DEV
QDEL,2024-11-13,target,5.394348605253151,-0.14481472765779943,0.006768316589071319,543,0.27621500000000054,289.1094900000028,283.6794900000028,1.8913889542566626,DEV
QDEL,2024-11-14,stop,0.5384615384615374,2.0288461538461413,0.013457556935817886,288,0.5200000000000031,-155.51999999999975,-158.39999999999975,-1.0576923076922997,DEV
QDEL,2024-11-21,eod,0.680373831775691,0.654205607476631,0.01010959939531375,392,0.3821428571428598,-43.11999999999978,-47.03999999999978,-0.31401869158878143,DEV
QDEL,2024-11-25,stop_gap,0.14029180695846816,4.012345679012397,0.004368182375291011,841,0.1781999999999968,-168.1999999999964,-176.6099999999964,-1.1784511784511755,DEV
QDEL,2025-05-01,stop_gap,0.23574480624723115,1.5794902018564863,0.01534132007233281,353,0.42418750000000216,-157.08500000000134,-160.61500000000134,-1.0726388684249335,DEV
QDEL,2025-05-05,target,2.606166375799878,0.130308318789991,0.010812408795853705,488,0.3069642857142867,289.8371428571423,284.9571428571423,1.9022687609074944,DEV
QDEL,2025-05-06,stop,4.950997320631088,1.524263173563545,0.007810174851190563,714,0.20993750000000233,-164.1753750000039,-171.31537500000388,-1.1428996725215972,DEV
QDEL,2025-05-07,stop,1.3987372510927436,2.253521126760542,0.009891429669485136,582,0.25737500000000324,-161.4322500000037,-167.2522500000037,-1.1165614375910742,DEV
QDEL,2025-05-12,target,3.3904539529974125,0.8795989029002657,0.008150221584984426,479,0.3126425000000026,289.9315150000044,285.1415150000044,1.904043756047256,DEV
QDEL,2025-05-13,target,4.924920967157317,-0.17341271011116308,0.007837170426746486,520,0.28832950000000324,289.46268000000543,284.26268000000545,1.8959523739333102,DEV
QDEL,2025-05-14,stop_gap,3.4316081294160483,1.016772779086239,0.009093361745160507,476,0.31472125000000517,-161.83999999999824,-166.59999999999823,-1.1120952271255613,DEV
QDEL,2025-05-15,stop,1.297753264660552,1.6492281071727941,0.01135615597175311,405,0.3698699999999988,-157.8973499999979,-161.94734999999793,-1.0811095790412744,DEV
QDEL,2025-05-19,target,2.7413891010201406,0.6266032230903019,0.003918738489871171,1000,0.12767250000000274,235.34500000000946,225.34500000000946,1.7650237913411628,DEV
QDEL,2025-05-20,stop,0.6818181818181789,1.8636363636363578,0.006821705426356554,681,0.21999999999999886,-163.43999999999653,-170.24999999999653,-1.1363636363636191,DEV
QDEL,2025-05-21,stop,10.649427291504542,1.8777327718018164,0.005922942484906291,804,0.18639500000000098,-165.94158000000328,-173.98158000000328,-1.1609485232973145,DEV
QDEL,2026-06-23,target,4.412641621944054,-0.021466905187849404,0.006817073170731561,1000,0.0838499999999982,147.69999999999683,137.69999999999683,1.642218246869407,HOLDOUT
QDEL,2026-06-26,stop,4.600448095593667,2.5093353248692685,0.005179216090768505,1000,0.0717321428571438,-91.73214285714337,-101.73214285714337,-1.4182225541448727,HOLDOUT
QDEL,2026-06-29,eod,1.7523279473020705,0.9780435054709318,0.013285752958465563,611,0.24538785714285893,134.41999999999715,128.30999999999713,0.8557880672870392,HOLDOUT
QDEL,2026-07-02,stop,1.0536858742408386,2.404024848460251,0.010267109173766761,810,0.18506464285714586,-166.10236071429068,-174.20236071429068,-1.162105519113992,HOLDOUT
QDEL,2026-07-06,stop_gap,0.7601900475118786,1.6604151037759307,0.013747937293729454,600,0.24993750000000148,-162.00000000000188,-168.00000000000188,-1.1202800700175102,HOLDOUT
QDEL,2026-07-07,stop,1.5921152388172992,2.0166793025019025,0.010948783929608965,796,0.18842857142857028,-165.90914285714445,-173.86914285714445,-1.1592115238817464,HOLDOUT
QDEL,2026-07-08,target,9.967533634435906,7.667333564950663,0.006312084089534189,1000,0.10433875000000015,188.67749999999717,178.67749999999717,1.7124749913143191,HOLDOUT
QXO,2024-11-06,target,20.7282913165264,6.162464985994416,0.00226092463584549,1000,0.03570000000000029,51.400000000001,41.400000000001,1.1596638655462372,DEV
QXO,2024-11-15,target,3.0835482070230285,2.6582312129508945,0.006199571522742273,1000,0.09404750000000028,168.095000000001,158.095000000001,1.6810122544458972,DEV
QXO,2024-11-18,stop,2.6364668645122937,18.674909625501186,0.008467265098037054,1000,0.13021214285714322,-150.2121428571428,-160.2121428571428,-1.230393259351494,DEV
QXO,2024-11-20,stop,0.0,3.0209262075837775,0.00757589001907184,1000,0.11916875000000005,-139.16874999999962,-149.16874999999962,-1.2517438506319782,DEV
QXO,2024-11-21,stop_gap,-1.8581028769626493,29.729646031401288,0.00201315461346638,1000,0.032291000000000736,-80.0000000000054,-90.0000000000054,-2.7871543154440355,DEV
QXO,2025-12-26,target,2.108739640428845,0.9923480660841961,0.0037671436915888076,1000,0.08061687500000048,141.23374999999783,131.23374999999783,1.6278694752183962,DEV
QXO,2025-12-31,target,13.005165603160075,-0.1620581383571314,0.005926170468187304,1000,0.12341250000000059,226.82499999999806,216.82499999999806,1.7569127924642725,DEV
QXO,2026-01-07,stop,4.982991202346076,6.7002932551320145,0.0044725300092335685,1000,0.106562499999999,-126.56250000000213,-136.56250000000213,-1.281524926686249,HOLDOUT
QXO,2026-01-09,stop,0.961999933157316,3.636776845693665,0.007673656847176213,802,0.1870062499999996,-166.0190125000022,-174.0390125000022,-1.1604224457738885,HOLDOUT
QXO,2026-01-12,stop,3.2172739541160773,2.9797570850202457,0.009140023682652418,647,0.231562499999999,-162.76093750000138,-169.23093750000137,-1.1295546558704594,HOLDOUT
QXO,2026-01-13,stop,1.253218182561197,5.149092097914475,0.007454406986190101,817,0.1835275000000003,-166.2819675000028,-174.45196750000278,-1.1634632412036512,HOLDOUT
QXO,2026-01-14,target,8.540969965302217,18.08675992652232,0.001601292236524554,1000,0.039808125000000416,59.616249999997706,49.616249999997706,1.2463850030614902,HOLDOUT
QXO,2026-01-15,stop,3.4998461606083717,1.922992395938673,0.005108279539713637,1000,0.13000571428571206,-150.0057142857152,-160.0057142857152,-1.2307590875126648,HOLDOUT
QXO,2026-01-16,stop,0.5101730944427585,2.9881566960218513,0.008660319798022318,728,0.2058125000000004,-164.39150000000257,-171.67150000000257,-1.1457637412693742,HOLDOUT
RAMP,2025-05-21,target,5.028494803888743,0.737512571237012,0.005240688685874869,1000,0.14914999999999878,278.29999999999444,268.29999999999444,1.7988602078444293,DEV
RAMP,2025-05-23,target,3.7830004997429936,-0.05731818939004412,0.010914275101657721,429,0.3489293749999973,290.8014037499964,286.51140374999636,1.9140227159149228,DEV
RAMP,2025-05-27,stop,-0.5535655552819595,4.202065806003974,0.006348619351894176,754,0.19871178571428771,-164.9086864285753,-172.4486864285753,-1.1509724241678234,DEV
RAMP,2025-05-30,stop,0.22734654108474295,2.630724261123718,0.004759622816509563,974,0.1539500000000018,-169.4272999999979,-179.1672999999979,-1.194868463786916,DEV
RAMP,2025-06-02,stop,0.7819119745362978,1.0536713862364224,0.007058413387046608,658,0.22777499999999407,-163.03594999999348,-169.6159499999935,-1.1317089232795383,DEV
RAMP,2025-06-04,stop_gap,0.41928561933877984,3.1507187482197114,0.0020205985094052556,1000,0.06582625000000064,-92.39999999999782,-102.39999999999782,-1.5556104137786495,DEV
RAMP,2025-06-06,stop_gap,0.6243902439024049,3.5512195121949905,0.003879049349076726,1000,0.12812500000000426,-179.9999999999926,-189.9999999999926,-1.4829268292681856,DEV
RAMP,2025-06-09,stop_gap,0.15406285764591773,1.6001995480821973,0.002923370579278246,1000,0.09736285714286197,-144.8999999999998,-154.8999999999998,-1.5909557766234481,DEV
RAMP,2025-06-10,stop_gap,1.7456746062533584,2.9741122921354464,0.002310546758291021,1000,0.07733400000000046,-125.0,-135.0,-1.745674606253384,DEV
RAMP,2025-06-11,stop,8.898776418242205,2.9397743524550757,0.0018796296296296742,1000,0.06293000000000148,-82.9299999999975,-92.9299999999975,-1.476720165262916,DEV
RAMP,2025-06-12,target,11.26504655916469,0.7267771973654514,0.001682075183374004,1000,0.05503749999999741,90.0749999999988,80.0749999999988,1.4549171019759721,DEV
RAMP,2026-05-07,stop_gap,0.14438739137104695,3.176522610163084,0.004598813081009248,1000,0.13851624999999856,-185.00000000000227,-195.00000000000227,-1.4077770658677542,HOLDOUT
RAMP,2026-05-08,stop,0.41353383458646126,3.2330827067668935,0.008956228956229016,563,0.2660000000000018,-161.01800000000276,-166.64800000000275,-1.1127819548872289,HOLDOUT
RAMP,2026-05-12,stop,0.8157319737800415,1.5926195678562654,0.008926404299583973,582,0.25743750000000176,-161.46862500000285,-167.28862500000284,-1.1165331391114461,HOLDOUT
RAMP,2026-05-13,stop,1.4516737798682366,7.142234996951706,0.00307033339276153,1000,0.08610749999999712,-106.10750000000024,-116.10750000000024,-1.3484017071684131,HOLDOUT
RAMP,2026-05-14,stop_gap,-10.01111111111069,104.99999999999605,0.0003155680224404047,1000,0.009000000000000341,-150.00000000000213,-160.00000000000213,-17.77777777777734,HOLDOUT
RAMP,2026-05-15,stop,0.019719420812435873,1.4789565609329847,0.008587879520987206,591,0.25355714285714726,-161.67227142857587,-167.58227142857587,-1.118316524874651,HOLDOUT
RAMP,2026-05-19,target,9.317927692884682,0.372717107715578,0.00035522309016271274,1000,0.013414999999994848,6.8299999999936745,-3.1700000000063255,-0.23630264629202707,HOLDOUT
RAMP,2026-05-22,eod,0.8988764044943447,0.0,0.0014735099337748118,1000,0.05562499999999915,30.000000000001137,20.000000000001137,0.3595505617977788,HOLDOUT
RAMP,2026-05-26,eod,1.420838971583348,0.7577807848444075,0.0014018248382873866,1000,0.05278571428571155,-24.999999999991473,-34.99999999999147,-0.6630581867387091,HOLDOUT
RAMP,2026-05-28,target,9.434889434891241,0.5896805896807201,0.0006735734145371465,1000,0.02543749999999534,30.874999999994657,20.874999999994657,0.8206388206387609,HOLDOUT
RARE,2025-12-26,stop_gap,0.44607012222318954,1.5463764237071753,0.004937885462555051,892,0.16813499999999948,-191.7799999999967,-200.6999999999967,-1.3382103666696226,DEV
RARE,2025-12-29,stop,1.9285251833246724,1.36603867152165,0.016066024860757682,482,0.31111857142857247,-159.59915142857344,-164.41915142857343,-1.096426259166244,DEV
RARE,2026-01-05,stop,1.8549216471704226,2.0897218556730115,0.009236477987421374,704,0.21294699999999978,-163.99468800000204,-171.03468800000203,-1.140880125101566,HOLDOUT
RARE,2026-01-09,target,9.641025641025486,0.7931623931624286,0.0031512605042017237,1000,0.073125000000001,126.24999999999886,116.24999999999886,1.5897435897435526,HOLDOUT
RARE,2026-01-15,eod,1.3342228152101208,0.6974346534052953,0.014009345794392654,454,0.32978000000000307,9.079999999998194,4.5399999999981935,0.030323245800218106,HOLDOUT
RBLX,2024-10-15,stop,1.1682486700740766,1.314279753833306,0.005056256812348334,730,0.20543571428571283,-164.56807142856746,-171.86807142856748,-1.1460310837592391,DEV
RBLX,2024-10-16,stop,0.9641713911065094,8.253307107871724,0.0031900836614172355,1000,0.12964499999999646,-149.64499999999248,-159.64499999999248,-1.2314011338655315,DEV
RBLX,2024-10-17,target,7.582938388625834,-0.3424960505529427,0.0038569339507676173,947,0.15824999999999534,280.78549999999495,271.3154999999949,1.8104265402843798,DEV
RBLX,2024-10-18,target,2.7705954515428686,2.03831273001786,0.0033391101588102494,1000,0.1324625000000026,244.92500000000916,234.92500000000916,1.77352080777582,DEV
RBLX,2024-10-21,stop,0.5379309966269653,4.149753402550852,0.0032670904917326605,1000,0.13012821428571186,-150.12821428570788,-160.12821428570788,-1.2305418556972394,DEV
RBLX,2024-10-22,eod,1.0966057441253279,0.7624020887728533,0.011649835746441125,313,0.478749999999998,-67.29499999999885,-70.42499999999885,-0.4699738903394199,DEV
RBLX,2024-10-25,eod,0.6385180767274498,0.9823355026576097,0.004839468233216613,736,0.2035964285714229,-66.23999999999728,-73.59999999999728,-0.4911677513287797,DEV
RBLX,2024-10-28,stop,2.48974275707712,1.323332739722692,0.004791816350099022,733,0.20455928571428217,-164.60195642856593,-171.93195642856594,-1.1466567498768963,DEV
RBLX,2024-11-01,stop,0.6164191650322256,1.7371812832726377,0.006939529457514991,420,0.356899999999996,-158.29799999999665,-162.49799999999664,-1.08405715886802,DEV
RBLX,2024-11-04,target,3.6093895891108554,0.23690974137021267,0.0069986624123950965,418,0.3587864285714346,291.58545428572097,287.40545428572096,1.916384797163466,DEV
RBLX,2025-07-29,target,5.555931230730139,0.5143622649923287,0.005684928517995184,219,0.6839537500000006,295.191742499998,293.001742499998,1.9561373850205364,DEV
RBLX,2025-08-05,eod,1.4936913955260178,0.4290390178638509,0.009818447505377052,119,1.2586267857142843,126.14000000000027,124.95000000000027,0.8342425347352798,DEV
RBLX,2025-08-07,target,6.429360747413232,0.5458891200633784,0.00739652964707638,151,0.9892118749999952,295.7219862500013,294.2119862500013,1.9696728266631636,DEV
RBLX,2025-08-12,eod,1.7498325013731766,-0.22333150241741398,0.012586264529362685,90,1.6567300000000103,187.20000000000113,186.30000000000112,1.249449216227146,DEV
RCUS,2026-02-11,stop,0.5216157569687835,4.318978467701528,0.011773028739867424,625,0.2396400000000014,-162.27500000000282,-168.52500000000282,-1.1251877816725209,HOLDOUT
RCUS,2026-02-12,stop,5.5211473300354745,1.8255406494472164,0.010839333976833987,667,0.2245910000000002,-163.14219700000223,-169.81219700000221,-1.1335761450815174,HOLDOUT
RCUS,2026-02-13,target,10.315135375055554,0.33140997188932775,0.006012275395837002,1000,0.12069642857142782,221.3928571428525,211.3928571428525,1.751442521082973,HOLDOUT
RCUS,2026-02-17,stop,-0.09947155735155047,6.565122785203639,0.00535880863539443,1000,0.10053124999999952,-120.53125000000264,-130.53125000000264,-1.2984146720547418,HOLDOUT
RCUS,2026-02-20,stop,1.3250152160681155,2.7224589166158872,0.00857618607661694,912,0.16430000000000433,-168.0816000000068,-177.2016000000068,-1.182592818015839,HOLDOUT
RCUS,2026-02-25,eod,1.4548219490559118,0.425801546065132,0.006946547413641268,1000,0.1409107142857131,-5.000000000002558,-15.000000000002558,-0.10645038651630341,HOLDOUT
RCUS,2026-02-27,stop_gap,0.19928825622774857,8.768683274021148,0.005130733274905188,1000,0.10035714285714548,-140.00000000000412,-150.00000000000412,-1.4946619217081871,HOLDOUT
RCUS,2026-03-03,stop,1.6570771001150835,2.3600795062245026,0.013162315487992907,502,0.29871874999999903,-159.99681250000108,-165.0168125000011,-1.1004289151585003,HOLDOUT
RCUS,2026-04-16,stop,1.7488397121140324,6.457254321651868,0.0032137916126243568,1000,0.07433500000000137,-94.3350000000045,-104.3350000000045,-1.4035783951032834,HOLDOUT
RCUS,2026-04-17,stop,1.1762670818197556,1.487631897595573,0.01208908406524465,518,0.2890499999999996,-160.0879000000014,-165.26790000000142,-1.1037882719252836,HOLDOUT
RCUS,2026-04-20,eod,1.9532253919300837,0.966332562323303,0.021000647668393886,308,0.48637500000000244,123.19999999999956,120.11999999999956,0.8018504240555058,HOLDOUT
RCUS,2026-04-24,stop,-0.0790851474235344,3.6031964728575407,0.014750593438038556,413,0.3628999999999998,-158.1377000000012,-162.26770000000118,-1.0826674014880218,HOLDOUT
RCUS,2026-04-29,stop_gap,0.6412877057130825,2.7254727492805673,0.007764460580912798,801,0.18712349999999844,-172.21500000000273,-180.22500000000272,-1.202414448212038,HOLDOUT
RCUS,2026-04-30,stop,-0.0838668194906477,6.1222778228174155,0.009842069060393378,629,0.23847333333333154,-162.5797266666675,-168.8697266666675,-1.1258002292359872,HOLDOUT
RCUS,2026-05-04,stop,0.29433840085945084,3.7675315310011883,0.006599553224553237,883,0.16987250000000031,-167.65741750000305,-176.48741750000306,-1.176603040515699,HOLDOUT
RCUS,2026-05-05,stop_gap,9.118730316886698,2.980267957226396,0.004278873239436755,1000,0.11240600000000356,-155.0000000000047,-165.0000000000047,-1.4678931729622926,HOLDOUT
RDW,2024-11-14,stop,0.9176248199161231,1.8352496398322544,0.021017743490839024,688,0.21795400000000065,-163.71235200000015,-170.59235200000015,-1.137643722987417,DEV
RDW,2024-11-25,target,28.609923011121243,2.0017108639863244,0.0016840497867926351,1000,0.023379999999999512,26.75999999999945,16.75999999999945,0.7168520102651754,DEV
RDW,2025-01-13,target,16.710642040457223,-0.7195970256656209,0.004270058040286818,1000,0.06253500000000045,105.07000000000133,95.07000000000133,1.5202686495562587,DEV
RDW,2025-01-14,target,2.6316759635535596,0.7164510942157003,0.03128344570617456,340,0.4407837499999996,292.9329499999999,289.5329499999999,1.931939414735685,DEV
RDW,2025-01-15,eod,0.5774940265461593,0.7363048838463581,0.024286390502905292,433,0.34632392857142946,-99.59000000000019,-103.92000000000019,-0.692992831855395,DEV
RDW,2025-01-17,stop,0.5475261378549183,3.311229500360682,0.013050130429851379,782,0.191771666666666,-165.6054433333325,-173.42544333333248,-1.1564360393871167,DEV
RDW,2025-01-24,target,5.147320273136945,0.8804626782997319,0.0067389156940731625,1000,0.147649642857143,275.29928571428286,265.29928571428286,1.7968163050077315,DEV
RDW,2025-01-28,target,5.108068465239467,0.5136605160575994,0.015539955654101942,428,0.3504259999999988,291.40465599999766,287.1246559999977,1.9143899139903915,DEV
RDW,2025-01-29,stop,3.1710935008067014,1.015740886977146,0.01806831915846022,371,0.4036462500000013,-157.17275875000166,-160.88275875000167,-1.074322503925165,DEV
RDW,2025-05-29,target,3.5389878494750477,0.058983130824586345,0.016741935483870984,589,0.25431000000000026,287.79718000000054,281.90718000000055,1.8820337383508337,DEV
RDW,2025-06-02,stop,3.977884854440133,4.63257840340011,0.0043751683414482954,1000,0.060333571428571986,-80.33357142857156,-90.33357142857156,-1.4972356068050128,DEV
RDW,2025-06-03,stop,-0.22897180212257054,3.2819291637568218,0.01813432525951557,572,0.26204099999999997,-161.32745199999974,-167.04745199999974,-1.1144859010612826,DEV
RDW,2025-06-04,target,2.1124569679969403,3.2380466658166536,0.011581512108682837,765,0.19607500000000044,284.6947499999983,277.0447499999983,1.8469973224531275,DEV
RDW,2025-06-12,stop,1.1205332292321788,1.4819955612425644,0.0214737904269082,361,0.41498100000000093,-157.02814100000145,-160.63814100000147,-1.0722924664020836,DEV
RDW,2025-12-05,stop,1.0683217174543427,5.786742636211064,0.009095199537304735,1000,0.05616285714285674,-76.16285714285631,-86.16285714285631,-1.5341608587271673,DEV
RDW,2025-12-08,stop,1.52478050265878,1.2942589532923199,0.03309464624296442,676,0.22167125,-163.3697649999997,-170.12976499999968,-1.1353355475732625,DEV
RDW,2025-12-09,stop_gap,-2.31973709646244,17.398028223468277,0.005086529006882907,1000,0.03448666666666611,-224.99999999999966,-234.99999999999966,-6.814227720858403,DEV
RDW,2025-12-10,stop,1.4573293687412485,6.471854813903425,0.01587884774019881,1000,0.10972124999999977,-129.72124999999934,-139.72124999999934,-1.2734201442291229,DEV
RDW,2025-12-11,stop,1.150331424158557,5.397708990282466,0.01582785841609386,1000,0.11301090909091016,-133.01090909090973,-143.01090909090973,-1.2654610978827403,DEV
RDW,2025-12-15,stop,0.4389646223457157,1.1818278293923032,0.021696075353218117,1000,0.14807571428571364,-168.07571428571322,-178.07571428571322,-1.2025990564672493,DEV
RDW,2025-12-17,target,5.53398326892385,0.898718882873236,0.010076301115241756,1000,0.06776312500000081,115.52625000000205,105.52625000000205,1.5572813384860982,DEV
RDW,2025-12-18,stop,1.4045610936881494,1.3587370215875478,0.026047784276791996,799,0.18767428571428635,-165.93175428571445,-173.92175428571446,-1.1598514143044152,DEV
RDW,2025-12-19,stop,0.06616601052039425,5.690276904754029,0.020044429708222813,992,0.15113500000000002,-169.7659199999996,-179.68591999999958,-1.1984980315611842,DEV
RDW,2026-01-20,stop,1.8401029199445191,1.3368269076519956,0.0286799278304014,471,0.31791699999999956,-159.1589069999996,-163.8689069999996,-1.0943642523048458,HOLDOUT
RDW,2026-01-21,stop,4.484515762711244,1.5793451883677423,0.025721581395348882,542,0.2765070000000005,-160.70679400000003,-166.12679400000002,-1.1084963490978508,HOLDOUT
RDW,2026-02-03,stop,1.7401462867652366,2.0366608333372507,0.019428032340099603,703,0.21314299999999875,-163.89952899999884,-170.92952899999884,-1.1407505759044387,HOLDOUT
RDW,2026-02-05,target,8.921118326281514,0.5807332322706794,0.009974497856014501,1000,0.09470785714285768,169.41571428571578,159.41571428571578,1.6832364187614606,HOLDOUT
RDW,2026-02-09,stop_gap,1.9531093447331387,2.232761115935235,0.011162058990188278,1000,0.11228250000000095,-160.6999999999985,-170.6999999999985,-1.5202725268852855,HOLDOUT
RGTI,2026-08-04,stop,0.3541349100035322,3.0178453200301427,0.019398745519713503,461,0.324735000000004,-158.9228350000033,-163.5328350000033,-1.0923830200009326,HOLDOUT
RGTI,2026-08-05,target,2.868437478327202,0.5501999676352971,0.0063613235294117405,1000,0.10814249999999959,196.28499999999605,186.28499999999605,1.7225882516124258,HOLDOUT
RGTI,2026-08-07,stop,-0.26807719953153136,3.4313881540036686,0.022377137072585315,402,0.3730268749999972,-157.99680375000014,-162.01680375000015,-1.0804231598594696,HOLDOUT
RGTI,2026-08-13,stop,0.09388385034914269,1.055254477924359,0.020113356969440103,402,0.37280107142857233,-157.90603071428734,-161.92603071428735,-1.0804718717278448,HOLDOUT
RGTI,2026-08-14,stop,2.7524432297852455,2.9567730765378846,0.00528391787309579,1000,0.09983857142857033,-119.83857142857346,-129.83857142857346,-1.30048506875388,HOLDOUT
RGTI,2026-08-17,stop,0.5796478193438495,1.785699580475887,0.008371004853000663,960,0.15612928571428597,-169.08411428571753,-178.68411428571753,-1.1921484484012987,HOLDOUT
RGTI,2026-08-18,stop,6.4179703168871844,1.1231448054552884,0.003788753799392137,1000,0.06855750000000072,-88.55750000000384,-98.55750000000384,-1.437588885242356,HOLDOUT
RGTI,2026-08-24,eod,1.449847478916216,0.7036784496680369,0.02071439191198327,430,0.3483124999999987,182.74999999999878,178.44999999999877,1.191458819307371,HOLDOUT
RIOT,2026-07-14,stop,3.676722777846296,1.8240935094867337,0.009005559673832632,823,0.18222750000000332,-166.43323250000532,-174.6632325000053,-1.1646293781125385,HOLDOUT
RIOT,2026-07-15,stop,1.7738752522228822,1.74431066468584,0.016937531296945408,443,0.3382424999999998,-158.70142750000127,-163.13142750000128,-1.0886937626111537,HOLDOUT
RIOT,2026-07-16,stop,1.5642087821043842,1.1400165700082796,0.019978151483050932,397,0.37718750000000156,-157.68343750000187,-161.65343750000187,-1.0795360397680278,HOLDOUT
RIOT,2026-07-20,stop,0.024476423085457985,4.919761040178046,0.010678422074527702,734,0.2042782142857149,-164.62020928571704,-171.96020928571704,-1.1468585385127925,HOLDOUT
RIOT,2026-07-23,target,3.01984986347337,0.9912777012163453,0.008578110314849528,719,0.20861964285714052,285.61504642856585,278.42504642856585,1.8561976255488721,HOLDOUT
RIOT,2026-07-28,stop_gap,0.20316944331572082,3.0221454693214147,0.01940660423854117,380,0.39376000000000033,-182.4000000000015,-186.20000000000152,-1.2444128403088266,HOLDOUT
RIOT,2026-07-29,target,4.738046024528078,0.26457213724679246,0.02236501479289925,330,0.45356249999999676,292.75124999999684,289.45124999999683,1.9338569656882934,HOLDOUT
RIOT,2026-08-18,target,12.00377205275677,-2.298594648400253,0.0030157401007207475,1000,0.05873153846153656,97.46307692306999,87.46307692306999,1.4892011892443409,HOLDOUT
RIOT,2026-08-19,stop,0.53023078390235,3.3339691016593562,0.02890297684674753,286,0.5243000000000002,-155.66980000000095,-158.52980000000096,-1.0572191493419858,HOLDOUT
RIOT,2026-08-21,target,2.9757975387748385,-0.6114319065181415,0.02704095783868452,260,0.5752071428571455,293.90771428571486,291.30771428571484,1.947844875759038,HOLDOUT
RIOT,2026-08-26,eod,1.7921359368296186,0.4978155380082169,0.007257139416460149,995,0.1506582142857127,129.349999999999,119.399999999999,0.796504860813148,HOLDOUT
RIOT,2026-08-31,stop,1.1994703637354924,5.868837136848625,0.0063589311805057145,1000,0.11671818181818239,-136.7181818181855,-146.7181818181855,-1.2570293636576313,HOLDOUT
RIVN,2024-11-08,stop,0.053682244060956376,2.8272648538769323,0.028139174219536787,536,0.2794220000000003,-160.49019199999992,-165.85019199999994,-1.1073644881219074,DEV
RIVN,2024-11-14,target,8.706760117567239,-0.03994272364157114,0.011664747303367841,1000,0.1326900000000002,245.38000000000082,235.38000000000082,1.7739091114628116,DEV
RIVN,2024-11-15,target,7.640489500694255,2.7505762202499273,0.004945151133501102,1000,0.049080624999998435,78.1612499999973,68.1612499999973,1.3887608399444682,DEV
RIVN,2024-11-19,stop,0.992896065058291,4.926419309464338,0.00603086683775319,1000,0.06042928571428696,-80.42928571428654,-90.42928571428654,-1.496448032529149,DEV
RIVN,2024-11-21,stop,0.4560409133848151,6.65819733541821,0.005468293551834605,1000,0.054819642857141915,-74.81964285714149,-84.81964285714149,-1.5472490960617626,DEV
RIVN,2024-11-22,stop,-0.4695710801324423,15.229332328620528,0.0031236992071357623,1000,0.03151812499999984,-51.518124999999415,-61.518124999999415,-1.9518332705387686,DEV
RIVN,2024-12-18,target,12.281808622502707,0.5047318611987458,0.008336255259466983,1000,0.11887499999999918,217.74999999999878,207.74999999999878,1.7476340694006327,DEV
RIVN,2024-12-19,target,2.456087531790493,0.5149860953754297,0.018810283159463426,594,0.25243399999999916,288.01159199999927,282.07159199999927,1.881157054913365,DEV
RIVN,2024-12-23,stop,1.1587785232816004,2.880392329300009,0.008710661499639578,1000,0.12081687500000093,-140.8168750000005,-150.8168750000005,-1.2483096835603416,DEV
RIVN,2024-12-27,target,3.142566881137823,0.16254656281747012,0.01328743700503961,812,0.18456250000000018,283.48950000000065,275.36950000000064,1.8374534371825286,DEV
RIVN,2024-12-30,stop,1.5319943951424637,3.1387202241943144,0.010114323507180608,1000,0.13381249999999945,-153.81249999999903,-163.81249999999903,-1.2241943017281625,DEV
RIVN,2025-01-06,target,20.612265654133868,3.254568261179059,0.0022634284837324,1000,0.0368712500000008,53.74249999999847,43.74249999999847,1.1863579347051572,DEV
RIVN,2025-01-10,stop,0.5021815549367017,2.4652549060529085,0.00788780287051805,1000,0.10952214285714312,-129.52214285714268,-139.52214285714268,-1.2739172117836528,DEV
RIVN,2025-10-22,stop_gap,4.040404040404081,1.5622895622895732,0.00708762886597931,1000,0.09281249999999908,-124.99999999999822,-134.99999999999824,-1.4545454545454501,DEV
RIVN,2025-10-24,stop,2.3198594024604344,1.8277680140597565,0.005429389312977124,1000,0.07112500000000033,-91.1249999999999,-101.1249999999999,-1.421792618629166,DEV
RIVN,2025-10-30,stop,3.648000000000002,1.53599999999999,0.005885122410546139,1000,0.078125,-98.12499999999957,-108.12499999999957,-1.3839999999999946,DEV
RIVN,2025-11-03,target,3.3737805784604182,0.45746177335057586,0.006501040892193295,1000,0.08743899999999982,154.87800000000007,144.87800000000007,1.656903669987081,DEV
RIVN,2025-11-06,stop,18.518039570670997,2.5863183757920396,0.0031434959349593743,1000,0.04833125000000038,-68.33124999999995,-78.33124999999995,-1.6207164101900806,DEV
RIVN,2025-11-07,stop,0.5507366102161593,6.608839322593976,0.009408031088082896,1000,0.13618124999999992,-156.1812499999995,-166.1812499999995,-1.2202946440864626,DEV
RIVN,2026-02-11,target,9.151136742767285,-1.1438920928459078,0.0052330395743265656,1000,0.07867874999999991,137.35750000000024,127.35750000000024,1.6187026357180356,HOLDOUT
RIVN,2026-02-12,stop,10.466567368463142,2.3348496437340773,0.004256511309115951,1000,0.062102500000001726,-82.1025000000013,-92.1025000000013,-1.4830723400829071,HOLDOUT
RIVN,2026-02-19,eod,1.7277486910994726,0.36649214659685986,0.018406681657565063,523,0.2865000000000002,-23.53499999999996,-28.76499999999996,-0.19197207678883033,HOLDOUT
RIVN,2026-02-20,stop_gap,5.154294543156143,4.116019383383689,0.0021322916317249715,1000,0.03236136363636355,-83.19999999999972,-93.19999999999972,-2.8799775265116923,HOLDOUT
RIVN,2026-02-23,stop,2.37137989778535,1.03577512776831,0.01212008589362406,817,0.18343750000000014,-166.20843749999977,-174.37843749999976,-1.1635434412265733,HOLDOUT
RIVN,2026-02-27,stop,0.715165262475693,1.196694750486068,0.02039561950207196,486,0.3086000000000002,-159.6995999999999,-164.5595999999999,-1.0972132209980545,HOLDOUT
RIVN,2026-03-02,stop_gap,-0.3095073005536956,4.361239235074761,0.004767318194883654,1000,0.07108071428571527,-139.9999999999988,-149.9999999999988,-2.110277049229703,HOLDOUT
RIVN,2026-03-03,stop,0.6993006993007009,8.391608391608395,0.007814207650273212,1000,0.11439999999999984,-134.3999999999994,-144.3999999999994,-1.262237762237759,HOLDOUT
RKLB,2026-08-04,stop,0.4683342203299571,2.8013458294621225,0.011389828767123276,180,0.8314574999999991,-153.26235000000167,-155.0623500000017,-1.0360812188235844,HOLDOUT
RKLB,2026-08-05,stop,2.515271289974929,2.0511438495628873,0.004453987730061223,449,0.3339599999999905,-158.92804000000032,-163.41804000000033,-1.0898311174991349,HOLDOUT
RKLB,2026-08-10,target,3.282786944256446,0.5892340732355962,0.013520020964360639,132,1.1285837500000042,295.30610999999976,293.98610999999977,1.9734180117337237,HOLDOUT
RKLB,2026-08-14,stop,0.538247026879473,1.5721046244803183,0.02059140005038428,91,1.6347512500000079,-150.58236375000166,-151.49236375000166,-1.0183514158499714,HOLDOUT
RKLB,2026-08-17,target,3.5594999212848757,0.8658668539171572,0.006851817924988597,262,0.5716814285714236,294.32106857142327,291.70106857142326,1.9475232209747002,HOLDOUT
RKLB,2026-08-18,stop,0.2419056387482235,2.05439266339914,0.017710051793592984,108,1.3848375000000033,-151.72245000000146,-152.80245000000147,-1.0216631915296996,HOLDOUT
RKLB,2026-08-19,stop,0.17420591138725477,1.6498324549028582,0.01969173336920718,102,1.4637850000000157,-151.34607000000264,-152.36607000000265,-1.0204948131043903,HOLDOUT
RKLB,2026-08-20,target,3.8260047610230625,0.7093453746773725,0.006638963596848654,306,0.48876049999999793,293.0014259999956,289.9414259999956,1.9386202444755452,HOLDOUT
RKLB,2026-08-21,target,2.7747736612798204,1.2297994623489736,0.010978695976660657,185,0.8090750000000071,295.65775000000076,293.80775000000074,1.9629206192256468,HOLDOUT
RKLB,2026-08-24,stop,4.011305838029708,1.6484818512451158,0.005227218871176302,412,0.36397125000000585,-158.19615500000663,-162.31615500000663,-1.0824240925622828,HOLDOUT
RKT,2025-03-19,stop_gap,5.634960143671864,1.057626264217523,0.006465692857282505,1000,0.09385903895024938,-114.53624112799865,-124.53624112799865,-1.326843344241037,DEV
RKT,2025-03-21,eod,0.4151922623260244,0.8681292757725886,0.018723498233215567,566,0.26493750000000027,11.320000000000764,5.660000000000764,0.03774475112055235,DEV
RKT,2025-03-24,stop,0.42525042525042267,2.291627291627279,0.01543127962085315,708,0.21164000000000094,-164.00112000000036,-171.08112000000037,-1.141750141750139,DEV
RKT,2025-03-28,eod,1.8194923616310923,0.4478750428630395,0.013485938089845289,839,0.17862125000000084,163.60500000000025,155.21500000000026,1.0357110366207798,DEV
RKT,2025-04-03,eod,1.5818283940862334,0.1507953885551636,0.01854520352532412,571,0.26260749999999966,165.8184,160.1084,1.0677532058299948,DEV
RKT,2025-04-07,target,2.3697844313334495,0.715021164626471,0.032309966996699725,306,0.4894960000000008,293.4515520000006,290.3915520000006,1.938712471603446,DEV
RMBS,2025-09-10,stop_gap,-1.2572068399909861,3.583039493974261,0.008448370286776393,235,0.6363312499999978,-192.70000000000508,-195.05000000000507,-1.3043520964906634,DEV
RMBS,2025-09-12,stop,2.90461880740678,2.4720160063036394,0.0037391392258809826,463,0.32362249999999904,-159.0972175000043,-163.7272175000043,-1.0927006002364184,DEV
RMBS,2025-09-16,stop,0.8459828320879261,1.0251343172975982,0.016700701320132114,92,1.6193000000000097,-150.81560000000184,-151.73560000000182,-1.0185265238065893,DEV
RMBS,2025-09-17,target,4.707061294348173,0.37368035345103395,0.007755581946018242,196,0.762683928571434,295.0521000000001,293.09210000000013,1.960665225952509,DEV
RMBS,2025-09-23,target,3.206664480304538,0.34757552059244373,0.01682181252357596,84,1.7837849999999946,297.99587999999824,297.15587999999826,1.983181829648747,DEV
RMBS,2025-09-24,stop,3.3228845745841573,1.1474709322304923,0.008321290033817286,179,0.83662249999999,-153.33542750000004,-155.12542750000003,-1.035858466632215,DEV
RMBS,2025-09-29,eod,1.299946072192269,0.035491793015807994,0.012033395814549428,118,1.2678987500000005,159.8899999999988,158.7099999999988,1.0608102579168794,DEV
RMBS,2026-01-26,target,4.015882822004084,0.15240542018989936,0.005690266610503364,228,0.6561446428571429,294.64195714285484,292.36195714285486,1.954278373943012,HOLDOUT
RMBS,2026-01-27,stop,0.35358617983159724,2.6810380668549803,0.011106637320904576,116,1.2868150000000043,-151.59054000000168,-152.75054000000168,-1.023313374494399,HOLDOUT
RMBS,2026-02-09,stop,0.948178858394586,4.03599816698219,0.007325320219900691,187,0.8015365384615336,-153.6273326923087,-155.4973326923087,-1.0374281128313778,HOLDOUT
ROIV,2026-01-21,stop,0.7238095238095074,1.3714285714285543,0.0057226945716154975,1000,0.13125000000000142,-151.25000000000455,-161.25000000000455,-1.22857142857145,HOLDOUT
ROIV,2026-01-22,stop,1.3706102012559007,1.9253809970023728,0.006748136030452741,979,0.15321642857142947,-169.57888357143253,-179.36888357143252,-1.1958014573222946,HOLDOUT
ROIV,2026-01-27,eod,1.408946812257838,0.7890102148643925,0.007809749119718307,845,0.17743749999999991,143.64999999999543,135.19999999999544,0.9017259598449858,HOLDOUT
ROIV,2026-01-28,stop,1.564142194744942,2.5162287480680154,0.003341182789035579,1000,0.0735227272727279,-93.52272727273103,-103.52272727273103,-1.4080370942813374,HOLDOUT
ROIV,2026-01-29,stop,1.5985668021773498,2.5356576862123603,0.004132403189066069,1000,0.09070625000000021,-110.70625000000334,-120.70625000000334,-1.3307379590712112,HOLDOUT
ROIV,2026-01-30,stop,0.6680368782664987,1.0466850666510048,0.00983325788092686,704,0.21286249999999995,-163.93520000000217,-170.97520000000216,-1.140936050267206,HOLDOUT
ROIV,2026-02-04,target,3.0728320283645854,0.4431969271679862,0.0077590554791380495,886,0.16922500000000085,282.14669999999876,273.28669999999875,1.8227212291327937,HOLDOUT
ROIV,2026-02-05,target,4.075466394968921,0.6675332888311062,0.006597821047751505,1000,0.14231499999999997,264.6299999999968,254.6299999999968,1.7892000140533104,HOLDOUT
S,2025-07-10,eod,1.3578175693760015,0.70502066102214,0.010538456246560248,783,0.19148374999999973,180.08999999999756,172.25999999999755,1.1489225587027472,DEV
S,2025-07-11,target,4.2352835161864695,-0.04235283516186213,0.00625902425267902,1000,0.11097249999999903,201.94499999999493,191.94499999999493,1.7296627542859413,DEV
S,2025-07-16,stop,1.589058199256548,2.4970914559745525,0.007560283180778061,1000,0.1321537500000005,-152.15375000000364,-162.15375000000364,-1.2270083141795296,DEV
S,2025-07-17,stop,0.48904880008383583,2.060991371781883,0.008052601969057717,1000,0.1431350000000009,-163.13500000000403,-173.13500000000403,-1.2095923428930935,DEV
S,2025-07-18,target,40.6218627997697,7.808142777466314,0.00028240667821709454,1000,0.005122857142858095,-9.754285714286937,-19.754285714286937,-3.8561070831004702,DEV
S,2025-07-22,eod,1.2301668088866606,0.39850474090695276,0.01475351482617583,519,0.2885787499999992,150.50999999999772,145.31999999999772,0.9702724126429835,DEV
S,2025-07-25,target,16.86746987952424,28.915662650612592,0.0005259822560200886,1000,0.010374999999996248,0.7499999999893703,-9.25000000001063,-0.8915662650615879,DEV
S,2025-07-28,stop,0.319059837013566,4.094601241674444,0.00483798559300244,1000,0.09402625000000242,-114.02625000000555,-124.02625000000555,-1.319059837013625,DEV
SE,2024-11-05,stop_gap,2.2866849601459527,13.948778256891092,0.000459653443046391,1000,0.04373142857143364,-70.00000000000739,-80.00000000000739,-1.8293479681170353,DEV
SE,2024-11-06,stop,1.7897265049973048,1.7246455411792188,0.004874060647256495,325,0.46096428571428305,-156.31339285714532,-159.56339285714532,-1.0650809638181058,DEV
SE,2024-11-07,stop,0.5194204212499752,1.701101879593648,0.008058697058487668,194,0.7700890909090816,-153.27728363636382,-155.21728363636382,-1.0389565315937608,DEV
SE,2024-11-08,target,2.9965209499319063,-0.03176523975192972,0.004990902982764753,317,0.47221428571428703,293.04385714285473,289.8738571428547,1.936469520496121,DEV
SE,2024-11-12,eod,1.8170679791089133,0.4357816711802296,0.028134351347762557,47,3.1781969999999973,248.8649999999994,248.3949999999994,1.662892514214818,DEV
SE,2024-11-14,stop,0.056487188284251526,1.3470892596843356,0.008569077057388168,169,0.8833861538461463,-152.67226000000045,-154.36226000000045,-1.0339602334374318,DEV
SE,2024-11-15,stop,0.0820618027952327,2.1199299055434273,0.014639228150966164,102,1.4623125000000101,-151.19587500000208,-152.2158750000021,-1.0205154506988146,DEV
SE,2024-11-20,stop,0.14286652019630772,2.208639177088838,0.011513425802436233,115,1.2949150000000031,-151.21522500000154,-152.36522500000154,-1.0231675438156251,DEV
SE,2024-11-25,stop,0.9017718288009119,2.4225565231346513,0.005817262381079427,229,0.6542675000000031,-154.40725750000306,-156.69725750000305,-1.045852804854299,DEV
SE,2025-07-29,eod,0.6206328598576667,0.6047191967843778,0.011817781469408109,79,1.8851724999999817,-75.83999999999838,-76.62999999999839,-0.5145417727024922,DEV
SE,2025-08-05,target,2.1832895663669367,0.5568121041741081,0.00897850846693084,109,1.3649128571428264,295.37100285713814,294.28100285713816,1.9780205748352457,DEV
SE,2025-08-06,target,7.648585685730473,0.22469405657257432,0.0036723900056110587,269,0.5563119999999913,293.9158560000002,291.2258560000002,1.946073426422615,DEV
SE,2025-08-11,stop_gap,1.7511449196616262,3.713420787083784,0.005466310251187971,186,0.8051874999999882,-156.23999999999535,-158.09999999999536,-1.0556547388030584,DEV
SE,2025-08-12,stop,0.04384205461404656,2.282526968343851,0.02150918842458888,41,3.6494639999999947,-150.44802399999904,-150.85802399999903,-1.0082203852401288,DEV
SE,2025-08-18,target,2.3231256599792007,5.4910242872233805,0.0013443302481402093,633,0.23674999999997226,287.0654999999764,280.7354999999764,1.873284054910305,DEV
SE,2026-05-07,target,2.1134097335912823,0.7143920226224187,0.009298881753764464,178,0.8398750000000064,295.43550000000045,293.6555000000005,1.9642803988688675,HOLDOUT
SE,2026-05-11,stop,1.0251716247139488,2.169336384439361,0.013168997107039553,137,1.0925000000000011,-152.41250000000156,-153.78250000000156,-1.027459954233419,HOLDOUT
SE,2026-05-13,target,2.8388627403108964,-0.14937459290064523,0.011185543047738241,139,1.0731410000000068,295.55319800000046,294.1631980000005,1.9720446800560134,HOLDOUT
SE,2026-05-14,stop,-0.010457858099935848,1.6366025033497895,0.021836463804521533,78,1.9124374999999958,-150.73012500000047,-151.51012500000047,-1.0156867871499122,HOLDOUT
SE,2026-05-19,stop_gap,6.739546376686198,3.0497947253550297,0.0022897934921403667,749,0.200013461538461,-322.07000000001574,-329.56000000001575,-2.1998519330430795,HOLDOUT
SE,2026-05-28,target,4.154580657925113,0.9368172071791411,0.00266513398672533,610,0.2455121428571374,287.3248142857014,281.22481428570137,1.8778064512374562,HOLDOUT
SGHC,2025-01-28,target,3.555190093837737,9.649801683273758,0.003698720815815326,1000,0.028050465654879453,36.10093130975933,26.100931309759332,0.930499038087056,DEV
SHOO,2025-10-22,stop,4.472762193758576,3.332646340447589,0.0032765373563216306,1000,0.1122469920441489,-132.24699204414492,-142.24699204414492,-1.267267741020592,DEV
SHOO,2025-10-28,stop,0.8630559225011163,4.438573315720007,0.00467341647116919,939,0.15968695322722226,-168.72604908035797,-178.11604908035798,-1.1878675708547606,DEV
SHOO,2025-10-29,stop,5.318404478656693,6.787963610916987,0.004109864825999232,1000,0.14067358727773893,-160.67358727773495,-170.67358727773495,-1.2132596500917086,DEV
SHOO,2025-10-30,target,2.7898271496202276,0.20037432566330152,0.009290931036598976,469,0.3193387521923583,290.15974955643395,285.46974955643395,1.9060558739143407,DEV
SHOO,2025-11-06,target,3.669852302345762,1.1954821894005083,0.009386417014613842,423,0.3540834975247549,291.0946389059443,286.8646389059443,1.9152742214485758,DEV
SHOO,2025-11-10,target,2.800658978583092,0.7688083470620494,0.004804749340369531,836,0.17926284240255086,283.00747249706836,274.64747249706835,1.8326479732334695,DEV
SHOO,2025-11-11,stop,1.521145915204424,4.018121285445602,0.004558701275173809,874,0.17149652779833957,-167.3679652957453,-176.10796529574532,-1.1749306553615628,DEV
SHOP,2024-11-05,stop,0.5964029447396089,8.25024073556426,0.002567388669133396,745,0.20120624999998427,-164.7986562499959,-172.2486562499959,-1.1491007361849475,DEV
SHOP,2024-11-06,stop,0.15970295250831673,2.0533236751071424,0.010914187001992183,171,0.8766275000000121,-153.32330250000382,-155.03330250000383,-1.0342220612517972,DEV
SHOP,2024-11-08,stop,1.8777453643165631,19.716326325323816,0.0008690698216573397,1000,0.07455749999998318,-94.55749999999341,-104.55749999999341,-1.402374006639399,DEV
SHOP,2024-11-11,stop,0.8064082576205507,1.9998924788989652,0.010299557032115266,161,0.9300500000000085,-152.95805000000303,-154.56805000000304,-1.0322563303048333,DEV
SHOP,2024-11-15,target,2.2536597367449422,4.102054373231586,0.004761374818424706,295,0.5080625000000083,293.8568750000019,290.9068750000019,1.9409521466354833,DEV
SHOP,2024-11-19,stop,1.064551601506655,8.188858473128402,0.0017633395676330788,818,0.1831757142857242,-166.19773428573077,-174.37773428573078,-1.163777169462624,DEV
SHOP,2024-11-22,stop,0.9370438316893458,1.2415830769883904,0.008044367756525094,175,0.8537487500000083,-152.90603125000325,-154.65603125000325,-1.0351391436883628,DEV
SHOP,2025-07-29,target,3.8634754284095503,-0.38521455884435823,0.006966808745757396,169,0.8826250000000044,294.94724999999977,293.2572499999998,1.966010480101957,DEV
SHOP,2025-07-30,stop,2.1900395861937167,1.2307660484394427,0.008869825470724433,135,1.1050028571428498,-151.8753857142861,-153.2253857142861,-1.027149251068526,DEV
SHOP,2025-07-31,target,7.682653564151843,1.5175611978571513,0.0033660251074649054,355,0.42172928571427803,292.3277928571338,288.77779285713376,1.9288643188504215,DEV
SHOP,2025-08-01,stop_gap,-0.8802288595034723,5.014637138989492,0.00643996392682294,200,0.749804999999995,-154.00000000000205,-156.00000000000205,-1.0402704703223045,DEV
SHOP,2025-08-05,stop,0.0,3.0361708335798787,0.009920067201036374,122,1.2252275000000026,-151.91775500000156,-153.13775500000156,-1.0244852486579106,DEV
SHOP,2025-08-06,stop,1.066690883180949,1.1651868979343893,0.015652834727461446,62,2.385883333333311,-149.16476666666415,-149.78476666666415,-1.0125739593302197,DEV
SHOP,2025-08-07,stop,4.731189861534751,4.045998591879766,0.006983414186443033,140,1.0652500000000202,-151.9350000000003,-153.3350000000003,-1.0281624031917214,DEV
SHOP,2025-08-08,stop,0.47394510941847423,1.7216781525813654,0.006961183678965569,145,1.0338749999999663,-152.81187499999248,-154.26187499999247,-1.0290170475153986,DEV
SHOP,2025-08-11,eod,1.0360980986497723,0.5992134071494815,0.016654567604552528,60,2.494937499999992,137.1000000000015,136.5000000000015,0.9118464891405226,DEV
SHOP,2025-08-12,stop,0.16386466892729754,3.2931512497324187,0.006409204864992976,158,0.9459024999999883,-152.61259499999528,-154.1925949999953,-1.031715742373006,DEV
SHOP,2025-08-13,stop_gap,32.03916169497036,4.368976594768597,0.00038843385750409723,1000,0.05836607142856565,-169.9999999999875,-179.9999999999875,-3.083983478660027,DEV
SHOP,2026-08-05,stop,0.33822126578117356,1.0075182776439249,0.02916187400152822,35,4.198435000000018,-147.64522499999998,-147.99522499999998,-1.007145519699598,HOLDOUT
SHOP,2026-08-12,target,2.277069054495757,0.3099167941764932,0.0073043449507307606,135,1.1044899999999984,295.512300000002,294.162300000002,1.9728381424911208,HOLDOUT
SHOP,2026-08-13,stop_gap,-0.25337302844109066,21.837587888770788,0.0020794941877694656,475,0.3157399999999768,-482.1249999999935,-486.8749999999935,-3.2463419269020766,HOLDOUT
SHOP,2026-08-14,target,2.3266709863928425,0.6160594128495273,0.008024814808889214,119,1.2539375000000064,296.0571250000037,294.8671250000037,1.9760753626078,HOLDOUT
SHOP,2026-08-17,target,3.913631262767298,0.4934578548706433,0.003905951747972763,255,0.587689499999982,294.62164499999545,292.07164499999544,1.9489526357030664,HOLDOUT
SHOP,2026-08-18,target,3.0635209407150916,0.007453822240175901,0.004522174710717357,223,0.6707967857142592,294.71536642856364,292.4853664285636,1.955277066558931,HOLDOUT
SHOP,2026-08-19,stop,1.1621591677700864,2.068643318630744,0.008773713547685299,116,1.2907009999999843,-152.04131599999607,-153.20131599999607,-1.0232431833553877,HOLDOUT
SHOP,2026-08-20,stop,0.8131839612440235,6.211341320991555,0.003991540055248486,259,0.5779749999999808,-154.87552499999032,-157.46552499999032,-1.0519053592283105,HOLDOUT
SMCI,2025-02-07,target,2.2594038374001304,3.4953170476019104,0.007296543811268476,579,0.25891785714286186,288.24687857143635,282.45687857143633,1.8841331365435987,DEV
SMCI,2025-02-11,target,6.556791631874272,0.9501034374979966,0.009508142687721495,384,0.3896417857142893,291.5648914285757,287.72489142857575,1.9230062044167051,DEV
SMCI,2025-02-13,stop,-0.0875551910400743,11.543776702099555,0.01033607904700357,375,0.399747857142863,-157.40544642857213,-161.15544642857213,-1.0750473066057602,DEV
SMCI,2025-02-20,stop,0.13157205531695693,3.3521842803026964,0.03239767782545589,82,1.8256156250000046,-151.34048125000004,-152.16048125000003,-1.0164328129038638,DEV
SMCI,2025-02-21,target,5.8970358814352535,0.7800312012480491,0.015829766216661195,156,0.9615000000000009,296.8680000000009,295.3080000000009,1.9687987519500822,DEV
SMCI,2025-02-24,stop,0.5170704672774391,1.3912337986967556,0.03336659994280811,85,1.7502449999999996,-150.47082499999962,-151.32082499999962,-1.0171404574788077,DEV
SMCI,2025-05-02,stop,0.35003281557645083,2.0826952526799354,0.017345931997571444,262,0.5713750000000033,-154.94024999999982,-157.56024999999983,-1.0525049223364618,DEV
SMCI,2025-05-05,target,6.744894214269384,1.8250890226846854,0.003822300576281494,1000,0.12602125000000086,232.0425000000057,222.0425000000057,1.761944910084642,DEV
SMCI,2025-05-08,stop,0.3528138003117757,3.6339821432115005,0.008813296797263767,529,0.28343562500000274,-160.51744562499934,-165.80744562499933,-1.1058441400935246,DEV
SMCI,2025-05-09,target,2.7881313650104818,0.5625177315371928,0.012643042671613858,366,0.40887599999999225,291.9772319999945,288.3172319999945,1.9266281219734096,DEV
SMCI,2025-05-12,target,4.869385884509594,0.30234748956107343,0.009112761020881693,477,0.3142080000000007,290.2144320000026,285.4444320000026,1.9045218454017852,DEV
SMCI,2025-05-14,stop_gap,-0.07139918253110424,3.3457587949355565,0.013077511951856108,258,0.5798385714285672,-162.90119999999982,-165.48119999999983,-1.1061699438513743,DEV
SMCI,2025-05-15,target,2.3851425107619204,1.5277370518124673,0.0231479009810632,147,1.0145724999999999,295.34431500000056,293.87431500000054,1.9704308957713754,DEV
SMCI,2025-05-16,target,2.036154732176817,0.109079717795191,0.01191888252592482,272,0.5500564285714304,293.79069714285924,291.0706971428592,1.9454601411024137,DEV
SMCI,2025-05-19,stop,1.3656780166989886,1.8813436331738222,0.00688862060543474,482,0.3110542857142846,-159.56816571428328,-164.38816571428328,-1.0964461876199714,DEV
SMCI,2025-05-20,target,2.128252321210837,0.9134130133952096,0.012566517447199157,274,0.5473974999999953,294.4938299999985,291.7538299999985,1.945195219196295,DEV
SMCI,2026-01-21,stop,2.129996897248596,3.6394435173460407,0.009435749327425276,503,0.2981225000000016,-160.01561750000238,-165.04561750000238,-1.1006297746731728,HOLDOUT
SMCI,2026-01-22,stop,1.6301690507152105,2.2363242306024977,0.008781185197365479,520,0.28837500000000205,-160.354999999999,-165.55499999999898,-1.1040312093627942,HOLDOUT
SMCI,2026-01-23,target,2.1540118470651173,0.982898609825845,0.014779091330551945,313,0.47817750000000814,293.07911500000523,289.94911500000524,1.9372617908621819,HOLDOUT
SMCI,2026-01-29,target,3.487318840579761,-0.24154589371981564,0.010932497111734461,452,0.3311999999999955,290.3647999999945,285.8447999999945,1.9094202898550616,HOLDOUT
SMCI,2026-01-30,stop_gap,3.0613645507111644,1.577697665796309,0.010609892869099392,473,0.31691749999999885,-184.47000000000025,-189.20000000000024,-1.262158132637049,HOLDOUT
SMCI,2026-02-05,target,2.4039514513944504,4.783372785937959,0.006685177810054795,735,0.2038310714285707,284.93167499999663,277.5816749999966,1.8528192988942012,HOLDOUT
SMCI,2026-04-17,target,2.772784058015174,0.35548513564297557,0.004911063447725466,1000,0.14065285714285736,261.3057142857116,251.3057142857116,1.7867089186141956,HOLDOUT
SMCI,2026-04-22,stop,0.0,2.01238321778313,0.00981109282992718,529,0.2832462499999977,-160.41726625000044,-165.70726625000043,-1.1059149061991231,HOLDOUT
SMCI,2026-04-23,stop,4.2354174595537595,2.922611824011385,0.00706862595807321,789,0.1898986363636368,-165.6100240909119,-173.5000240909119,-1.1579790175141444,HOLDOUT
SMCI,2026-04-27,target,13.190300678952394,-2.2114451988360697,0.004419581618655718,1000,0.12887500000000074,237.74999999999835,227.74999999999835,1.7672162948593368,HOLDOUT
SMCI,2026-04-28,target,2.871322130499485,5.66708315230163,0.004921651702704035,1000,0.1323432142857115,244.68642857141987,234.68642857141987,1.7733166739079111,HOLDOUT
SMCI,2026-04-30,stop,1.1258795934323704,6.161063330727145,0.006026196758386715,938,0.15987499999999955,-168.72275000000252,-178.10275000000252,-1.187646598905415,HOLDOUT
SMCI,2026-05-01,stop,14.265896536938834,4.166771760789033,0.002538935423550749,1000,0.07079821428571265,-90.79821428571577,-100.79821428571577,-1.4237395010972367,HOLDOUT
SMCI,2026-05-05,stop,0.6735827066502952,1.3826171347032559,0.010216361825425518,531,0.28207374999999857,-160.4011612500009,-165.7111612500009,-1.1063551642079539,HOLDOUT
SMCI,2026-07-14,stop,0.6635726276291025,1.175076528093212,0.01312331536388147,414,0.3616785714285733,-158.01492857143063,-162.15492857143062,-1.0829465784536467,HOLDOUT
SMCI,2026-07-15,target,38.98565302557175,-3.1623343392098797,0.0014584523680837096,1000,0.04047642857142719,60.95285714285126,50.95285714285126,1.258827889247608,HOLDOUT
SMCI,2026-07-16,target,8.377297523710766,0.20943243809277717,0.005540293394480188,1000,0.14324428571428527,266.4885714285674,256.4885714285674,1.790567561907209,HOLDOUT
SMCI,2026-07-20,stop,0.837913246884732,1.0764857685671925,0.014285577722360871,436,0.34371100000000254,-158.57799600000249,-162.9379960000025,-1.0872826298838356,HOLDOUT
SMCI,2026-07-24,stop,1.131219367140991,2.2790743132105225,0.02006412716955936,249,0.6011212499999985,-154.6591912500004,-157.1491912500004,-1.0499067367856372,HOLDOUT
SMCI,2026-07-27,target,2.4734462088547633,0.05047849405826243,0.019830246913580277,252,0.5943125000000009,294.4934999999997,291.9734999999997,1.9495215059417346,HOLDOUT
SMCI,2026-07-28,stop,0.4094315481630429,2.99469932370681,0.015616436792108158,350,0.4274218750000003,-156.5976562500012,-160.0976562500012,-1.0701882653993857,HOLDOUT
SMCI,2026-07-29,target,3.294708920843225,0.6142677649029777,0.0195710382513661,279,0.5372249999999994,294.1915499999988,291.4015499999988,1.9441574759179057,HOLDOUT
SMCI,2026-07-31,stop,0.45263652266244697,2.0011298896655787,0.015142960214388898,357,0.4197628571428602,-156.99534000000222,-160.5653400000022,-1.071468924630921,HOLDOUT
SMCI,2026-08-04,stop,0.3735981090187999,7.285163125866655,0.011873997611329101,431,0.3479674999999993,-158.59399250000106,-162.90399250000107,-1.0862149482351176,HOLDOUT
SMCI,2026-08-05,stop,2.1516244764797623,1.70128446977469,0.009688865546218391,500,0.29977349999999703,-159.88675000000006,-164.88675000000006,-1.1000755570455807,HOLDOUT
SMCI,2026-08-07,stop,1.081709100378601,5.36848220187899,0.008320166666666632,600,0.24960499999999897,-161.76300000000126,-167.76300000000126,-1.1201899000420794,HOLDOUT
SMCI,2026-08-10,target,8.505881097586105,0.5339637147633346,0.004012048891072544,1000,0.13053321428571252,241.06642857142901,231.06642857142901,1.7701734369741966,HOLDOUT
SMCI,2026-08-11,target,3.988708563837663,0.07341181405836489,0.0064385311395710266,734,0.20432678571428653,285.27172142857034,277.93172142857037,1.8531763718832608,HOLDOUT
SMCI,2026-08-12,target,3.2140126397591886,12.032625833148101,0.005245596050876918,796,0.1882382142857182,283.7552371428665,275.79523714286654,1.8406274724086558,HOLDOUT
SMCI,2026-08-18,stop,1.4086987145624246,1.4647265043461517,0.016838005390835607,240,0.6246900000000011,-154.7255999999993,-157.1255999999993,-1.0480238198146217,HOLDOUT
SMCI,2026-08-24,stop,1.3049174329028967,4.953853217501838,0.005957663197729379,724,0.2069096428571413,-164.28258142856743,-171.52258142856743,-1.1449908258780825,HOLDOUT
SMMT,2025-04-09,target,3.2287973820562015,10.384510499045613,0.013873335351089488,654,0.22918749999999832,286.69724999999573,280.1572499999957,1.8691028088355455,DEV
SMMT,2025-04-15,eod,1.5314228832864263,0.5566026079435622,0.029522657213316976,208,0.718286250000002,-64.48000000000121,-66.56000000000121,-0.4455048387742421,DEV
SMMT,2025-04-29,stop,1.3089460895235705,2.395092844660136,0.015169729615547033,417,0.3590674999999983,-158.0711475000006,-162.24114750000058,-1.0835497503951295,DEV
SMMT,2026-04-22,target,3.1093279839518835,-0.37384881918483354,0.02181619256017488,273,0.5483499999999957,293.93909999999676,291.20909999999674,1.945290416704653,HOLDOUT
SMMT,2026-04-23,target,6.729146861639335,0.15926974820449227,0.01053907889215281,597,0.25114625000000146,287.92862249999985,281.9586224999998,1.8805476888466262,HOLDOUT
SMMT,2026-04-24,stop,7.312833423245016,2.517532817838461,0.0037812783318224045,1000,0.08341500000000224,-103.41500000000536,-113.41500000000536,-1.3596475454055303,HOLDOUT
SMMT,2026-04-28,target,6.060672124178301,0.30521370409531123,0.005225506949191226,1000,0.11467375000000146,209.3474999999998,199.3474999999998,1.738388253632564,HOLDOUT
SMMT,2026-04-29,stop,0.8698015765153472,1.0437618918184135,0.011081325301204911,652,0.2299375000000019,-162.9592500000033,-169.4792500000033,-1.1304702364773165,HOLDOUT
SMMT,2026-05-01,stop,-0.14002641092205867,3.9110347050607013,0.02341934803078024,415,0.3606462500000003,-157.96819374999993,-162.11819374999993,-1.0831840064883513,HOLDOUT
SNDK,2026-07-15,target,4.370876539162376,0.40346552669190766,0.02354987410126504,3,38.81372499999998,232.82234999999991,232.7923499999999,1.9992270775350733,HOLDOUT
SNDK,2026-07-16,target,4.270257598526612,0.3151481622528862,0.016940875480196325,5,25.384885454545383,253.74885454545392,253.6988545454539,1.9988181943915524,HOLDOUT
SNDK,2026-07-20,target,2.62634703952248,1.4946141780559772,0.013506167613237913,7,19.262496249999913,269.5349474999989,269.4649474999989,1.9984425694566985,HOLDOUT
SNDK,2026-07-28,stop,11.598979449737971,7.028688948211221,0.0028416619756860837,47,3.144242142857138,-148.71938071428463,-149.18938071428462,-1.0095412498900995,HOLDOUT
SNDK,2026-08-07,stop_gap,2.02203509059828,3.9910276566812697,0.00484766825921945,25,5.919778571428424,-181.91249999999854,-182.16249999999854,-1.230873741657829,HOLDOUT
SNDK,2026-08-11,stop,0.4737536830768798,2.2414361780370538,0.012341607952591422,9,15.43206999999984,-139.0686299999984,-139.1586299999984,-1.0019440036236216,HOLDOUT
SNDK,2026-08-18,eod,1.4637485091595823,0.6662832441315774,0.02399534957339679,3,39.79508749999991,97.95000000000027,97.92000000000027,0.820201739724788,HOLDOUT
SNDK,2026-08-21,stop,-0.21013669107786276,1.6990782003818015,0.01341045082097279,7,21.129104000000098,-148.04372800000056,-148.11372800000055,-1.001419842507282,HOLDOUT
SNDK,2026-08-24,stop,-0.8753199172725328,7.15284911549145,0.00787560038468068,13,11.310150499999963,-147.2919564999993,-147.42195649999928,-1.002652484597794,HOLDOUT
SNOW,2024-11-05,stop,1.669357407224396,11.298913819424216,0.002493236582694336,527,0.2845406249999911,-160.4929093750007,-165.7629093750007,-1.1054330994036832,DEV
SNOW,2024-11-06,stop,0.3189320333056182,1.190299910015608,0.014710623324396769,85,1.7558599999999984,-150.94810000000075,-151.79810000000074,-1.0170856446413783,DEV
SNOW,2024-11-08,stop,1.337529921924323,1.1269928045843987,0.0066875813436192075,185,0.8074585714285831,-153.07983571428977,-154.92983571428977,-1.037153608942355,DEV
SNOW,2024-11-11,stop,0.07139396720977324,1.172900889874798,0.012056502848710945,101,1.4707125000000048,-150.56196250000153,-151.57196250000152,-1.0203982763456558,DEV
SNOW,2024-11-12,eod,1.5556975064054834,0.6656499633468317,0.00848833533413359,141,1.0606174999999922,-74.73000000000016,-76.14000000000016,-0.509137365732703,DEV
SNOW,2024-11-14,target,5.388757525781149,3.2904802591053057,0.0024049525957643,476,0.3145437500000128,289.9256500000208,285.16565000002083,1.9046237606057008,DEV
SNOW,2024-11-15,target,3.528741280589559,0.7159218828745416,0.0063103451692161526,188,0.796176250000002,295.60226999999884,293.72226999999884,1.9623199009013266,DEV
SNOW,2024-11-19,stop,0.40630059253730294,2.9314806192744887,0.009014081496025348,131,1.1444728571428584,-152.54594428571392,-153.85594428571392,-1.0262129414540158,DEV
SNOW,2024-11-20,stop_gap,10.440964123069945,3.95379318005095,0.0017326789838337483,666,0.2250750000000039,-512.8199999999879,-519.4799999999879,-3.4655114961678026,DEV
SNOW,2025-08-19,target,6.956984757997409,0.03630488845323034,0.004193103973207635,181,0.8263350000000287,295.5132700000137,293.7032700000137,1.963695111546793,DEV
SNOW,2025-08-20,stop,0.7077556917225952,1.7720105466832434,0.00994700593003149,78,1.9074378571428383,-150.34015285713997,-151.12015285713997,-1.0157279042604928,DEV
SNOW,2025-08-21,stop,-0.40687100033681056,1.9993263725159993,0.009686407057472483,80,1.8556250000000034,-150.04999999999882,-150.84999999999883,-1.0161670596160226,DEV
SNOW,2025-08-25,target,4.66692428881427,0.32896366536864036,0.0025611724400456852,297,0.5046150000000011,293.8013100000061,290.83131000000606,1.9405487351743769,DEV
SNOW,2025-08-26,target,2.4802591617736924,0.7005926853061997,0.0031847705023740863,241,0.6209028571428519,294.455177142859,292.04517714285896,1.9516832630823604,DEV
SNOW,2025-08-27,stop_gap,0.037606837606841394,4.591452991452868,0.003671256259962683,205,0.731250000000017,-188.0874999999979,-190.1374999999979,-1.2683760683760248,DEV
SNOW,2025-08-29,target,2.6465981680867214,2.9540217631961316,0.005156024395657738,123,1.219489999999979,297.5345399999971,296.3045399999971,1.9753995522718657,DEV
SNOW,2025-09-02,stop,0.4409432822274385,1.4474944395633913,0.00938576164577769,69,2.1658114285714305,-150.82098857142745,-151.51098857142745,-1.0138516214312203,DEV
SNOW,2025-09-03,eod,0.8075675239380204,0.9241709348919324,0.009309403149106334,70,2.137158750000026,15.392999999999688,14.692999999999689,0.09821451026976494,DEV
SNOW,2025-09-05,stop,1.6855219682647358,1.4588971658089775,0.006315809366194027,106,1.4120254999999986,-151.79470299999792,-152.85470299999793,-1.021246075230215,DEV
SNOW,2025-09-09,stop,1.6956124887329704,1.7047286849089458,0.0048979672709412204,136,1.0969487499999957,-151.90502999999694,-153.26502999999695,-1.0273485885279345,DEV
SNOW,2026-05-07,stop,1.1200542757578564,1.1397909149782552,0.013276695054045256,74,2.0266875000000084,-151.45487499999928,-152.19487499999929,-1.014802479415293,HOLDOUT
SNOW,2026-05-08,stop,0.9005796792466155,13.122732469021843,0.0037379362462214975,275,0.5440940000000012,-155.12584999999532,-157.87584999999532,-1.0551375313824114,HOLDOUT
SNOW,2026-05-11,eod,1.7255283676461324,0.16893284718214555,0.01630826500491971,60,2.4861950000000093,55.80000000000041,55.20000000000041,0.37004337954183136,HOLDOUT
SNOW,2026-05-12,eod,1.1676861421640972,0.877452014342976,0.009792864696939622,101,1.4815624999999955,-71.70999999999793,-72.71999999999794,-0.48597342332839943,HOLDOUT
SNOW,2026-05-26,stop_gap,2.4284319711348354,7.230104277696946,0.002040737455651231,413,0.36237374999998906,-706.2299999999916,-710.3599999999916,-4.746480670854419,HOLDOUT
SNOW,2026-05-27,stop_gap,7.507039898768927,11.145823430486674,0.001736180990324589,491,0.30504700000003027,-535.1900000000016,-540.1000000000016,-3.6060016980986345,HOLDOUT
SNOW,2026-08-19,stop,1.5617194118030642,2.4544408001911573,0.007195505056030434,65,2.3019499999999766,-150.9267499999973,-151.5767499999973,-1.0130324290275559,HOLDOUT
SNOW,2026-08-24,stop,2.872735320030327,1.4196657104800712,0.005493294696923201,83,1.7961974999999484,-150.7443924999942,-151.57439249999422,-1.01670194953505,HOLDOUT
SNOW,2026-08-25,target,2.530915885873422,0.49863316590507684,0.012460715618262123,37,3.9708550000000287,293.1032700000028,292.7332700000028,1.992444952031746,HOLDOUT
SNOW,2026-08-31,stop,0.7130814075410022,1.9403878147324933,0.010984510287929234,41,3.5764499999999657,-147.45444999999785,-147.86444999999784,-1.008388206182103,HOLDOUT
SNOW,2026-09-03,target,3.1979199957147006,0.7068204477905604,0.013371096081884663,30,4.9657589999999345,297.3455399999966,297.0455399999966,1.9939586274726617,HOLDOUT
SNOW,2026-09-04,stop_gap,4.090483317408499,2.6746262823277562,0.0069711662525165944,62,2.4190295454545208,-193.13000000000056,-193.75000000000057,-1.2918403604751512,HOLDOUT
SOFI,2025-07-29,target,4.26113360323887,0.9109311740890678,0.020279146141215097,303,0.4939999999999998,293.3039999999989,290.2739999999989,1.9392712550607225,DEV
SOFI,2025-07-31,eod,1.5281083181933706,0.7140693075669954,0.01520877808117159,428,0.35010607142857,179.7599999999992,175.4799999999992,1.1710736644098672,DEV
SOFI,2025-08-06,stop,0.5311810154525449,2.2695916114790617,0.004860026150802881,1000,0.10354285714285538,-123.54285714285851,-133.5428571428585,-1.2897350993377834,DEV
SOFI,2025-08-07,stop_gap,3.383233669707562,1.6052772232449615,0.003541626893344989,1000,0.07817964285714396,-120.50000000000338,-130.50000000000338,-1.6692324911033851,DEV
SOFI,2025-08-08,stop,0.5056146661832431,2.24500913600051,0.00906778541012194,750,0.19995464285713993,-164.96598214285729,-172.46598214285729,-1.1500340255736745,DEV
SOFI,2025-08-12,stop,0.12609346678224945,2.805579635905112,0.013889010507880934,472,0.31722500000000053,-159.17020000000173,-163.89020000000173,-1.094570100086699,DEV
SOFI,2025-08-14,target,3.7862339945562025,-0.02647716080108706,0.008051247068855452,794,0.18884200000000462,284.00109600000485,276.06109600000485,1.8411370351934293,DEV
SOFI,2025-08-18,stop,0.13394326708059792,2.64844432841072,0.009313878892192198,681,0.22024250000000123,-163.60514250000296,-170.41514250000296,-1.1362134919463907,DEV
SUPN,2025-08-11,stop,6.476412347116697,3.0285381479322937,0.002616420821650765,1000,0.10731250000000614,-127.31250000000216,-137.31250000000216,-1.279557367501403,DEV
SUPN,2025-08-14,target,6.519706078824,1.603206412825636,0.002208225159310938,1000,0.09356250000000443,167.12500000001285,157.12500000001285,1.6793587174349274,DEV
SUPN,2026-07-13,stop,5.325855026519614,1.4338840456014383,0.0030709867297726,1000,0.1464553571428553,-166.4553571428513,-176.4553571428513,-1.2048405779430347,HOLDOUT
SUPN,2026-07-14,stop,5.23929471032753,13.702770780856715,0.0010583280017060976,1000,0.04962499999999892,-69.62499999999494,-79.62499999999494,-1.6045340050377164,HOLDOUT
SUPN,2026-07-15,stop,1.977528089887509,9.060674157302852,0.0029918782271946757,1000,0.13906250000000853,-159.06250000000455,-169.06250000000455,-1.21573033707861,HOLDOUT
SUPN,2026-07-20,stop,1.8115055079559077,1.4810281517747823,0.008504215676069609,367,0.40850000000000364,-157.2594999999999,-160.92949999999988,-1.0734394124846898,HOLDOUT
SUPN,2026-07-22,stop_gap,7.4357947720644,1.4776258841922256,0.0022042025635637444,1000,0.1048979999999986,-154.99999999999403,-164.99999999999403,-1.5729565863981794,HOLDOUT
SUPN,2026-07-23,stop,-0.4433577832110705,3.4816625916870305,0.008299512987012975,391,0.38343749999999943,-157.74406249999822,-161.65406249999822,-1.078239608801946,HOLDOUT
SUPN,2026-07-24,eod,1.9106436360127868,0.3087908906687238,0.005567913174296061,578,0.2590749999999957,179.18000000000131,173.4000000000013,1.1579658400077477,HOLDOUT
SUPN,2026-07-29,eod,1.668713519669731,0.516300479286299,0.013957847604917249,227,0.6585312499999958,133.93000000000077,131.66000000000076,0.8807478764295652,HOLDOUT
SUPN,2026-07-30,target,2.9779597642078124,0.11111790164953864,0.0048729965345462554,666,0.2249862500000006,286.3616850000035,279.70168500000347,1.8666585180205637,HOLDOUT
SUPN,2026-07-31,target,2.7550513374298067,0.7920772595110859,0.0032444213886672173,1000,0.14518785714285798,270.37571428571994,260.37571428571994,1.793371149692791,HOLDOUT
SWKS,2025-10-24,target,2.7015075376885407,-0.01876046901173515,0.007069439181507923,290,0.516297816913621,293.6527338098972,290.7527338098972,1.9418940018391957,DEV
SWKS,2025-10-29,stop,12.976002802591815,1.6255035908214432,0.004287581110310201,434,0.3456082023201503,-158.67395980694968,-163.01395980694969,-1.0868034953991632,DEV
SWKS,2025-10-31,target,7.173601147776326,0.12958763363723835,0.004096113744075763,477,0.31392775270637685,289.94707608187866,285.1770760818787,1.9044366108399795,DEV
SWKS,2025-11-03,stop,1.306757130495217,1.213948555540671,0.00839017874553133,239,0.6251477932446932,-154.19032258548413,-156.5803225854841,-1.0479886521622381,DEV
SWKS,2025-11-04,target,4.245016544266169,0.7505447502219438,0.008339615022209961,249,0.60009545872758,293.8675384463323,291.37753844633227,1.9500079536285422,DEV
SWKS,2025-11-05,stop,0.5955538886747787,2.0354373410403497,0.01837761499030197,116,1.2848428412157773,-151.36176958103135,-152.52176958103135,-1.0233491591637953,DEV
SWKS,2025-11-06,target,4.723518796818764,0.05841807699245047,0.008197148931243788,258,0.5803163008713454,294.2832112496116,291.7032112496116,1.9483040542632266,DEV
SWKS,2025-11-07,target,3.919045107725452,1.0644320045673874,0.005976087899378202,374,0.4003858620344545,292.0086248017681,288.2686248017681,1.9250722794067372,DEV
SWKS,2025-11-10,eod,1.3077319652445112,0.4071852606312647,0.012899059256055391,173,0.866584879128041,40.10757983038944,38.37757983038944,0.25598845180192414,DEV
SWKS,2025-11-11,eod,1.6812057654777959,0.22337698981871823,0.006148919251065951,364,0.4119354368981618,103.7795527634018,100.1395527634018,0.6678441250635329,DEV
SXC,2024-11-01,stop,0.5120702267739118,5.018288222384776,0.005009895184343682,1000,0.04364644166060572,-63.64644166060529,-73.64644166060529,-1.687341255291308,DEV
TAL,2025-01-15,target,2.3348899266177443,1.1060004915557644,0.004236037777943066,1000,0.040687142857143144,61.374285714286714,51.374285714286714,1.262666338962833,DEV
TAL,2025-01-21,stop_gap,0.8429570934839568,3.877602630026123,0.006377956989247288,1000,0.059314999999999785,-104.99999999999865,-114.99999999999865,-1.93880131501305,DEV
TAL,2025-01-23,stop,-0.0863768312659435,5.225798291589697,0.011041658151100168,1000,0.11577178571428526,-135.77178571428482,-145.77178571428482,-1.2591304937978323,DEV
TAL,2025-01-24,stop,-0.2724177071509751,12.349602724177062,0.0049449932644813665,1000,0.055062500000000014,-75.06249999999959,-85.06249999999959,-1.5448354143019218,DEV
TAL,2025-01-29,stop,2.4550599201064824,1.081890812250321,0.009555467196819248,1000,0.12016000000000204,-140.16000000000162,-150.16000000000162,-1.2496671105192998,DEV
TAL,2025-01-30,stop,0.19305578346863753,3.938337982760148,0.010631876026272495,1000,0.12949624999999898,-149.49624999999855,-159.49624999999855,-1.2316669401623583,DEV
TAL,2025-01-31,target,2.2471910112359295,0.13828867761452837,0.011625803858521008,1000,0.14462500000000134,269.25000000000307,259.25000000000307,1.7925669835782243,DEV
TAL,2026-01-20,target,3.7399786400854107,0.41808472766108246,0.007984977213393687,1000,0.08778125000000081,155.56250000000205,145.56250000000205,1.65824136703454,HOLDOUT
TAL,2026-01-21,target,3.9117266980336227,0.1397045249297944,0.006557915057915104,1000,0.07157964285714336,123.15928571428714,113.15928571428714,1.5808864252106882,HOLDOUT
TAL,2026-01-23,stop,1.4857142857143995,2.4000000000001056,0.003946774921064277,1000,0.04374999999999751,-63.74999999999709,-73.74999999999709,-1.685714285714315,HOLDOUT
TAL,2026-01-26,eod,1.9423615502755438,0.858252778028735,0.010150389729481886,1000,0.11068999999999996,105.00000000000043,95.00000000000043,0.8582527780287331,HOLDOUT
TAL,2026-01-27,stop,3.354805970990737,1.1840491662320125,0.0023646090260649446,1000,0.02533678571428588,-45.336785714285455,-55.336785714285455,-2.184049166232021,HOLDOUT
TAL,2026-01-29,stop,1.4680676926013194,5.2263209856607,0.014202825271059085,880,0.17029187499999843,-167.45684999999824,-176.25684999999825,-1.176168123112156,HOLDOUT
TAL,2026-02-02,eod,0.9334107305746795,0.6587610913010997,0.012294363290839836,995,0.15073749999999997,120.09650000000113,110.14650000000113,0.73438925284021,HOLDOUT
TAL,2026-02-03,target,3.4235719267100237,3.550370886958563,0.003256193228736745,1000,0.03943250000000198,58.865000000004386,48.865000000004386,1.2392062385088933,HOLDOUT
TAL,2026-02-04,target,8.47473411685841,0.48427052096332546,0.003476366226366155,1000,0.04129923076922992,62.59846153846027,52.59846153846027,1.2735942185550067,HOLDOUT
TAL,2026-02-09,target,2.792321116928387,0.26849241508927196,0.007594820554649423,1000,0.09311250000000193,166.2250000000043,156.2250000000043,1.6778091018928827,HOLDOUT
TAL,2026-07-15,stop_gap,11.463166513659548,3.4736868223211426,0.0013579177897573443,1000,0.01439392857142785,-35.00000000000014,-45.00000000000014,-3.1263181400889937,HOLDOUT
TAL,2026-07-16,target,20.216606498194437,-0.4813477737666116,0.000996880998080635,1000,0.010387500000000216,0.7750000000008583,-9.224999999999142,-0.8880866425991769,HOLDOUT
TAL,2026-07-20,stop,1.5306401355711694,5.867453853022604,0.0019010322848827565,1000,0.01959964285714122,-39.59964285714079,-49.59964285714079,-2.5306401355710895,HOLDOUT
TAL,2026-07-21,stop,0.17823042647997395,4.633991088478626,0.0027369337979094538,1000,0.0280535714285719,-48.05357142857147,-58.05357142857147,-2.0693825588796613,HOLDOUT
TAL,2026-07-23,eod,0.94907613370108,0.8897588753447744,0.008171837130392814,1000,0.08429250000000188,-44.99999999999993,-54.99999999999993,-0.6524898419194911,HOLDOUT
TAL,2026-07-24,stop,0.73846153846156,1.5999999999999737,0.0039403491755577455,1000,0.040625000000000355,-60.62499999999993,-70.62499999999993,-1.7384615384615214,HOLDOUT
TAL,2026-07-28,eod,1.6797900262467071,0.559930008748919,0.006797098001902954,1000,0.07143750000000004,50.00000000000071,40.00000000000071,0.559930008748916,HOLDOUT
TAL,2026-07-31,stop,0.4008980115458686,2.8062860808210517,0.005049392712550605,1000,0.06235999999999997,-82.35999999999954,-92.35999999999954,-1.4810776138550286,HOLDOUT
TAL,2026-08-03,stop,-0.5978228736228823,6.5760516098516755,0.004942656752281003,1000,0.058545769230768485,-78.54576923076806,-88.54576923076806,-1.5124196059624613,HOLDOUT
TEM,2026-08-04,stop,-0.7042081326258557,4.799048014931818,0.008356786726242358,391,0.3834093749999994,-157.7330656249982,-161.6430656249982,-1.0782453480695302,HOLDOUT
TEM,2026-08-06,stop,0.4152327296403139,3.653715834651044,0.006594435925520182,498,0.3010359999999963,-159.87592799999618,-164.85592799999617,-1.0996558551136622,HOLDOUT
TEM,2026-08-13,target,2.097075106216141,2.6017626610798605,0.005600951648484725,491,0.30513928571428295,289.8267785714278,284.91677857142776,1.9016842425590306,HOLDOUT
TEM,2026-08-17,stop_gap,-0.10840108401085712,9.159891598915982,0.0036098610839366053,813,0.1844999999999999,-353.65499999999605,-361.78499999999605,-2.411924119241167,HOLDOUT
TEM,2026-08-18,eod,0.5308136782655691,0.5308136782655802,0.01289044217002565,234,0.6405260714285745,72.54000000000053,70.20000000000053,0.46836501023433424,HOLDOUT
TEM,2026-08-24,eod,1.127016133338733,0.4455732109253006,0.027522490281523627,80,1.8726440000000082,148.0399999999986,147.2399999999986,0.9828349648945418,HOLDOUT
TEVA,2024-11-25,target,4.88966094061626,-0.25735057582190357,0.004584955752212467,1000,0.07771500000000131,135.4299999999995,125.4299999999995,1.613974136267096,DEV
TEVA,2024-11-26,eod,1.852770885028865,0.6617038875103157,0.004568470374849079,1000,0.07556250000000375,-70.00000000000384,-80.00000000000384,-1.0587262200165408,DEV
TEVA,2024-11-27,eod,0.9080590238365913,0.7264472190692473,0.006654078549848729,1000,0.11012499999999648,-40.0000000000027,-50.0000000000027,-0.45402951191831376,DEV
TEVA,2024-12-02,eod,1.6886954827395766,0.45464878381450674,0.00460973053892214,1000,0.07698249999999973,29.999999999997584,19.999999999997584,0.2597993050368286,DEV
TEVA,2024-12-05,target,3.0303030303028566,3.544882790165672,0.004939282688506299,1000,0.08745000000000402,154.90000000000492,144.90000000000492,1.6569468267581275,DEV
TEVA,2024-12-06,eod,1.7549780627741982,-0.05399932500842625,0.010567047075606358,809,0.1851875000000014,141.57499999999771,133.4849999999977,0.890988862639195,DEV
TEVA,2024-12-09,stop_gap,0.27894002789399736,8.926080892608113,0.004188084112149525,1000,0.07169999999999987,-145.00000000000313,-155.00000000000313,-2.161785216178569,DEV
TEVA,2024-12-10,target,4.035622823928901,0.5539090150490615,0.0036045221179277164,1000,0.06318727272727287,106.37454545454261,96.37454545454261,1.525220844243614,DEV
TEVA,2024-12-13,stop,2.043944813489983,1.144609095554395,0.007412878787878979,1000,0.12231250000000315,-142.31250000000628,-152.31250000000628,-1.2452733776188236,DEV
TEVA,2025-10-22,stop,3.241703797518182,2.984073653610154,0.003082364125488007,1000,0.05861115384615445,-78.61115384615758,-88.61115384615758,-1.5118479680292365,DEV
TEVA,2025-10-23,eod,0.4006418828563772,0.8831238299010586,0.009881130449949498,802,0.1869499999999995,-96.32020000000347,-104.34020000000346,-0.6959079967906107,DEV
TEVA,2025-10-24,target,2.638575831454934,-0.12389407669780748,0.004270341695433839,1000,0.08152125000000154,143.04249999999996,133.04249999999996,1.6319977919867206,DEV
TEVA,2025-10-30,stop,0.846785575074912,1.8817457223887233,0.005289091102975281,1000,0.10628428571428827,-126.2842857142914,-136.2842857142914,-1.2822618583583338,DEV
TEVA,2025-11-04,target,5.656794213907676,0.4040567295648094,0.003024071358748767,1000,0.061872499999999775,103.74499999999642,93.74499999999642,1.5151319245221506,DEV
TEVA,2025-11-06,stop,0.3727026058464985,2.035529616546335,0.007200734339978856,860,0.17440178571428788,-167.18553571429027,-175.78553571429026,-1.1720165873137924,DEV
TEVA,2025-11-07,stop,1.8314079814586766,1.4938074889549144,0.004191799017096407,1000,0.10041454545454442,-120.41454545454755,-130.41454545454755,-1.2987614977910098,DEV
TGTX,2025-02-27,stop,3.130059363194856,1.762906997661463,0.009492827868852357,539,0.27794999999999703,-160.59505000000007,-165.98505000000006,-1.1079330814894888,DEV
TGTX,2025-03-05,target,3.785775579223668,0.15143102316895243,0.005613771606687441,757,0.1981099999999998,284.7985400000027,277.2285400000027,1.8485689768310736,DEV
TGTX,2025-03-12,stop,0.9187314020691978,1.8352510433556355,0.015648748668796387,255,0.5877669999999924,-154.98058499999703,-157.53058499999705,-1.051040633448282,DEV
TGTX,2025-03-18,stop,-0.06017969657397928,2.4974574078197445,0.008405108750632271,451,0.332338,-158.9044379999982,-163.4144379999982,-1.0902695448609427,DEV
TGTX,2025-12-26,eod,0.2814423922603281,0.6613896218117935,0.011592577487765095,422,0.35531250000000014,-59.08000000000174,-63.30000000000174,-0.4221635883905127,DEV
TGTX,2025-12-29,stop,2.3982059387748653,1.4060684661316738,0.0030188516112614645,1000,0.09252750000000276,-112.52750000000589,-122.52750000000589,-1.3242279322363864,DEV
TGTX,2025-12-30,target,4.368413013593976,-0.4887734840384765,0.005384046052631624,916,0.16367500000000135,281.5325999999996,272.3725999999996,1.8167099434855483,DEV
TGTX,2025-12-31,stop,0.30874936902412103,3.9108253409720537,0.004928957920672458,1000,0.14574928571428458,-165.7492857142877,-175.7492857142877,-1.205832912682761,DEV
TGTX,2026-01-02,eod,1.1670232571063361,0.38900775236878254,0.010573338229893502,486,0.3084771428571429,-60.75000000000173,-65.61000000000173,-0.43763372141488827,HOLDOUT
TGTX,2026-01-06,stop,3.2613126783529656,11.414594374235296,0.0014731468771448564,1000,0.04292750000000112,-62.927500000004244,-72.92750000000424,-1.6988527167899912,HOLDOUT
TGTX,2026-01-08,stop,0.29667452080507034,3.6993496369773666,0.008335029522095269,605,0.24774624999999872,-161.98648125000113,-168.03648125000115,-1.1210916411449348,HOLDOUT
TGTX,2026-01-09,target,12.316743326738933,0.7624650630838545,0.005625193513184227,879,0.1704996153846139,282.15832384614845,273.3683238461484,1.8240465239037107,HOLDOUT
TGTX,2026-01-12,stop,1.1675244956975253,1.266188537587473,0.010974991620903983,493,0.30406214285714483,-159.76263642857396,-164.69263642857396,-1.098664041889943,HOLDOUT
TGTX,2026-01-13,stop,0.5345806882726352,4.8646842632809975,0.013810446659283845,400,0.3741249999999994,-157.650000000001,-161.650000000001,-1.0801871032409038,HOLDOUT
TGTX,2026-01-16,stop,1.8687615841112666,3.154279106939405,0.005469587053571456,892,0.1680257142857151,-167.71893714286068,-176.63893714286067,-1.1785441003928148,HOLDOUT
TGTX,2026-04-17,stop,0.11398162758640004,2.2796325517280613,0.010084303160919626,427,0.35093375000000293,-158.38871124999955,-162.65871124999956,-1.0854862206897904,HOLDOUT
TGTX,2026-04-21,target,7.985308415252835,0.5517122177811116,0.0022502528100814137,1000,0.08265178571429033,145.30357142858463,135.30357142858463,1.637031435670372,HOLDOUT
TGTX,2026-04-24,stop,-0.13955160994252538,1.8249056684790457,0.012831336088154312,322,0.4657775000000015,-156.4203549999992,-159.6403549999992,-1.0644084353580754,HOLDOUT
TGTX,2026-04-27,target,3.442045628540835,0.9309447251569574,0.011217023907666854,367,0.4081874999999968,292.2696249999991,288.5996249999991,1.926504363803408,HOLDOUT
TGTX,2026-04-29,eod,1.1116625310173818,0.34408602150536666,0.011211053412462832,397,0.37781249999999744,39.700000000003385,35.730000000003386,0.23821339950374626,HOLDOUT
TGTX,2026-05-01,stop,-0.33919485852003944,2.570739980362431,0.008404351087771838,535,0.2800749999999965,-160.540124999996,-165.890124999996,-1.1071141658484207,HOLDOUT
TGTX,2026-05-05,target,3.1497410212938632,2.3331414972547124,0.007207511210762218,583,0.25716399999999595,288.1932239999976,282.3632239999976,1.8833429251372802,HOLDOUT
TOST,2024-11-18,stop,2.244672040866982,1.0735388021537688,0.008915525170913572,418,0.3586269999999985,-158.2660859999977,-162.4460859999977,-1.0836523741937896,DEV
TOST,2024-11-22,stop,0.38485760268697866,3.8339514379679063,0.0030390217969165755,1000,0.1299181818181836,-149.91818181817962,-159.91818181817962,-1.2309145616121697,DEV
TOST,2024-11-25,stop,0.30387670709070885,1.296540616920371,0.011557509950831112,303,0.4936212499999968,-155.62723874999782,-158.65723874999782,-1.0607753414181342,DEV
TOST,2025-05-02,stop,0.4311152764761172,2.4179943767572962,0.007463626189143668,562,0.2667499999999947,-161.15349999999478,-166.77349999999478,-1.112464854732883,DEV
TOST,2025-05-06,stop,0.11697860962565743,3.2419786096256753,0.008576752185753161,501,0.299199999999999,-159.91919999999752,-164.9291999999975,-1.1002673796791314,DEV
TOST,2025-05-09,eod,1.8917507907886857,0.33167059319021786,0.009856649888433423,368,0.4070303571428582,160.08000000000084,156.40000000000083,1.0441481637470031,DEV
TOST,2025-05-13,stop,1.3631341222779085,2.2836488941326594,0.009436120749289895,357,0.41954785714285237,-156.91858499999688,-160.48858499999687,-1.071505549341374,DEV
TOST,2025-05-15,target,3.0218687872763144,3.7640821736248853,0.004218854842317195,795,0.18862500000000182,284.01375000000604,276.06375000000605,1.8409542743538994,DEV
TOST,2025-05-16,stop,1.4000439229465693,1.1804291899353825,0.0040614816112642185,823,0.18213714285714389,-166.35886857142614,-174.58886857142613,-1.1647110497584008,DEV
TOST,2025-05-20,target,2.035449695314642,1.0619737540772483,0.0038382181677019092,884,0.1694957142857163,281.98842285714994,273.14842285714997,1.823004374320489,DEV
TTD,2025-05-02,stop,0.3199975619233348,2.3006300904373735,0.012191250232212682,228,0.6562550000000087,-154.18614000000107,-156.46614000000108,-1.045713937417613,DEV
TTD,2025-05-06,stop_gap,13.909259057772022,44.82646066803863,0.00041371083903498745,1000,0.022977500000003204,-89.9999999999963,-99.9999999999963,-4.352083560003584,DEV
TTD,2025-05-07,stop,2.6582317607178867,2.720051103990428,0.004323636849608024,618,0.24264250000000231,-162.31306499999897,-168.49306499999898,-1.1236386865450023,DEV
TTD,2025-05-09,target,2.9116752550567484,0.7824794561121422,0.012926743077331373,159,0.9393217857142844,295.5243278571408,293.93432785714083,1.9680620630158203,DEV
TTD,2025-05-13,target,6.602142766454069,1.7970329423484783,0.0032109570998494754,585,0.2559775000000002,287.7936749999942,281.9436749999942,1.8828021994120174,DEV
TTD,2025-05-14,eod,1.6003671984286454,0.9125130990806017,0.010184338046061123,187,0.7998789285714452,-115.92130000000289,-117.79130000000289,-0.7874941788065277,DEV
TTD,2025-05-15,target,2.671936069017495,3.8607930284310163,0.005270719764073924,374,0.4010575000000074,292.5110100000017,288.7710100000017,1.9251977584261366,DEV
TTD,2025-05-16,stop,1.2845651678939298,3.3993400461489913,0.0027484518750293552,713,0.21018785714286992,-164.12394214287355,-171.25394214287354,-1.1427294630993763,DEV
TTD,2025-05-20,stop,0.6229590555136028,5.010198442602086,0.0032654701752085295,602,0.24881250000001387,-161.8251250000145,-167.84512500001452,-1.120572720422039,DEV
TTD,2026-03-09,stop,0.7342272258448016,1.1275632396902258,0.013494456239679164,393,0.3813533333333332,-157.73186000000118,-161.66186000000118,-1.0786672027690938,HOLDOUT
TTD,2026-03-10,stop,0.058283761779693855,1.8942222578400867,0.012560349560761254,437,0.34314874999999745,-158.69600375000024,-163.06600375000025,-1.0874256426695517,HOLDOUT
TTD,2026-03-11,target,2.8269007878976398,-0.028269007878970777,0.00647172129005278,848,0.17687214285714248,283.015154285711,274.535154285711,1.8303859527261237,HOLDOUT
TTD,2026-03-12,target,3.675841909175759,0.13195329930374552,0.009664614944174017,565,0.2652453571428559,288.4272535714254,282.77725357142543,1.8868971720253498,HOLDOUT
TTD,2026-03-16,target,3.924347304736467,0.8350138987300482,0.006635443037974677,817,0.1834699999999998,283.44997999999714,275.2799799999971,1.8364855289692965,HOLDOUT
TTD,2026-03-18,stop,0.6141450771519785,1.057694299539528,0.012403316002659972,511,0.29309035714285514,-159.98917250000056,-165.09917250000058,-1.102357512858674,HOLDOUT
TTD,2026-03-19,stop,1.1375426578496954,2.4197574075695,0.007339847692448691,875,0.1714221428571392,-167.49437499999954,-176.24437499999954,-1.1750065627461248,HOLDOUT
TTD,2026-03-23,target,14.248418071597268,-2.890983376845829,0.0019830642330640725,1000,0.04842642857142465,76.85285714284618,66.85285714284618,1.3805035621044033,HOLDOUT
TTD,2026-03-24,target,4.81679858506537,0.49146398063245583,0.016969135802469282,376,0.39860500000000343,292.2309600000014,288.4709600000014,1.9247375221083458,HOLDOUT
TXN,2026-04-21,target,2.5955432398106466,1.8981641842743404,0.004637502677232806,139,1.071664943772248,295.1428543686875,293.7528543686875,1.9720061758347884,HOLDOUT
TXN,2026-04-22,stop,0.8935778455524075,1.1553682299915982,0.006075598040463121,105,1.4179422680050209,-150.98393814052528,-152.0339381405253,-1.0211574199295086,HOLDOUT
TXN,2026-04-24,stop,1.2020353792345762,2.893134172569459,0.003075163855496558,178,0.8399702296435976,-153.07470087655713,-154.85470087655713,-1.0357155515055705,HOLDOUT
TXN,2026-04-27,target,4.048770402007127,0.5184401124520901,0.00445857182168408,124,1.2028817211993328,295.8346668574368,294.5946668574368,1.9750598920315536,HOLDOUT
TXN,2026-04-28,eod,1.3544358311800266,0.913006029285094,0.008684269578876505,65,2.2984930095622644,151.83387966377694,151.18387966377693,1.0119264367152196,HOLDOUT
TXN,2026-04-29,stop,1.4285714285714552,1.676386170906755,0.005682829181494528,98,1.5174805302651748,-150.67309196598535,-151.65309196598534,-1.019769611142714,HOLDOUT
U,2024-12-18,stop,6.289816786622453,1.2280118488167642,0.013762283594394084,449,0.33387300000000053,-158.88897700000163,-163.37897700000164,-1.089854525523187,DEV
U,2024-12-19,eod,1.4148337966442506,0.9054936298523171,0.019650711743772104,339,0.4417479999999969,67.79999999999856,64.40999999999856,0.4301094741798425,DEV
U,2024-12-20,stop,-0.06747922904980631,4.217451815612984,0.01355844007319312,506,0.2963875000000016,-160.09207500000238,-165.15207500000238,-1.101218843574722,DEV
U,2024-12-30,stop,-0.22732796955903847,3.934522550060204,0.013143208457825914,524,0.28593050000000275,-160.3075820000031,-165.5475820000031,-1.10492060133495,DEV
U,2024-12-31,eod,0.9595087315294569,0.9925952395132366,0.013403015521064262,496,0.3022379999999991,29.759999999999366,24.799999999999365,0.16543253991886814,DEV
U,2025-01-03,eod,0.7373234906499054,0.5617702785904071,0.023893785953978966,263,0.5696278571428586,-71.01000000000082,-73.64000000000081,-0.49154899376661115,DEV
U,2025-01-08,stop,0.11052586132458085,3.564459027717806,0.01626544943820227,414,0.36190625000000054,-158.10918750000152,-162.2491875000015,-1.082894395993446,DEV
U,2025-01-10,eod,1.1437658883574815,0.2820244656223921,0.029520929694727124,235,0.6382425000000005,164.49999999999983,162.14999999999984,1.0810937848858369,DEV
U,2025-02-04,stop,3.4852520371891718,1.2309276513163654,0.005788457129757048,1000,0.12624625000000123,-146.24625000000435,-156.24625000000435,-1.2376308207174695,DEV
U,2025-02-05,target,4.177516052360856,0.24974280747811853,0.004136098459949269,1000,0.08809062499999953,156.18124999999594,146.18124999999594,1.6594416261661977,DEV
U,2025-02-06,target,5.027757410705126,12.569393526762928,0.002251650943396124,1000,0.04773725281985719,75.47450563971125,65.47450563971125,1.3715599824478364,DEV
U,2025-02-07,eod,1.9097057764810346,0.1373927211412713,0.008846115170610862,796,0.1884211605022088,190.94168171020954,182.98168171020953,1.22001416373757,DEV
U,2025-02-10,target,5.633530552928203,0.5882068665557417,0.008508399906015122,828,0.18105875000000182,283.27329000000043,274.99329000000046,1.8343079249138594,DEV
U,2025-02-11,stop,1.8158817595157248,1.1881695463498048,0.011238707123061046,672,0.22303214285714645,-163.31760000000452,-170.03760000000452,-1.1345097599641425,DEV
U,2025-02-12,stop,0.858095079999464,4.0282796811086525,0.004371966742094999,1000,0.08390678571428722,-103.90678571429035,-113.90678571429035,-1.3575396166664846,DEV
U,2025-02-13,stop,0.8569920844327106,4.052770448548794,0.011758500868701975,633,0.23687500000000128,-162.6018750000028,-168.9318750000028,-1.126649076517163,DEV
U,2025-02-18,stop,1.3605947035759012,2.646975150593097,0.009394259818731114,742,0.20211749999999995,-164.8111850000023,-172.23118500000228,-1.1484285131173853,DEV
U,2025-02-19,target,4.567829429872687,5.229833695071585,0.0035285313845228317,1000,0.07552821428571121,131.0564285714193,121.0564285714193,1.6027974408805972,DEV
U,2025-02-24,stop,0.7023316761340477,3.173498684753856,0.014301850818452493,390,0.384433750000003,-157.7291625000024,-161.6291625000024,-1.0780368529037914,DEV
U,2025-05-23,stop,0.5893757270259877,1.1632415664986522,0.015406212664277056,465,0.3223749999999974,-159.20437500000025,-163.85437500000026,-1.093059325319902,DEV
U,2025-05-29,target,4.041544366674241,-0.22578460149018437,0.009147046674927602,677,0.22144999999999726,286.3032999999942,279.5332999999942,1.8645292391058772,DEV
U,2025-06-02,stop,0.5071315372424687,1.75382989963022,0.01827220077220078,316,0.47325000000000017,-155.86700000000104,-159.02700000000104,-1.0633914421553157,DEV
U,2025-06-04,stop,3.726691578016209,3.056169032155276,0.018308789149438214,306,0.48946899999999616,-155.89751399999977,-158.95751399999978,-1.0612909091280618,DEV
U,2025-06-05,stop,6.109861889127882,1.436182675133655,0.008094802955665061,730,0.20540562500000092,-164.54610625000296,-171.84610625000298,-1.1460524754373353,DEV
U,2025-06-11,target,3.6486671848566834,0.44808193498240134,0.006384202230135988,960,0.15622142857142762,280.74514285713803,271.145142857138,1.807964885007523,DEV
U,2025-07-18,stop_gap,-0.26240394141431517,9.821404664363348,0.0037330574547201545,1000,0.1333821428571511,-207.59999999999934,-217.59999999999934,-1.631402790049965,DEV
U,2025-07-21,eod,1.0853550654861155,0.6889155060788928,0.013317035029190993,313,0.47901375,9.390000000000356,6.260000000000356,0.04175245491387489,DEV
U,2025-07-22,stop,0.0854199934985925,1.2338443505351757,0.01548071554510728,284,0.5268087500000007,-155.29368499999907,-158.13368499999908,-1.0569466623323853,DEV
U,2025-07-23,stop,0.805374817201136,2.4585125998770825,0.007175030413625259,635,0.23591499999999854,-162.50602499999655,-168.85602499999655,-1.127164444821212,DEV
U,2025-07-25,target,2.2112166235024593,0.09087191603435148,0.009958823529411935,454,0.3301350000000056,290.6825800000069,286.1425800000069,1.9091280839656641,DEV
U,2025-07-28,stop_gap,4.457252641690439,17.060518731987585,0.0019842177493139177,1000,0.06506250000000335,-99.99999999999432,-109.99999999999432,-1.6906820365031876,DEV
U,2025-10-24,stop,0.9821428571429613,3.4821428571429616,0.0030050979339950297,1000,0.11199999999999477,-131.9999999999908,-141.9999999999908,-1.26785714285712,DEV
U,2025-10-28,stop,17.306191928505285,1.985956450812092,0.001860026385224303,1000,0.07049500000000108,-90.4949999999971,-100.4949999999971,-1.4255620966025329,DEV
U,2025-11-03,stop,1.360743393074854,1.2263489838822552,0.00789787524403418,503,0.2976314285714281,-159.76860857142634,-164.79860857142634,-1.1007958068944201,DEV
U,2025-11-06,eod,1.5827343802363265,0.7828510824524809,0.023354927146203557,157,0.9511387499999984,121.73780000000075,120.16780000000075,0.8047196058408999,DEV
U,2025-11-07,target,3.039057004514228,0.12975749008038115,0.018269120399251212,204,0.7321349999999924,294.6310799999977,292.5910799999977,1.959023950500937,DEV
U,2026-03-27,stop,0.7408991772839447,1.09147558377473,0.0396903860448451,202,0.7422062499999988,-153.9656625000004,-155.98566250000042,-1.0404200314939456,HOLDOUT
U,2026-03-30,stop,3.6281682840707705,1.6845067033185748,0.011461474540311163,647,0.2315217857142855,-162.73459535714474,-169.20459535714474,-1.1295774387168267,HOLDOUT
U,2026-04-01,stop,0.5409991641160646,1.5078591944089943,0.018171716110405647,377,0.3977825000000017,-157.50400250000183,-161.27400250000184,-1.07541809908682,HOLDOUT
U,2026-04-02,stop_gap,-1.5657392253136906,9.890889252591286,0.006092534733763278,1000,0.13092857142857284,-360.00000000000296,-370.00000000000296,-2.8259683578832435,HOLDOUT
U,2026-04-07,stop,1.8668148045274362,2.225493599981472,0.007608235483896031,902,0.1661653846153861,-167.92117692308108,-176.9411769230811,-1.1805430178460001,HOLDOUT
U,2026-04-08,target,4.266752948955022,0.40515161533104743,0.00934093298291739,703,0.21325350000000398,285.7744210000034,278.7444210000034,1.859322355787818,HOLDOUT
U,2026-04-10,stop,0.6990986826901032,4.211925121331201,0.008241512308937611,866,0.1730799999999988,-167.20728000000167,-175.86728000000167,-1.1733302519066522,HOLDOUT
U,2026-04-14,stop,0.5838563713326678,2.423003941030532,0.007335117773019179,875,0.17127499999999785,-167.36562500000085,-176.11562500000085,-1.1751569113998162,HOLDOUT
U,2026-08-05,stop,4.3043995243757065,2.8038049940546745,0.005845148735057049,713,0.21025000000000205,-164.16824999999864,-171.29824999999863,-1.1426872770511094,HOLDOUT
U,2026-08-07,eod,1.030477757280027,0.6708354296940524,0.018891490931035572,186,0.8049664285714258,-76.25999999999937,-78.11999999999937,-0.5217608897620374,HOLDOUT
U,2026-08-13,stop,1.6786671382921101,6.826579695721346,0.004005226676058309,839,0.17871321428572173,-166.7203867857172,-175.1103867857172,-1.1678667138291903,HOLDOUT
U,2026-08-14,stop,0.7580483306663863,2.2036288682162044,0.006197379589709999,528,0.2836230769230781,-160.31298461538313,-165.59298461538313,-1.1057741856743637,HOLDOUT
U,2026-08-17,stop,24.21774539219733,2.5717959708529214,0.0010110509209101367,1000,0.04666000000000281,-66.65999999999883,-76.65999999999883,-1.6429489927131207,HOLDOUT
U,2026-08-18,stop_gap,0.17899894838118904,8.770948470677924,0.0036609600262122377,894,0.16759874999999624,-205.61999999999722,-214.55999999999722,-1.4319915870494395,HOLDOUT
U,2026-08-19,stop,0.8500590318772039,4.297520661157,0.004525539645223384,708,0.2117500000000021,-164.07899999999867,-171.15899999999868,-1.1416765053128488,HOLDOUT
U,2026-08-24,eod,1.7148375850941258,0.6265752714766886,0.006522600866545758,494,0.3032357142857123,153.14000000000465,148.20000000000465,0.9893293760158668,HOLDOUT
UEC,2025-05-22,stop,0.3885429638854211,2.002490660024883,0.009822389666308,1000,0.05018750000000072,-70.18750000000028,-80.18750000000028,-1.597758405977567,DEV
UEC,2025-05-27,eod,0.9986667798489043,0.5988006011974019,0.03708648148148139,599,0.25033374999999936,89.85000000000021,83.86000000000021,0.5592533967153879,DEV
UEC,2025-05-28,target,2.6572893876719412,0.8769054979317429,0.017131562974203377,1000,0.11289700000000025,205.79400000000092,195.79400000000092,1.7342710612328094,DEV
UEC,2025-05-30,stop,1.6919222049874405,2.4841904307361626,0.00712561002567647,1000,0.04190500000000075,-61.90500000000032,-71.90500000000031,-1.7159050232668902,DEV
UEC,2025-06-04,eod,0.8782715615668338,0.5123250775806482,0.022037419354838796,1000,0.13663200000000053,30.00000000000025,20.00000000000025,0.146378593594474,DEV
UEC,2025-06-06,stop,0.7312361287076315,1.8386033012552714,0.013982370486143363,1000,0.08560846153846136,-105.60846153846093,-115.60846153846093,-1.3504326495403898,DEV
UEC,2025-06-09,stop,1.538001452556946,3.674114581108227,0.008859576078728202,1000,0.05851749999999978,-78.51749999999936,-88.51749999999936,-1.512667150852304,DEV
UEC,2025-06-12,stop,1.1322253105678053,1.930909297180778,0.007074351113180052,1000,0.0440725000000004,-64.07249999999998,-74.07249999999998,-1.6806965794996722,DEV
UMC,2025-03-20,eod,0.46226829748859494,0.8335985692417252,0.009825614296351513,1000,0.06100850683818759,-33.86998291233301,-43.86998291233301,-0.7190797674935568,DEV
UMC,2025-03-24,stop,-0.19233543299514547,4.42371495888842,0.003877143922445836,1000,0.024037836480669483,-44.03783648066906,-54.03783648066906,-2.2480324518441868,DEV
UMC,2025-03-25,target,2.439024390243845,0.7967479674796232,0.002735359525574555,1000,0.017060078035714632,14.12015607142969,4.12015607142969,0.24150862984356217,DEV
UMC,2025-03-26,stop,4.198895027624131,1.418784530386705,0.0034048156508654343,1000,0.020920557091528735,-40.92055709152831,-50.92055709152831,-2.4339962300596354,DEV
UMC,2025-03-27,eod,1.52505446623092,0.3050108932462016,0.004922779922779941,1000,0.030315819287865864,-1.5066897590356731,-11.506689759035673,-0.37956057363230533,DEV
UMC,2025-03-28,target,7.743250127355919,-0.40753948038712895,0.0018546863189720783,1000,0.011344489806297986,2.6889796125963983,-7.311020387403602,-0.644455635487885,DEV
UMC,2025-04-01,stop,1.7902274641954745,1.1288963774220775,0.006797423049391459,1000,0.043903116647563856,-63.90311664756343,-73.90311664756342,-1.683322786416901,DEV
UMC,2025-04-02,eod,0.6896551724137906,0.7279693486590069,0.01946308724832216,1000,0.12066884464285721,-33.86998214285697,-43.86998214285697,-0.3635568258956872,DEV
UMC,2025-04-03,stop,2.870707739869774,1.4353538699348765,0.006892694063926784,1000,0.04187347843322886,-61.873478433228435,-71.87347843322843,-1.7164439430996243,DEV
UMC,2025-04-08,target,5.62698365033237,0.5174237839386118,0.012032073374096784,1000,0.07148225895897564,122.96451791795171,112.96451791795171,1.5803154455818629,DEV
USAR,2025-04-30,target,8.326776044941061,0.7800807154880403,0.01232560145080599,1000,0.14088285714285753,261.7657142857155,251.7657142857155,1.7870571295301099,DEV
USAR,2025-05-29,target,2.7828690420212907,0.4049554261148343,0.012570446320868624,1000,0.10420900000000088,188.4180000000022,178.4180000000022,1.7121169956529732,DEV
USAR,2025-06-03,stop,0.6454388984509435,1.362593230063108,0.031159776536312953,537,0.2788800000000009,-160.49856000000025,-165.86856000000026,-1.1075731497418224,DEV
USAR,2025-06-11,stop_gap,4.488784880458722,8.430156970617592,0.007656223805532292,1000,0.09133875000000025,-150.00000000000034,-160.00000000000034,-1.7517209289595042,DEV
USAR,2025-07-08,stop,0.25324088031352765,3.9674404582453566,0.012430670064458263,1000,0.11846428571428724,-138.4642857142868,-148.4642857142868,-1.2532408803135293,DEV
USAR,2025-07-09,stop_gap,0.8783670737828335,2.0495231721599363,0.00699882903981271,1000,0.06830857142857205,-115.00000000000021,-125.00000000000021,-1.8299314037142242,DEV
USAR,2025-07-10,stop,1.1515727481515168,2.087878067920846,0.024959029649595534,539,0.2777939999999983,-160.51096599999886,-165.90096599999885,-1.107993693168318,DEV
USAR,2025-07-11,eod,1.1411475820045078,0.5087043437851444,0.033318277599633676,412,0.3636690000000016,76.21999999999947,72.09999999999947,0.4812068116886453,DEV
USAR,2025-07-17,stop,1.2323781745562405,4.469670095778615,0.01844805855834032,551,0.27183214285714463,-160.79951071428647,-166.30951071428646,-1.1103622245871247,DEV
USAR,2025-07-18,eod,1.4086632791668712,0.4427227448810188,0.025448531922157843,402,0.3726937500000016,2.010000000000314,-2.0099999999996863,-0.0134158407539681,DEV
USAR,2025-07-23,target,2.2133026515716985,0.3161860930816739,0.01474449624449631,790,0.1897616666666675,284.023433333335,276.123433333335,1.8419069534591668,DEV
USAR,2025-07-24,stop,1.8387622954871237,1.1665266175671,0.020190618762475045,593,0.25288749999999993,-161.8222874999997,-167.7522874999997,-1.1186298255152969,DEV
USAR,2025-07-28,stop,0.3482716602268379,2.317922867825494,0.02072261645775057,624,0.2400424999999995,-162.26651999999942,-168.50651999999943,-1.1249778685024512,DEV
USAR,2025-10-02,stop_gap,-1.777243873239727,13.54325655255823,0.015792164760914836,493,0.3038412500000014,-337.7050000000029,-342.6350000000029,-2.287378688706694,DEV
USAR,2025-10-08,target,16.580368240166234,0.2012791288639437,0.00683857536132141,754,0.19872900000000016,284.60333199999786,277.06333199999784,1.8490406533520365,DEV
USAR,2025-10-17,eod,1.7663103502192805,0.23905549254316721,0.03540688314609888,148,1.0072974999999964,103.48159999999964,102.00159999999964,0.6842069994217201,DEV
USAR,2025-10-21,eod,1.618472877976425,0.5439130163691271,0.02735112481857773,198,0.7537970000000023,160.37999999999903,158.39999999999904,1.0612936904763388,DEV
USAR,2026-01-20,stop,1.3761084854456447,1.0661500693064327,0.03902437434827962,200,0.7484875000000031,-153.69750000000124,-155.69750000000124,-1.0400808296731783,HOLDOUT
USAR,2026-01-28,eod,1.4527025244742233,0.8286854644752379,0.024483655451885362,246,0.6092782142857125,-77.46540000000037,-79.92540000000037,-0.5332539263379015,HOLDOUT
USAR,2026-01-30,target,2.0585369058438316,0.36498881309287795,0.028986563690224353,218,0.6849525000000014,294.27928999999995,292.09928999999994,1.95620134242885,HOLDOUT
USAR,2026-02-02,stop,3.7781321024105123,2.0392428502550444,0.026161609895480904,237,0.6325877272727283,-154.66329136363734,-157.03329136363735,-1.0474242523315178,HOLDOUT
USAR,2026-02-05,target,5.022127705533141,0.5796147387747834,0.012712618502778569,540,0.27777071428571176,289.192371428567,283.79237142856704,1.8919972536444376,HOLDOUT
USAR,2026-02-06,stop,-0.23711321138587302,2.1732295115319884,0.025975018015853887,277,0.5406699999999987,-155.3055900000005,-158.07559000000052,-1.0554867109327377,HOLDOUT
USAR,2026-04-16,stop,0.9414954337899488,1.626712328767122,0.019252747252747282,428,0.3504000000000005,-158.53120000000155,-162.81120000000155,-1.0856164383561733,HOLDOUT
USAR,2026-04-21,eod,1.0783530922914075,0.6834632275086366,0.02839204090433059,227,0.6584114285714264,72.63999999999926,70.36999999999927,0.4708302233948344,HOLDOUT
USAR,2026-04-22,stop,0.306049559464033,1.2641177456123314,0.030487313295224156,199,0.7515122727272754,-153.53094227272842,-155.52094227272843,-1.039919507756183,HOLDOUT
USAR,2026-04-28,stop,0.12248801638891751,5.323825548930127,0.011314327769151223,600,0.249820357142859,-161.89221428571727,-167.89221428571727,-1.1200862905773836,HOLDOUT
USAR,2026-05-04,stop,0.8487260507285856,3.1081724290195427,0.016910298681148215,344,0.43594750000000104,-156.84594000000143,-160.28594000000143,-1.0688156257347572,HOLDOUT
UUUU,2026-08-04,stop,0.4502133745904276,2.915916856358937,0.010553537462214211,1000,0.13371437500000027,-153.71437499999985,-163.71437499999985,-1.2243588245467214,HOLDOUT
UUUU,2026-08-10,stop,3.018279067618613,1.8684584704305893,0.004887676250690054,1000,0.06957607142857292,-89.57607142857249,-99.57607142857249,-1.431182723945512,HOLDOUT
UUUU,2026-08-12,eod,1.0011199341681045,0.6864822405724245,0.011972892518440496,858,0.17480423076923124,94.37999999999951,85.79999999999951,0.5720685338103457,HOLDOUT
UUUU,2026-08-13,target,2.043831295055902,0.9774845324180564,0.007739597661623162,1000,0.11253375000000077,205.06750000000196,195.06750000000196,1.7334133093405368,HOLDOUT
UUUU,2026-08-14,target,2.226109079344891,2.0989028462394494,0.0052009593119417925,1000,0.0786125000000002,137.22500000000082,127.22500000000082,1.61838130068374,HOLDOUT
UUUU,2026-08-24,stop_gap,3.176873857404024,2.8560329067641628,0.004868161379104727,1000,0.0729333333333333,-143.29999999999998,-153.29999999999998,-2.1019195612431454,HOLDOUT
VET,2026-03-09,stop,2.8572755993310643,3.4147927894444114,0.006236129219179918,1000,0.07055518782003922,-90.5551878200388,-100.5551878200388,-1.425199066530993,HOLDOUT
VET,2026-03-13,target,4.052868711362455,9.568458395078153,0.002039861059712867,1000,0.02365627734651099,27.312554693022406,17.312554693022406,0.731837661498156,HOLDOUT
VET,2026-03-18,stop,0.7017461784072856,2.9473339493105524,0.008650445163901172,1000,0.10596530159793716,-125.96530159793673,-135.96530159793673,-1.2831115426239073,HOLDOUT
VET,2026-03-20,eod,1.5121624792512394,0.53881651559526,0.020123644630989642,525,0.28521559536896746,200.31271247300248,195.06271247300248,1.3026918225753015,HOLDOUT
VET,2026-03-23,eod,0.5428875366217499,0.3889343545946957,0.02361541195123286,490,0.3059055900976393,2.345588477760554,-2.5544115222394463,-0.017041482431230687,HOLDOUT
VFC,2024-10-22,target,2.014863748967808,0.7266721717588683,0.008409722222222197,1000,0.1458331425196846,271.6662850393661,261.6662850393661,1.7942854451212713,DEV
VFC,2024-10-23,target,3.8787061142320516,0.6745575850838215,0.006749928856004658,1000,0.11425442749724013,208.50885499447713,198.50885499447713,1.7374281184794542,DEV
VFC,2024-10-24,target,4.601592045063916,-0.5818104884563274,0.005578784302153923,1000,0.09107165205340806,162.143304106813,152.143304106813,1.6705890436421431,DEV
VFC,2024-10-25,eod,1.9993463675336312,0.4998365918834432,0.007672123893805463,1000,0.1252816230878686,191.94576449491407,181.94576449491407,1.4522941195238428,DEV
VFC,2024-11-04,stop_gap,2.3360084397722556,6.480539542594114,0.0031506410256411954,1000,0.06392332509008725,-164.5084776536372,-174.5084776536372,-2.7299655862347914,DEV
VFC,2025-07-29,target,6.323268206039063,0.9946714031971492,0.005645808263136811,1000,0.06888369699596808,117.76739399193659,107.76739399193659,1.5644833057994036,DEV
VFC,2025-08-01,stop_gap,-3.2244913086985716,12.339794670322915,0.003998962501852885,1000,0.04401541732633163,-161.9273306174964,-171.9273306174964,-3.906070669348015,DEV
VFC,2025-08-05,stop,1.7073951552662292,2.1114786753458947,0.005808471074380235,1000,0.068793158415561,-88.79315841556057,-98.79315841556057,-1.4360898771179778,DEV
VFC,2025-08-06,stop_gap,-1.085179016857955,5.30531963797227,0.006868374741200772,1000,0.08117815416481378,-240.2320738172925,-250.2320738172925,-3.0825050950191994,DEV
VFC,2025-08-07,eod,0.9613223800843975,0.9176259082623831,0.009444961971581794,1000,0.11200094318885512,43.622598755186814,33.622598755186814,0.30019924652324265,DEV
VFC,2025-08-08,target,4.624086536476686,2.3120432682382908,0.0014649207693237987,1000,0.016934098549269194,13.868197098538815,3.8681970985388148,0.2284265139525688,DEV
VFC,2025-08-11,stop,0.5588982717817578,1.187658827536229,0.012150997453310606,1000,0.14010551969465546,-160.10551969465502,-170.10551969465502,-1.2141243261891554,DEV
VFC,2025-08-15,stop,0.7691900909086402,1.442231420453709,0.007960619977038001,1000,0.10180153757890054,-121.80153757890011,-131.8015375789001,-1.2946910303466517,DEV
VG,2026-02-11,stop,11.865770269492645,1.287134402114495,0.0024774717061714796,1000,0.0247931028580215,-44.79310285802107,-54.79310285802107,-2.2100139370128677,HOLDOUT
VG,2026-02-12,stop,4.58170889334921,1.5552589821460534,0.012282008260196046,1000,0.11862433915086079,-138.62433915086035,-148.62433915086035,-1.252899196022892,HOLDOUT
VG,2026-02-20,target,11.179982507510172,0.26619005970266374,0.0019157135572230204,1000,0.018731948591552694,17.463897183105814,7.463897183105814,0.3984581287219479,HOLDOUT
VG,2026-02-23,target,11.471966391986085,-0.32315398287286046,0.0032251172485668763,1000,0.030859955395545313,41.71991079109105,31.719910791091053,1.0278663849160934,HOLDOUT
VG,2026-02-25,stop,0.6681222186429883,2.1475357027810857,0.011444156198798402,1000,0.10448330349368895,-124.48330349368852,-134.48330349368854,-1.2871272155154594,HOLDOUT
VG,2026-03-03,target,4.296804058779661,0.5100522803587324,0.025623465346534677,464,0.32260717165008757,290.09945529128146,285.4594552912815,1.907007646957896,HOLDOUT
VIAV,2025-01-13,target,2.067946824224572,4.921713441654402,0.002464686180282483,1000,0.02417857142857116,28.357142857142748,18.357142857142748,0.759231905465292,DEV
VIAV,2025-01-15,target,2.404006677796325,0.4006677796327149,0.004869918699186964,1000,0.04991666666666639,79.8333333333332,69.8333333333332,1.3989983305509233,DEV
VIAV,2025-01-16,target,2.4086021505375452,0.9032258064516129,0.0032852903772786326,1000,0.03321428571428697,46.42857142857437,36.42857142857437,1.096774193548434,DEV
VIAV,2025-01-27,target,2.2144249512670613,0.7173489278752456,0.016031249999999986,935,0.16031249999999986,281.08437500000014,271.7343750000001,1.8128654970760258,DEV
VIAV,2025-01-28,stop,-0.33831406822668897,5.413025091626823,0.004587428867045966,1000,0.04433749999999925,-64.33749999999883,-74.33749999999883,-1.6766281364533426,DEV
VIAV,2025-01-29,target,4.213483146067624,5.898876404494514,0.0018016194331983168,1000,0.017799999999999372,15.59999999999917,5.59999999999917,0.31460674157299817,DEV
VIAV,2025-01-30,target,16.677302701553355,2.3824718145075616,0.0008323889793894539,1000,0.008394642857142642,-3.210714285714289,-13.210714285714289,-1.573707721761368,DEV
VIAV,2025-02-03,stop_gap,-1.0953545232273798,5.4376528117359015,0.01087765957446817,1000,0.127812500000001,-189.9999999999995,-199.9999999999995,-1.5647921760391037,DEV
VIAV,2025-07-31,target,2.3976771196282787,0.5284552845528364,0.006505969472570791,1000,0.06623076923077065,112.46153846154172,102.46153846154172,1.5470383275261486,DEV
VIAV,2025-08-05,stop_gap,11.551445086705103,4.161849710982609,0.0010839598997493848,1000,0.010812500000000114,-50.00000000000071,-60.00000000000071,-5.549132947976886,DEV
VIAV,2025-08-07,stop,0.5007587253414435,2.16995447647949,0.005961103573043893,1000,0.059909090909091134,-79.90909090909071,-89.90909090909071,-1.5007587253414174,DEV
VIAV,2025-08-12,stop,0.6431488568028756,6.431488568029121,0.003564534617148069,1000,0.03887124999999969,-58.871249999999264,-68.87124999999926,-1.7717786281634835,DEV
VIAV,2025-08-13,stop,1.5130822664793173,1.5130822664793662,0.0033060157214318364,1000,0.03634964285714304,-56.34964285714261,-66.34964285714261,-1.825317599897802,DEV
VIAV,2025-08-14,stop,0.8435549817086367,5.302345599311404,0.007986731747559426,1000,0.08298214285714245,-102.98214285714202,-112.98214285714202,-1.3615235635894092,DEV
VIAV,2025-08-15,target,3.6897127295088823,2.8697765673958133,0.003411488511488538,1000,0.03658821428571457,53.17642857142957,43.17642857142957,1.1800638378869255,DEV
VIAV,2025-10-22,target,2.6901521216974404,0.2562049639711783,0.005904878971255516,1000,0.07806249999999793,136.12499999999628,126.12499999999628,1.6156925540432299,DEV
VIAV,2025-10-24,stop,1.0764262648009153,9.47255113024791,0.0034458456973292524,1000,0.046449999999998326,-66.4499999999979,-76.4499999999979,-1.6458557588805307,DEV
VIAV,2025-10-28,stop,0.8476087007705867,2.3073792409865934,0.007663736660308258,1000,0.10618107142857092,-126.18107142857049,-136.18107142857048,-1.2825362335901918,DEV
VIAV,2025-11-04,target,2.729018235689761,0.4288457227512442,0.007497880736626609,1000,0.12825124999999815,236.50249999999318,226.50249999999318,1.7660841512265686,DEV
VIAV,2025-11-06,stop,1.0054582016661657,2.6219256181910384,0.00743070607553377,1000,0.12929428571428758,-149.2942857142907,-159.2942857142907,-1.232028815769141,DEV
VIAV,2025-11-07,stop,0.4885109462637808,6.622037271576,0.005354063741160462,1000,0.09211666666666574,-112.11666666666886,-122.11666666666886,-1.3256739641759012,DEV
VIAV,2025-11-10,stop,0.9787300976982408,5.592743415418526,0.003960202104097452,1000,0.07152124999999998,-91.5212500000031,-101.5212500000031,-1.419455756156431,DEV
VIAV,2025-11-11,stop,0.2399485550297883,1.8476038737294822,0.011806118980169956,719,0.20837799999999973,-164.20378200000206,-171.39378200000206,-1.1439691330178963,DEV
VIAV,2026-01-22,stop,1.536380919181845,1.1748795264331549,0.005733142116950464,1000,0.11064964285714396,-130.6496428571471,-140.6496428571471,-1.2711260445615276,HOLDOUT
VIAV,2026-01-28,stop,0.8490221436821911,2.9814498533956133,0.012201035894965035,592,0.2532324999999993,-161.75364000000144,-167.67364000000143,-1.1184682060952018,HOLDOUT
VIAV,2026-01-29,stop,1.2275247265738953,1.831225411774174,0.020818391286133244,301,0.49693500000000057,-155.5974350000011,-158.6074350000011,-1.0603700685200337,HOLDOUT
VIAV,2026-01-30,stop,0.9374883094534573,1.8682428640903852,0.01099561508148702,561,0.2673099999999984,-161.18091000000084,-166.79091000000085,-1.1122292469417654,HOLDOUT
VIAV,2026-02-03,stop,0.6691794693711056,1.3991934359577538,0.01912883048875086,304,0.4931412499999972,-155.9949400000001,-159.0349400000001,-1.060834497215561,HOLDOUT
VIAV,2026-02-11,target,2.851472939907148,-0.3236807120975692,0.011841348786274821,462,0.3243937499999987,290.4998249999974,285.87982499999737,1.9075197965435424,HOLDOUT
VIAV,2026-02-26,stop,1.8051239733357072,2.4670027635588117,0.008505300482526828,601,0.2492903571428613,-161.84350464286152,-167.8535046428615,-1.1203415982223932,HOLDOUT
VIAV,2026-02-27,stop,0.05665770530627643,1.5014291906163506,0.01204767918088732,424,0.35299699999999845,-158.15072800000067,-162.39072800000068,-1.0849865579594253,HOLDOUT
VIAV,2026-04-21,target,3.660118757781793,0.15686223247636866,0.008479300598537003,392,0.38250125000000423,292.0409800000049,288.12098000000486,1.921568883761829,HOLDOUT
VIAV,2026-04-27,eod,1.3688180398810752,0.5703408499504524,0.017298879083534398,190,0.7890018750000038,127.30000000000032,125.40000000000032,0.8364999132606604,HOLDOUT
VIAV,2026-04-28,target,2.709129452455983,0.010459959275882297,0.010995131301514359,313,0.47801333333333673,292.97634666667005,289.84634666667006,1.9372402443446577,HOLDOUT
VIAV,2026-05-04,stop,5.732407256319534,3.4053904492987157,0.006483578656853678,425,0.3523824999999974,-158.2625624999972,-162.5125624999972,-1.085134761232457,HOLDOUT
VSXY,2025-12-04,eod,1.349329852919021,0.2570152100798206,0.014957502402691052,240,0.6225312500000015,7.200000000000273,4.8000000000002725,0.032126901259978656,DEV
VSXY,2025-12-08,stop,0.4462902309885679,7.275568649371645,0.01000413842205959,311,0.48174928571427955,-156.0440278571397,-159.1540278571397,-1.0622730554867676,DEV
VSXY,2025-12-09,stop,0.03938858621696382,3.543191366180273,0.009877292037716496,296,0.505222499999995,-155.46585999999735,-158.42585999999736,-1.059379778216521,DEV
VSXY,2025-12-11,stop,0.8945076116832894,2.248356969906618,0.007924049513704644,362,0.4136353846153824,-156.97600923076698,-160.59600923076698,-1.0725276441905263,DEV
VSXY,2025-12-16,target,6.781881026014097,0.047735128251765235,0.0062751141552512225,436,0.34356250000000443,290.8665000000056,286.5065000000056,1.91267964344189,DEV
VSXY,2025-12-17,target,3.0061586666379188,-0.016794182495192437,0.0055415940969220975,503,0.2977221428571397,289.44847571428454,284.41847571428457,1.8992349050289103,DEV
VSXY,2025-12-18,stop,3.5504781113691113,5.5070896565133,0.004380207293870173,637,0.23515142857142024,-162.53145999999217,-168.90145999999217,-1.1275773665601374,DEV
VSXY,2025-12-22,target,3.810940821120919,0.3058507663049656,0.008048324158657978,335,0.44695000000000107,292.75650000000206,289.40650000000204,1.9328783980311088,DEV
VSXY,2025-12-23,eod,1.8415058146505214,0.6905646804939438,0.009447490032620524,287,0.5213125000000005,152.11000000000033,149.24000000000032,0.9974823162690336,DEV
VSXY,2026-06-10,stop,1.4672242656320504,3.780924069128784,0.004768712517299785,423,0.35441071428572,-158.3757321428639,-162.6057321428639,-1.0846475537864941,HOLDOUT
VSXY,2026-06-12,stop,-0.17806177217250352,2.0095542859468525,0.012610572913325194,152,0.982804999999999,-152.4263600000014,-153.94636000000142,-1.030524875229583,HOLDOUT
VSXY,2026-06-16,eod,1.32175297488292,0.6781994620365224,0.012527267310587167,150,0.9986737500000089,148.49999999999923,146.99999999999923,0.9813014510494404,HOLDOUT
VTRS,2024-11-06,target,3.9718063487163184,0.41158615012605815,0.006143173198482983,1000,0.06715327175290753,114.30654350581548,104.30654350581548,1.553260783623686,DEV
VTRS,2024-11-08,stop,1.0878186968838472,1.4050991501416275,0.00856131160263875,1000,0.10163221706211445,-121.63221706211402,-131.63221706211402,-1.2951819892078562,DEV
VTRS,2024-11-13,stop,-0.08960811545196302,2.7051506551536777,0.004597468213869324,1000,0.05449230985027498,-74.49230985027455,-84.49230985027455,-1.5505363982996618,DEV
VTRS,2024-11-14,target,5.09847744098352,-0.3967034502025398,0.005530320587099129,1000,0.06595671791125035,111.91343582250113,101.91343582250113,1.545156263834007,DEV
VTRS,2024-11-25,stop,1.0474631751227537,1.5840313212028034,0.005802101797923496,1000,0.0724284557599173,-92.42845575991687,-102.42845575991687,-1.414201844913583,DEV
WBD,2025-09-10,stop,0.28681303887194914,4.384142165614063,0.010139652204878585,1000,0.12203071428571377,-142.03071428571334,-152.03071428571334,-1.2458397476045233,DEV
WBD,2025-09-11,stop,0.1185185185185165,50.90133333333353,0.0065179606025492194,1000,0.08437499999999964,-104.37499999999922,-114.37499999999922,-1.355555555555552,DEV
WBD,2025-09-16,stop,0.7768663330849632,1.1438297391494703,0.019737175913019347,423,0.35398625000000195,-158.19618375000215,-162.42618375000214,-1.0847490545183687,DEV
WBD,2025-09-17,stop,2.502795676021038,1.4111507535012302,0.010409645232816143,798,0.18779000000000323,-165.81642000000508,-173.79642000000507,-1.1597529154907216,DEV
WBD,2025-09-23,stop,3.979950062890759,6.297332307056946,0.003379885786802005,1000,0.0665837499999995,-86.58375000000262,-96.58375000000262,-1.450560384478245,DEV
WBD,2025-09-29,stop,1.7432321575061538,1.1689909762100077,0.01266164632562972,615,0.24380000000000024,-162.23700000000207,-168.38700000000208,-1.1230516817063294,DEV
WBD,2025-09-30,stop_gap,-0.8705745792223174,11.533252972602945,0.0035657734146988685,1000,0.06719700000000017,-110.00000000000298,-120.00000000000298,-1.7857940086611408,DEV
WDAY,2026-08-05,eod,1.8819058820868046,0.45238122165548533,0.006465413863702891,135,1.1052625000000091,39.82500000000215,38.47500000000215,0.257857296343641,HOLDOUT
WDAY,2026-08-07,stop,1.5764042737383417,1.1782374563347047,0.005050948562487684,165,0.9038924999999836,-152.44226249999429,-154.0922624999943,-1.0331897875023661,HOLDOUT
WDAY,2026-08-12,stop,1.300850605572049,1.4567128901106672,0.004785390532471642,179,0.8340696428571448,-152.87846607142566,-154.66846607142566,-1.0359682195088833,HOLDOUT
WDAY,2026-08-13,stop,1.4707314503995699,40.5603884321007,0.00712799625998757,119,1.2578775000000064,-152.0674224999986,-153.2574224999986,-1.0238496991956543,HOLDOUT
WDAY,2026-08-14,stop,0.7521187376179879,1.169390092049907,0.009784680967502783,77,1.941182857142877,-151.01108000000013,-151.78108000000014,-1.0154544946085797,HOLDOUT
WDAY,2026-08-17,target,3.8289405762454805,0.7317085394396009,0.005165769171024761,150,0.997665000000012,296.29950000000633,294.79950000000633,1.9699297860504463,HOLDOUT
WDAY,2026-08-18,stop,4.2980595194651565,2.0309512015055087,0.0032878014242086477,236,0.6351703571428686,-154.6202042857127,-156.98020428571272,-1.0472314232907975,HOLDOUT
WDAY,2026-08-20,eod,1.142778161464172,0.6052659037003929,0.011220429780548314,67,2.2139029999999877,-2.009999999998172,-2.679999999998172,-0.018067638916417265,HOLDOUT
WFC,2024-11-07,eod,1.4325272290936277,0.8934834779398225,0.009576762605190437,231,0.6482552296190107,191.09874892695439,188.78874892695438,1.260718423902908,DEV
WFC,2024-11-08,stop,1.3361328497804175,1.4888337468982922,0.0037560940636650725,594,0.25222656111222364,-161.70257730066692,-167.64257730066691,-1.1189406851828831,DEV
WFC,2024-11-18,eod,0.8002527113825311,0.8844898388964997,0.006408232118758383,328,0.4572238294911557,-3.401751793770586,-6.681751793770586,-0.044554096219950094,DEV
WFC,2024-11-20,stop,0.3344091960371651,1.7691325209707207,0.006355028449989553,336,0.44629898727239947,-156.67645972352966,-160.03645972352967,-1.0672195117075176,DEV
WFC,2024-11-25,stop,0.9499944260530612,2.6871270908358897,0.004827664473376482,422,0.35474755058181984,-158.1434663455323,-162.3634663455323,-1.0845671800997847,DEV
WSE,2026-05-12,stop,0.36436582474696827,2.3342755539345363,0.019796028880866397,547,0.2741749999999996,-160.91372499999954,-166.38372499999954,-1.1094191665906799,HOLDOUT
WSE,2026-05-14,stop_gap,5.566162907349261,2.5889129801624393,0.00569708702064898,1000,0.07725250000000017,-109.99999999999943,-119.99999999999943,-1.5533477880974618,HOLDOUT
WSE,2026-05-18,target,2.3550641525592733,24.192931749018094,0.0018780803032913491,1000,0.02335392857142793,26.707857142856284,16.707857142856284,0.7154195531494989,HOLDOUT
WSE,2026-05-19,stop,3.8954058241375615,4.8692572801719445,0.004576724936327917,1000,0.05647678571428649,-76.47678571428607,-86.47678571428607,-1.5311917032914766,HOLDOUT
WSE,2026-05-28,stop,1.0241029955012522,4.608463479755646,0.006403044496487186,1000,0.07811714285714366,-98.11714285714324,-108.11714285714324,-1.3840386233129638,HOLDOUT
WTTR,2024-11-08,stop_gap,1.3965087281795296,1.6458852867830223,0.0071760916249106335,1000,0.09621390625448178,-125.5713684587807,-135.57136845878068,-1.4090620964936196,DEV
WTTR,2024-11-14,stop_gap,15.610217596972703,3.405865657521271,0.001291071210455597,1000,0.016907415766297618,-58.389591143910735,-68.38959114391074,-4.0449464358849605,DEV
WTTR,2024-11-20,stop,0.7077600837756679,2.022171667930501,0.007064540816326633,1000,0.09492168578269755,-114.92168578269712,-124.92168578269712,-1.3160500127302628,DEV
WTTR,2024-11-25,target,4.374414140963448,6.561621211445056,0.001105120363062327,1000,0.015357892823107733,10.715785646215892,0.7157856462158918,0.04660702183953968,DEV
WTTR,2026-02-10,eod,1.1895763373440387,0.297394084336003,0.015811324451410556,749,0.20024230640447982,14.755738094339474,7.265738094339474,0.048444232788976485,HOLDOUT
WTTR,2026-02-18,target,14.910729270213352,-2.2592014045777953,0.0036935437726492663,1000,0.05491512623654238,89.83025247308518,79.83025247308518,1.4537024303508463,HOLDOUT
WTTR,2026-02-23,eod,0.7741278329513633,0.4481792717086702,0.009591148886283755,1000,0.12180015362099361,-15.037426896011397,-25.037426896011397,-0.20556153791004675,HOLDOUT
WTTR,2026-02-25,stop_gap,-0.8053691275167856,10.872483221476557,0.002767459138187215,1000,0.036971171441539497,-74.5883068264348,-84.5883068264348,-2.287953113960419,HOLDOUT
WTTR,2026-02-26,target,2.3805794831637503,0.8770555990603397,0.005746040316774494,1000,0.07921507606497968,138.4301521299598,128.4301521299598,1.621284211412096,HOLDOUT
WTTR,2026-02-27,stop,1.123102570851983,2.526980784416962,0.007867958394698,1000,0.10604708666902773,-126.04708666902731,-136.0470866690273,-1.2828932028432745,HOLDOUT
WTTR,2026-03-02,stop,0.9832345896886441,1.4420773982100066,0.011308946798198117,990,0.15141574489292786,-169.70158744399816,-179.60158744399817,-1.198129989858147,HOLDOUT
WTTR,2026-03-03,stop,0.0944206008583658,5.055793991416325,0.00802839225415199,1000,0.10406515958023732,-124.0651595802369,-134.0651595802369,-1.2882809205406416,HOLDOUT
WTTR,2026-08-07,stop,12.085860942603775,12.944937004199634,0.0014919242550821602,1000,0.030614285714285927,-50.61428571428905,-60.61428571428905,-1.9799346710220271,HOLDOUT
WTTR,2026-08-10,stop_gap,1.8039155627026449,4.485488934834291,0.003347925870322235,1000,0.06995892857142749,-98.80000000000422,-108.80000000000422,-1.5551982030273708,HOLDOUT
WTTR,2026-08-20,stop,3.5715144664373506,1.5873397628610333,0.006790625510370811,1000,0.13859666666666826,-158.59666666667138,-168.59666666667138,-1.2164554222083463,HOLDOUT
WTTR,2026-08-24,stop,0.6496697612119252,4.563299616645863,0.004348463546897015,1000,0.08327307692307784,-103.27307692308096,-113.27307692308096,-1.3602604960510243,HOLDOUT
XENE,2026-03-04,eod,0.48769336279814,0.8060487524024812,0.01729947855636278,203,0.7381687499999998,-81.19999999999827,-83.22999999999827,-0.5554285520756488,HOLDOUT
XENE,2026-03-06,stop,1.3529595991231043,4.509865330410288,0.004827346395742597,751,0.19956249999999898,-164.89143749999624,-172.40143749999623,-1.15032884434699,HOLDOUT
XENE,2026-03-09,stop,0.17283536056277746,3.3331546192190156,0.017005782427179796,148,1.012524285714285,-152.8135942857136,-154.2935942857136,-1.0296289189536154,HOLDOUT
XENE,2026-03-10,stop,1.7593503937007962,1.6486220472440987,0.013388239169823683,184,0.8127999999999957,-153.23519999999849,-155.0751999999985,-1.036909448818893,HOLDOUT
XENE,2026-03-11,stop_gap,2.17184115523463,2.3335740072202054,0.007251005193499821,346,0.43281250000000426,-173.0,-176.46,-1.1783393501804937,HOLDOUT
XENE,2026-03-12,target,20.188395904436415,-0.9556313993173893,0.0012542808219178354,1000,0.07325000000000159,126.50000000000716,116.50000000000716,1.5904436860068891,HOLDOUT
XENE,2026-03-13,target,7.242695514691163,0.13086831786533232,0.00783349789645404,328,0.456183750000001,292.69654000000196,289.416540000002,1.9342370261983337,HOLDOUT
XENE,2026-03-16,eod,0.8230971686121131,0.6106849960670553,0.013720446265938107,199,0.7532525000000021,43.78000000000119,41.790000000001186,0.2787909764654022,HOLDOUT
XENE,2026-03-18,stop,0.9153695225637644,2.9300196206671028,0.007073464100666157,392,0.3822499999999991,-157.68199999999808,-161.60199999999807,-1.0784826684107156,HOLDOUT
XENE,2026-03-20,eod,0.8826125330979735,0.6531332744925084,0.010298127613161203,264,0.5664999999999978,13.200000000001125,10.560000000001125,0.07060900264784539,HOLDOUT
XENE,2026-03-24,stop,1.1143873919674512,1.0411794611082839,0.011547764418561006,244,0.6146875000000023,-154.86374999999958,-157.30374999999958,-1.0488052872394442,HOLDOUT
Z,2024-11-06,stop,1.2803556856234417,1.0833778878352107,0.017264799475307853,147,1.0153428571428549,-152.1953999999991,-153.6653999999991,-1.0295466696682294,DEV
Z,2024-11-11,stop,0.16538282944577593,5.737512006157492,0.0053360600095036055,381,0.3930274999999881,-157.36347749999936,-161.17347749999936,-1.07633053666731,DEV
Z,2024-11-12,stop,2.3430269565251374,1.3277152753642578,0.00848393188444208,234,0.6401974999999993,-154.48621500000223,-156.82621500000224,-1.0468605391305188,DEV
Z,2024-11-13,target,2.001807553201806,0.513621674834676,0.010203087207739908,197,0.759313750000004,295.22961749999956,293.25961749999954,1.9604906403973192,DEV
Z,2024-11-15,target,7.811205339987769,2.127572211430781,0.0016275682889313808,1000,0.11872687499999302,217.4537499999758,207.4537499999758,1.747319214794359,DEV
Z,2024-11-20,stop,0.0,5.412116940419058,0.006722686226514916,295,0.5081006249999973,-155.78968437500222,-158.7396843750022,-1.059043422747237,DEV
Z,2024-11-25,target,2.906607345505277,0.5527140472463684,0.006066711615720329,291,0.5145517857142892,293.6491392857133,290.7391392857133,1.9416968304592217,DEV
ZM,2025-11-11,target,2.251019993434593,0.891028747401184,0.003773655025955519,468,0.3198549999999898,290.02427999998565,285.34427999998564,1.9062075002735264,DEV
ZM,2025-11-12,stop,0.7698754246885782,1.494903737259367,0.005203913248467594,339,0.4414999999999907,-156.4485000000003,-159.8385000000003,-1.0679501698754492,DEV
ZM,2025-11-13,target,4.297390411962947,0.6253665151736891,0.003682734650491927,481,0.31181714285715145,290.3480914285748,285.5380914285748,1.9037897668963195,DEV
ZM,2025-11-18,eod,1.0816128956088744,0.9254551321910146,0.00782650852377363,236,0.6352549999999866,-38.44440000000179,-40.80440000000179,-0.27217416627970065,DEV
ZM,2025-11-21,stop,0.8250834663956855,2.5401190303382175,0.007893096605361274,243,0.6150892857142907,-154.32669642857513,-156.75669642857514,-1.0487734068805508,DEV
ZM,2025-11-26,eod,1.7554763372038884,-0.0210236687090244,0.011083639170453168,157,0.9513087499999955,216.65999999999707,215.08999999999708,1.4401213065684382,DEV
