symbol,name,exchange,shortable,easy_to_borrow
TGLS,TECNOGLASS HOLDINGS INC,NYSE,False,False
RDGT,RIDGETECH INC,NAS,False,False
HNRG,HALLADOR ENERGY COMPANY,NAS,False,False
XWEL,XWELL INC,NAS,False,False
ASMB,ASSEMBLY BIOSCIENCES INC,NSQ,False,False
LEDS,SEMILEDS CORP,NAS,False,False
TRAK,REPOSITRAK INC,NYSE,False,False
AEHL,ANTELOPE ENTERPRISE HLDGS LTD,NAS,False,False
GLBS,GLOBUS MARITIME LIMITED NEW,NAS,False,False
ACNB,ACNB CORP,NAS,False,False
TROO,TROOPS INC,NAS,False,False
HFBL,HOME FED BANCORP INC LA NEW,NAS,False,False
NSLR,NEOSTELLAR CAP CORP,NSQ,False,False
OFED,OCONEE FED FINL CORP,OTCQ,False,False
GEVO,GEVO INC,NAS,False,False
MITK,MITEK SYS INC,NAS,False,False
LCNB,LCNB CORP,NAS,False,False
FMNB,FARMERS NATIONAL BANC CORP,NAS,False,False
FSBW,FS BANCORP INC,NAS,False,False
EGAN,EGAIN CORP,NAS,False,False
FBIO,FORTRESS BIOTECH INC,NAS,False,False
BOTJ,BANK OF THE JAMES FINL GP INC,NAS,False,False
NUWE,NUWELLIS INC,NAS,False,False
GALT,GALECTIN THERAPEUTICS INC,NAS,False,False
CLIR,CLEARSIGN TECHNOLOGIES CORP,NAS,False,False
NEON,NEONODE INC,NAS,False,False
CRDF,CARDIFF ONCOLOGY INC,NAS,False,False
IPDN,PROFESSIONAL DVRSTY NTWORK INC,NAS,False,False
SFBC,SOUND FINL BANCORP INC,NAS,False,False
LFVN,LIFEVANTAGE CORP,NAS,False,False
ATOS,ATOSSA THERAPEUTICS INC,NAS,False,False
NEO,NEOGENOMICS INC,NAS,True,True
ACIC,American Coastal Insurance Corp,NAS,False,False
JXG,JX LUXVENTURE GROUP INC,NAS,False,False
HROW,HARROW INC,NMS,False,False
ORMP,ORAMED PHARMACEUTICALS INC,NAS,False,False
INBK,FIRST INTERNET BANCORP,NSQ,False,False
MDXG,MIMEDX GROUP INC,NAS,False,False
TGTX,TG THERAPEUTICS INC,NAS,True,True
APPS,DIGITAL TURBINE INC,NAS,True,True
LIND,LINDBLAD EXPEDITIONS HLDGS INC,NAS,False,False
TRAW,TRAWS PHARMA INC,NAS,False,False
IPWR,IDEAL PWR INC,NAS,False,False
AXGN,AXOGEN INC,NAS,False,False
TIPT,TIPTREE INC,NAS,False,False
SPCB,SUPERCOM LTD NEW,NAS,False,False
PPSI,PIONEER PWR SOLUTIONS INC,NAS,False,False
SINT,SINTX TECHNOLOGIES INC,NAS,False,False
ALDX,ALDEYRA THERAPEUTICS INC,NAS,False,False
HRTX,HERON THERAPEUTICS INC,NAS,False,False
QCLS,Q/C TECHNOLOGIES INC,NAS,False,False
WATT,ENERGOUS CORP,NAS,False,False
AKTX,AKARI THERAPEUTICS PLC,NAS,False,False
GLMD,GALMED PHARMACEUTICALS LTD,NAS,False,False
PHIO,PHIO PHARMACEUTICALS CORP,NAS,False,False
TGEN,TECOGEN INC NEW,ASE,False,False
LE,LANDS END INC NEW,NAS,False,False
LPCN,LIPOCINE INC NEW,NAS,False,False
BLFS,BIOLIFE SOLUTIONS INC,NAS,False,False
CCLD,CARECLOUD INC,NMS,False,False
HNNA,HENNESSY ADVISORS INC,NMS,False,False
OXBR,OXBRIDGE RE HLDGS LTD,NAS,False,False
QRHC,QUEST RESOURCE HLDG CORP,NAS,False,False
IRMD,IRADIMED CORP,NMS,False,False
VKTX,VIKING THERAPEUTICS INC,NAS,True,True
MARA,MARA HOLDINGS INC,NAS,True,True
EFOI,ENERGY FOCUS INC,NAS,False,False
CLRB,CELLECTAR BIOSCIENCES INC,NAS,False,False
VANI,VIVANI MEDICAL INC,NAS,False,False
JAGX,JAGUAR HEALTH INC,NAS,False,False
TANH,TANTECH HLDGS LTD,NAS,False,False
JYNT,JOINT CORP,NAS,False,False
ADMA,ADMA BIOLOGICS INC,NMS,False,False
ABEO,ABEONA THERAPEUTICS INC,NAS,False,False
CTSO,CYTOSORBENTS CORP,NAS,False,False
MBAI,MBODY AI LTD,NAS,False,False
CPSH,CPS TECHNOLOGIES CORP,NAS,False,False
VUZI,VUZIX CORP,NAS,False,False
ATEX,ANTERIX INC,NAS,False,False
NHTC,NATURAL HEALTH TRENDS CORP,NAS,False,False
CAPR,CAPRICOR THERAPEUTICS INC,NSQ,False,False
AIXC,AIXCRYPTO HOLDINGS INC,NAS,False,False
NEXT,NEXTDECADE CORP,NAS,False,False
CRBP,CORBUS PHARMACEUTICALS HLDGS,NAS,False,False
STKS,THE ONE GROUP HOSPITALITY INC,NAS,False,False
AQMS,AQUA METALS INC,NAS,False,False
AVTX,AVALO THERAPEUTICS INC,NAS,False,False
CETX,CEMTREX INC,NAS,False,False
PVLA,PALVELLA THERAPEUTICS INC NEW,NMS,False,False
ANIX,ANIXA BIOSCIENCES INC,NAS,False,False
RMNI,RIMINI STR INC DEL,NMS,False,False
AEMD,AETHLON MED INC,NAS,False,False
RILY,BRC GROUP HOLDINGS INC,NMS,False,False
CYRX,CRYOPORT INC,NAS,False,False
KPRX,KIORA PHARMACEUTICALS INC,NAS,False,False
USIO,USIO INC,NMS,False,False
CSBR,CHAMPIONS ONCOLOGY INC,NAS,False,False
GYRO,GYRODYNE LLC,NAS,False,False
GDC,GD CULTURE GROUP LTD,NAS,False,False
BTTC,BLACK TITAN CORP,NAS,False,False
AXSM,AXSOME THERAPEUTICS INC.,NMS,False,False
PXS,PYXIS TANKERS INC,NAS,False,False
AVXL,ANAVEX LIFE SCIENCES CORP,NSQ,False,False
EDSA,EDESA BIOTECH INC,NAS,False,False
RMR,RMR GROUP INC,NAS,False,False
PWCM,POWERCOMPUTE INC,NAS,False,False
CENN,CENNTRO INC,NAS,False,False
SMBK,SMARTFINANCIAL INC,NYSE,False,False
WKHS,WORKHORSE GROUP INC,NAS,False,False
SELF,GLOBAL SELF STORAGE INC,NAS,False,False
MBRX,MOLECULIN BIOTECH INC,NAS,False,False
NIC,NICOLET BANKSHARES INC,NYSE,False,False
IZEA,IZEA WORLDWIDE INC,NAS,False,False
DRIO,DARIOHEALTH CORP,NAS,False,False
LINK,INTERLINK ELECTRS INC,NAS,False,False
NAGE,NIAGEN BIOSCIENCE INC,NAS,False,False
VTGN,VISTAGEN THERAPEUTICS INC,NAS,False,False
PLSE,PULSE BIOSCIENCES INC,NAS,False,False
SCKT,SOCKET MOBILE INC,NAS,False,False
UAVS,AGEAGLE AERIAL SYS INC NEW,ASE,False,False
HURA,TUHURA BIOSCIENCES INC,NAS,False,False
SRTS,SENSUS HEALTHCARE INC,NAS,False,False
PAVM,PAVMED INC,NAS,False,False
PALI,PALISADE BIO INC,NAS,False,False
JVA,COFFEE HLDG CO INC,NAS,False,False
LSTA,LISATA THERAPEUTICS INC,NAS,False,False
VERU,VERU INC,NAS,False,False
FLL,FULL HSE RESORTS INC,NAS,False,False
SHIP,SEANERGY MARITIME HLDGS CORP,NAS,False,False
SLNG,STABILIS SOLUTIONS INC,NAS,False,False
AEHR,AEHR TEST SYS,NAS,False,False
AGEN,AGENUS INC,NAS,False,False
AIRT,AIR T INC,NAS,False,False
AIFC,AI FINL CORP,NAS,False,False
ARTW,ARTS WAY MFG INC,NAS,False,False
VCEL,VERICEL CORP,NMS,False,False
ASUR,ASURE SOFTWARE INC,NAS,False,False
ATLO,AMES NATL CORP,NAS,False,False
GNSS,GENASYS INC,NAS,False,False
GRBK,GREEN BRICK PARTNERS INC,NYSE,False,False
BLIN,BRIDGELINE DIGITAL INC,NAS,False,False
BYFC,BROADWAY FINL CORP DEL,NAS,False,False
CAAS,CHINA AUTOMOTIVE SYS INC,NAS,False,False
CARV,CARVER BANCORP INC,OTCB,False,False
CORT,CORCEPT THERAPEUTICS INC,NAS,True,True
KINS,KINGSTONE COS INC,NAS,False,False
KUST,KUSTOM ENTERTAINMENT INC,NAS,False,False
DJCO,DAILY JOURNAL CORP,NAS,False,False
DCTH,DELCATH SYS INC,NAS,False,False
CRWS,CROWN CRAFTS INC,NAS,False,False
BGMS,BIO GREEN MED SOLUTION  INC,NAS,False,False
FWDI,FORWARD INDUSTRIES INC,NAS,False,False
FCCO,FIRST CMNTY CORP S C,NAS,False,False
GCBC,GREENE CNTY BANCORP INC,NAS,False,False
CNTY,CENTURY CASINOS INC,NAS,False,False
CIVB,CIVISTA BANCSHARES INC,NAS,False,False
BMRC,BANK OF MARIN BANCORP,NSQ,False,False
EGBN,EAGLE BANCORPORATION INC,NAS,False,False
YHGJ,YUNHONG GREEN CTI LTD,NAS,False,False
CNSY,CERENOME INC,NAS,False,False
ESEA,EUROSEAS LTD,NAS,False,False
FCAP,FIRST CAP INC,NAS,False,False
DAIO,DATA I O CORP,NAS,False,False
CWBC,COMMUNITY WEST BANCSHARES NEW,NAS,False,False
USAU,U S GOLD CORP,NAS,False,False
MAYS,MAYS J W INC,NAS,False,False
ICCC,IMMUCELL CORP,NAS,False,False
CVV,CVD EQUIP CORP,NAS,False,False
BOSC,BOS BETTER ONLINE SOLUTIONS,NAS,False,False
CLRO,CLEARONE INC,NAS,False,False
CFBK,CF BANKSHARES INC,NAS,False,False
CHNR,CHINA NATURAL RESOURCES INC,NAS,False,False
ELTK,ELTEK LTD,NAS,False,False
CZNC,CITIZENS & NORTHN CORP,NAS,False,False
HDSN,HUDSON TECHNOLOGIES INC,NAS,False,False
SLS,SELLAS LIFE SCIENCES GROUP INC,NAS,False,False
UONEK,URBAN ONE INC,NAS,False,False
RAND,RAND CAP CORP,NAS,False,False
RDCM,RADCOM LTD,NAS,False,False
HIHO,HIGHWAY HOLDINGS LTD,NAS,False,False
DRS,LEONARDO DRS INC,NSQ,True,True
SBFG,SB FINL GROUP INC,NAS,False,False
GIGM,GIGAMEDIA LTD,NAS,False,False
INTG,INTERGROUP CORP,NAS,False,False
WULF,TERAWULF INC,NAS,True,True
IMOS,CHIPMOS TECHNOLOGIES INC,NSQ,False,False
CLWT,EURO TECH HOLDINGS CO LTD,NAS,False,False
OMEX,ODYSSEY MARINE EXPL INC,NAS,False,False
LIVE,LIVE VENTURES INC,NAS,False,False
SLP,SIMULATIONS PLUS INC,NSQ,False,False
NLST,NETLIST INC,OTCB,False,False
NKSH,NATIONAL BANKSHARES INC VA,NAS,False,False
OESX,ORION ENERGY SYS INC,NAS,False,False
SIEB,SIEBERT FINL CORP,NAS,False,False
REFR,RESEARCH FRONTIERS INC,NAS,False,False
NSYS,NORTECH SYS INC,NAS,False,False
GROW,U S GLOBAL INVS INC,NAS,False,False
KOSS,KOSS CORP,NAS,False,False
PLUR,PLURILOCK SEC INC,NAS,False,False
PBHC,PATHFINDER BANCORP INC MD,NAS,False,False
TULP,BLOOMIA HOLDINGS INC,NAS,False,False
INVE,IDENTIV INC,NAS,False,False
ALTO,ALTO INGREDIENTS INC,NAS,False,False
PCYO,PURE CYCLE CORP,NAS,False,False
PESI,PERMA-FIX ENVIRONMENTAL SVCS,NAS,False,False
RDI,READING INTL INC,NAS,False,False
PDEX,PRO-DEX INC COLO,NAS,False,False
LTRX,LANTRONIX INC,NAS,False,False
DOMH,DOMINARI HOLDINGS INC,NAS,False,False
LPTH,LIGHTPATH TECHNOLOGIES INC,NAS,False,False
MDGL,MADRIGAL PHARMACEUTICALS INC,NSQ,False,False
ACHV,ACHIEVE LIFE SCIENCE INC,NAS,False,False
TOPS,TOP SHIPS INC,ASE,False,False
TAYD,TAYLOR DEVICES INC,NAS,False,False
ASTC,ASTROTECH CORP,NAS,False,False
CHCI,COMSTOCK HLDG COS INC,NAS,False,False
GYRE,GYRE THERAPEUTICS INC,NAS,False,False
OPHC,OPTIMUMBANK HLDGS INC,ASE,False,False
OPTT,OCEAN PWR TECHNOLOGIES INC,ASE,False,False
NVEC,NVE CORP,NAS,False,False
WWR,WESTWATER RES INC,ASE,False,False
NTWK,NETSOL TECHNOLOGIES INC,NAS,False,False
UFPT,UFP TECHNOLOGIES INC,NAS,False,False
UBCP,UNITED BANCORP INC OHIO,NAS,False,False
BSIN,BIG SKY INDL INC,NAS,False,False
GRVY,GRAVITY CO LTD,NMS,False,False
GTIM,GOOD TIMES RESTAURANTS INC,NAS,False,False
OSPN,ONESPAN INC,NAS,False,False
SMSI,SMITH MICRO SOFTWARE INC,NAS,False,False
JCTC,JEWETT CAMERON TRADING LTD,NAS,False,False
RAVE,RAVE RESTAURANT GROUP INC,NAS,False,False
VALU,VALUE LINE INC,NAS,False,False
TCRT,ALAUNOS THERAPEUTICS INC,NAS,False,False
FABC,FABRICAI INC,NAS,False,False
WVVI,WILLAMETTE VALLEY VINEYARDS,NAS,False,False
PLUG,PLUG PWR INC,NAS,False,False
PNRG,PRIMEENERGY RESOURCES CORP,NAS,False,False
PKBK,PARKE BANCORP INC,NAS,False,False
PLBC,PLUMAS BANCORP,NAS,False,False
LITS,LITE STRATEGY INC,NAS,False,False
SBET,SHARPLINK INC,NAS,False,False
AMD,ADVANCED MICRO DEVICES INC,NSQ,True,True
LTBR,LIGHTBRIDGE CORP,NAS,False,False
DLHC,DLH HLDGS CORP,NAS,False,False
ZNB,ZETA NETWORK GROUP,NAS,False,False
SGLY,SINGULARITY FUTURE TECH LTD,NAS,False,False
IMNN,IMUNON INC,NAS,False,False
TENX,TENAX THERAPEUTICS INC,NAS,False,False
LOAN,MANHATTAN BRDG CAP INC,NAS,False,False
OVLY,OAK VY BANCORP OAKDALE CALIF,NAS,False,False
ORKA,ORUKA THERAPEUTICS INC,NMS,False,False
BWEN,BROADWIND INC,NAS,False,False
ORRF,ORRSTOWN FINL SVCS INC,NAS,False,False
NATR,NATURES SUNSHINE PRODS INC,NAS,False,False
RCON,RECON TECHNOLOGY LTD,NAS,False,False
CNET,ZW DATA ACTION TECHNOLOGS INC,NAS,False,False
FN,FABRINET,NYSE,False,False
HPP,HUDSON PACIFIC PROPERTIES INC,NYSE,False,False
PLOW,DOUGLAS DYNAMICS INC,NYSE,False,False
GDOT,GREEN DOT CORP,NYSE,False,False
ZWS,ZURN ELKAY WATER SOLNS CORP,NYSE,True,True
FAF,FIRST AMERN FINL CORP,NYSE,True,True
VPG,VISHAY PRECISION GROUP INC,NYSE,False,False
QUAD,QUAD / GRAPHICS INC,NYSE,False,False
PFX,PHENIXFIN CORP,NMS,False,False
BWXT,BWX TECHNOLOGIES INC,NYSE,True,True
KKR,KKR & CO INC,NYSE,True,True
AMRC,AMERESCO INC,NYSE,False,False
NMFC,NEW MTN FIN CORP,NSQ,False,False
STAG,STAG INDUSTRIAL INC,NYSE,True,True
INN,SUMMIT HOTEL PPTYS,NYSE,False,False
GM,GENERAL MTRS CO,NYSE,True,True
EFC,ELLINGTON FINANCIAL INC,NYSE,True,True
BAH,BOOZ ALLEN HAMILTON HLDG CORP,NYSE,True,True
TRGP,TARGA RES CORP,NYSE,True,True
AAT,AMERICAN ASSETS TR INC,NYSE,False,False
TAL,TAL ED GROUP,NYSE,True,True
LYB,LYONDELLBASELL INDUSTRIES NV,NYSE,True,True
NOAH,NOAH HLDGS LTD,NYSE,False,False
BKU,BANKUNITED INC,NYSE,True,True
HHH,HOWARD HUGHES HOLDINGS INC,NYSE,False,False
CPAY,CORPAY INC,NYSE,True,True
DQ,DAQO NEW ENERGY CORP,NYSE,False,False
WD,WALKER & DUNLOP INC,NYSE,False,False
KMI,KINDER MORGAN INC DEL,NYSE,True,True
HCA,HCA HEALTHCARE INC,NYSE,True,True
VC,VISTEON CORP,NSQ,False,False
EVER,EVERQUOTE INC,NMS,False,False
AGRO,ADECOAGRO S A,NYSE,False,False
KOS,KOSMOS ENERGY LTD,NYSE,False,False
RLJ,RLJ LODGING TR,NYSE,True,True
MX,MAGNACHIP SEMICONDUCTOR CORP,NYSE,False,False
HII,HUNTINGTON INGALLS INDS INC,NYSE,False,False
FF,FUTUREFUEL CORP,NYSE,False,False
APO,APOLLO GLOBAL MGMT INC,NYSE,True,True
SQNS,SEQUANS COMMUNICATIONS S A,NYSE,False,False
MITT,TPG MTG INVTS TR INC,NYSE,False,False
ARCO,ARCOS DORADOS HLDGS INC,NYSE,False,False
FENG,PHOENIX NEW MEDIA LTD,NYSE,False,False
SXC,SUNCOKE ENERGY INC,NYSE,True,True
ALSN,ALLISON TRANSMISSION HLDGS INC,NYSE,True,True
RM,REGIONAL MGMT CORP,NYSE,False,False
MPC,MARATHON PETE CORP,NYSE,True,True
RYZ,RYERSON HLDG CORP,NYSE,False,False
ASPN,ASPEN AEROGELS INC,NYSE,False,False
TLYS,TILLYS INC,NYSE,False,False
APTV,APTIV PLC,NYSE,True,True
MTDR,MATADOR RES CO,NYSE,True,True
EPAM,EPAM SYS INC,NYSE,False,False
FET,FORUM ENERGY TECHNOLOGIES INC,NYSE,False,False
APAM,ARTISAN PARTNERS ASSET MGMT I,NYSE,True,True
FBIN,FORTUNE BRANDS INNOVATIONS INC,NYSE,True,True
ACRE,ARES COML REAL ESTATE CORP,NYSE,False,False
PRLB,PROTO LABS INC,NYSE,False,False
XYL,XYLEM INC,NYSE,True,True
GNE,GENIE ENERGY LTD,NYSE,False,False
VAC,MARRIOTT VACATIONS WORLDWIDE C,NYSE,False,False
PBF,PBF ENERGY INC,NYSE,True,True
GWRE,GUIDEWIRE SOFTWARE INC,NYSE,True,True
LXFR,LUXFER HLDGS PLC,NYSE,False,False
ALLY,ALLY FINL INC,NYSE,True,True
CPRI,CAPRI HOLDINGS LIMITED,NYSE,True,True
POST,POST HLDGS INC,NYSE,False,False
ESRT,EMPIRE ST RLTY TR INC,NYSE,False,False
YELP,YELP INC,NYSE,True,True
VIPS,VIPSHOP HLDGS LTD,NYSE,True,True
GMED,GLOBUS MED INC,NYSE,True,True
NOW,SERVICENOW INC,NYSE,True,True
PSX,PHILLIPS 66,NYSE,True,True
PANL,PANGAEA LOGISTICS SOLUTION LTD,NAS,False,False
SSTK,SHUTTERSTOCK INC,NYSE,False,False
HR,HEALTHCARE RLTY TR,NYSE,True,True
TROX,TRONOX HOLDINGS PLC,NYSE,False,False
NGVC,NATURAL GROCERS BY VITAMIN,NYSE,False,False
SUN,SUNOCO LP/SUNOCO FIN CORP,NYSE,False,False
RH,RH,NYSE,False,False
PANW,PALO ALTO NETWORKS INC,NSQ,True,True
MANU,MANCHESTER UTD PLC NEW,NYSE,False,False
NBHC,NATIONAL BK HLDGS CORP,NYSE,False,False
HY,HYSTER-YALE INC,NYSE,False,False
SCM,STELLUS CAP INVT CORP,NYSE,False,False
WDAY,WORKDAY INC,NSQ,True,True
BFAM,BRIGHT HORIZONS FAM SOL IN DEL,NYSE,False,False
BCC,BOISE CASCADE CO DEL,NYSE,False,False
ORC,ORCHID IS CAP INC,NYSE,False,False
ABBV,ABBVIE INC,NYSE,True,True
VTOL,BRISTOW GROUP INC,NYSE,False,False
ZTS,ZOETIS INC,NYSE,True,True
PRKS,UNITED PARKS & RESORTS INC,NYSE,False,False
COTY,COTY INC,NYSE,False,False
EVTC,EVERTEC INC,NYSE,True,True
LFT,LUMENT FINANCE TRUST INC,NYSE,False,False
AHRT,AH RLTY TR INC,NYSE,False,False
PFSI,PENNYMAC FINL SVCS INC NEW,NYSE,False,False
HASI,HA SUSTAINABLE INFRA CAP INC,NYSE,True,True
LITB,LIGHTINTHEBOX HLDG CO LTD,NYSE,False,False
VOYA,VOYA FINANCIAL INC,NYSE,True,True
CHMI,CHERRY HILL MTG INVT CORP,NYSE,False,False
RITM,RITHM CAPITAL CORP,NYSE,True,True
IQV,IQVIA HLDGS INC,NYSE,True,True
XPRO,EXPRO LTD,NYSE,True,True
CUBI,CUSTOMERS BANCORP INC,NYSE,False,False
CSTM,CONSTELLIUM SE,NYSE,True,True
REXR,REXFORD INDL RLTY INC,NYSE,True,True
ASC,ARDMORE SHIPPING CORP,NYSE,False,False
SPNT,SIRIUSPOINT LTD,NYSE,True,True
AMH,AMERICAN HOMES 4 RENT,NYSE,True,True
PGEN,PRECIGEN INC,NSQ,False,False
MUSA,MURPHY USA INC,NYSE,False,False
SAIC,SCIENCE APPLICATIONS INTL CORP,NSQ,False,False
VEEV,VEEVA SYS INC,NYSE,True,True
RNG,RINGCENTRAL INC,NYSE,True,True
AR,ANTERO RESOURCES CORP,NYSE,True,True
VNCE,VINCE HLDG CORP,NAS,False,False
BRX,BRIXMOR PPTY GROUP INC,NYSE,True,True
CHGG,CHEGG INC,NYSE,False,False
ESNT,ESSENT GROUP LTD,NYSE,True,True
MMI,MARCUS & MILLICHAP INC,NYSE,False,False
BURL,BURLINGTON STORES INC,NYSE,True,True
OMF,ONEMAIN HLDGS INC,NYSE,True,True
BABA,ALIBABA GROUP HLDG LTD,NYSE,True,True
AMC,AMC ENTMT HLDGS INC,NYSE,False,False
ARMK,ARAMARK,NYSE,True,True
CPS,COOPER-STANDARD HOLDINGS INC,NYSE,False,False
KODK,EASTMAN KODAK CO,NYSE,False,False
BHR,BRAEMAR HOTELS & RESORTS INC,NYSE,False,False
ATHM,AUTOHOME INC,NYSE,False,False
ALLE,ALLEGION PLC,NYSE,True,True
NVGS,NAVIGATOR HLDGS LTD,NYSE,False,False
HLT,HILTON WORLDWIDE HLDGS INC,NYSE,True,True
LADR,LADDER CAP CORP,NYSE,False,False
FTAI,FTAI AVIATION LTD,NSQ,True,True
IBP,INSTALLED BLDG PRODS INC,NYSE,False,False
FPI,FARMLAND PARTNERS INC,NYSE,False,False
OGS,ONE GAS INC,NYSE,True,True
ESI,ELEMENT SOLUTIONS INC,NYSE,True,True
GPRK,GEOPARK LTD,NYSE,False,False
OUT,OUTFRONT MEDIA INC,NYSE,True,True
MGNI,MAGNITE INC,NSQ,True,True
KN,KNOWLES CORP,NYSE,True,True
TNET,TRINET GROUP INC,NYSE,False,False
TSLX,SIXTH STREET SPECIALTY LENDING,NYSE,False,False
ATEN,A10 NETWORKS INC,NYSE,True,True
QTWO,Q2 HLDGS INC,NYSE,True,True
MC,MOELIS & CO,NYSE,True,True
ANET,ARISTA NETWORKS INC,NYSE,True,True
ARES,ARES MANAGEMENT CORPORATION,NYSE,True,True
PAYC,PAYCOM SOFTWARE INC,NYSE,False,False
WMS,ADVANCED DRAIN SYS INC DEL,NYSE,True,True
FSK,FS KKR CAP CORP,NYSE,False,False
CMCM,CHEETAH MOBILE INC,NYSE,False,False
SYF,SYNCHRONY FINANCIAL,NYSE,True,True
BOX,BOX INC,NYSE,True,True
LPG,DORIAN LPG LTD,NYSE,False,False
HRTG,HERITAGE INSURANCE HLDGS INC,NYSE,False,False
CVEO,CIVEO CORP CDA,NYSE,False,False
DNOW,DNOW INC,NYSE,True,True
XIFR,XPLR INFRASTRUCTURE LP,NYSE,False,False
GLOB,GLOBANT S A,NYSE,False,False
OEC,ORION S.A.,NYSE,False,False
RYAM,RAYONIER ADVANCED MATLS INC,NYSE,False,False
MTUS,METALLUS INC,NYSE,False,False
TSQ,TOWNSQUARE MEDIA INC,NYSE,False,False
W,WAYFAIR INC,NYSE,True,True
HUBS,HUBSPOT INC,NYSE,False,False
CFG,CITIZENS FINL GROUP INC,NYSE,True,True
VVX,V2X INC,NYSE,False,False
BOOT,BOOT BARN HLDGS INC,NYSE,False,False
KEYS,KEYSIGHT TECHNOLOGIES INC,NYSE,True,True
ENVA,ENOVA INTL INC,NYSE,False,False
WK,WORKIVA INC,NYSE,False,False
HAPN,HAPPEN INC,NSQ,False,False
UE,URBAN EDGE PPTYS,NYSE,True,True
KEN,KENON HLDGS LTD,NYSE,False,False
RPT,RITHM PPTY TR INC,NYSE,False,False
SHAK,SHAKE SHACK INC,NYSE,False,False
XHR,XENIA HOTELS & RESORTS INC,NYSE,True,True
DEA,EASTERLY GOVT PPTYS INC,NYSE,False,False
GDDY,GODADDY INC,NYSE,True,True
NXRT,NEXPOINT RESIDENTIAL TR INC,NYSE,False,False
BRSL,BRIGHTSTAR LOTTERY PLC,NYSE,True,True
CHCT,COMMUNITY HEALTHCARE TR INC,NYSE,False,False
SHOP,SHOPIFY INC,NSQ,True,True
EVH,EVOLENT HEALTH INC,NYSE,False,False
GKOS,GLAUKOS CORP,NYSE,True,True
APLE,APPLE HOSPITALITY REIT INC,NYSE,True,True
GNL,GLOBAL NET LEASE INC,NYSE,False,False
CABO,CABLE ONE INC,NYSE,False,False
TDOC,TELADOC HEALTH INC,NYSE,False,False
ENR,ENERGIZER HLDGS INC,NYSE,True,True
BW,BABCOCK & WILCOX ENTERPRISES,NYSE,False,False
OOMA,OOMA INC,NYSE,False,False
SRG,SERITAGE GROWTH PPTYS,NYSE,False,False
CC,CHEMOURS CO,NYSE,True,True
TRU,TRANSUNION,NYSE,True,True
PLNT,PLANET FITNESS MASTER ISSUER L,NYSE,True,True
PFGC,PERFORMANCE FOOD GROUP CO,NYSE,True,True
GNK,GENCO SHIPPING & TRADING LTD,NYSE,False,False
BNED,BARNES & NOBLE ED INC,NYSE,False,False
HLI,HOULIHAN LOKEY INC,NYSE,False,False
PEN,PENUMBRA INC,NYSE,False,False
MSGS,MADISON SQUARE GRDN SPRT CORP,NYSE,False,False
PJT,PJT PARTNERS INC,NYSE,False,False
P,EVERPURE INC,NYSE,True,True
SITE,SITEONE LANDSCAPE SUPPLY INC,NYSE,False,False
HPE,HEWLETT PACKARD ENTERPRISE CO,NYSE,True,True
XYZ,BLOCK INC,NYSE,True,True
FCPT,FOUR CORNERS PPTY TR INC,NYSE,True,True
STE,STERIS PLC,NYSE,True,True
YRD,YIREN DIGITAL LTD,NYSE,False,False
RACE,FERRARI N V,NYSE,False,False
NOMD,NOMAD FOODS LTD,NYSE,True,True
ATKR,ATKORE INC,NYSE,False,False
NGVT,INGEVITY CORP,NYSE,False,False
TPB,TURNING PT BRANDS INC,NYSE,False,False
SUPV,GRUPO SUPERVIELLE S.A.,NYSE,False,False
USFD,US FOODS HLDG CORP,NYSE,True,True
COE,51TALK ONLINE EDUCATION GROUP,ASE,False,False
FTV,FORTIVE CORP,NYSE,True,True
TWLO,TWILIO INC,NYSE,True,True
OR,OR ROYALTIES INC.,NYSE,True,True
AGX,ARGAN INC,NYSE,False,False
BIO,BIO RAD LABS INC,NYSE,False,False
GHM,GRAHAM CORP,NYSE,False,False
TDS,TELEPHONE & DATA SYS INC,NYSE,True,True
UVE,UNIVERSAL INS HLDGS INC,NYSE,False,False
UMH,UMH PPTYS INC,NYSE,True,True
MUX,MCEWEN INC.,NYSE,False,False
UTL,UNITIL CORP,NYSE,False,False
XPO,XPO INC,NYSE,True,True
MATX,MATSON INC,NYSE,False,False
ASB,ASSOCIATED BANC-CORP,NYSE,True,True
EFOR,EVERFORTH INC,NYSE,False,False
BBT,BEACON FINANCIAL CORP.,NYSE,True,True
CODI,COMPASS DIVERSIFIED,NYSE,False,False
BANC,BANC OF CALIFORNIA INC,NYSE,True,True
CIEN,CIENA CORP,NYSE,True,True
CLH,CLEAN HARBORS INC,NYSE,False,False
DECK,DECKERS OUTDOOR CORP,NYSE,True,True
IMAX,IMAX CORP,NYSE,False,False
MAIN,MAIN STR CAP CORP,NYSE,False,False
ORN,ORION GROUP HLDGS INC,NYSE,False,False
SCHW,CHARLES SCHWAB CORP (THE),NYSE,True,True
PRGO,PERRIGO CO PLC,NYSE,True,True
PB,PROSPERITY BANCSHARES INC,NYSE,True,True
UAL,UNITED AIRLS HLDGS INC,NSQ,True,True
DDD,3D SYS CORP DEL,NYSE,False,False
USNA,USANA HEALTH SCIENCES INC,NYSE,False,False
USPH,U S PHYSICAL THERAPY,NYSE,False,False
BBDC,BARINGS BDC INC,NYSE,False,False
TISI,TEAM INC,NYSE,False,False
HTGC,HERCULES CAPITAL INC,NYSE,False,False
ORCL,ORACLE CORP,NYSE,True,True
AA,ALCOA CORP,NYSE,True,True
A,AGILENT TECHNOLOGIES INC,NYSE,True,True
COR,CENCORA INC,NYSE,True,True
AAP,ADVANCE AUTO PARTS INC,NYSE,False,False
ACCO,ACCO BRANDS CORP,NYSE,False,False
ABG,ASBURY AUTOMOTIVE GROUP INC,NYSE,False,False
ABM,ABM INDS INC,NYSE,True,True
ABT,ABBOTT LABORATORIES,NYSE,True,True
ABR,ARBOR REALTY TRUST INC,NYSE,False,False
CB,CHUBB LIMITED,NYSE,True,True
ACN,ACCENTURE PLC IRELAND,NYSE,True,True
ACM,AECOM,NYSE,True,True
ADC,AGREE RLTY CORP,NYSE,True,True
ADM,ARCHER DANIELS MIDLAND CO,NYSE,True,True
BFH,BREAD FINANCIAL HOLDINGS INC,NYSE,False,False
AEE,AMEREN CORP,NYSE,True,True
AEO,AMERICAN EAGLE OUTFITTERS INC,NYSE,True,True
AEP,AMERICAN ELEC PWR CO INC,NSQ,True,True
AES,AES CORP,NYSE,True,True
AER,AERCAP HOLDINGS NV,NYSE,True,True
AFL,AFLAC INC,NYSE,True,True
AGCO,AGCO CORP,NYSE,True,True
AGO,ASSURED GUARANTY LTD,NYSE,False,False
AGM,FEDERAL AGRIC MTG CORP,NYSE,False,False
AFG,AMERICAN FINANCIAL GROUP INC,NYSE,True,True
AHT,ASHFORD HOSPITALITY TR INC,NYSE,False,False
AIG,AMERICAN INTL GROUP INC,NYSE,True,True
AIN,ALBANY INTL CORP,NYSE,False,False
AIV,APARTMENT INVT & MGMT CO,NYSE,False,False
AIR,AAR CORP,NYSE,False,False
AJG,GALLAGHER ARTHUR J & CO,NYSE,True,True
AIT,APPLIED INDL TECHNOLOGIES INC,NYSE,False,False
ALB,ALBEMARLE CORP,NYSE,True,True
AIZ,ASSURANT INC,NYSE,True,True
ALG,ALAMO GROUP INC,NYSE,False,False
ALK,ALASKA AIR GROUP INC,NYSE,True,True
ALL,ALLSTATE CORP,NYSE,True,True
ALV,AUTOLIV INC,NYSE,False,False
ALX,ALEXANDERS INC,NYSE,False,False
PLD,PROLOGIS INC.,NYSE,True,True
AME,AMETEK INC,NYSE,True,True
AMG,AFFILIATED MANAGERS GROUP,NYSE,False,False
AMP,AMERIPRISE FINL INC,NYSE,True,True
AMT,AMERICAN TOWER CORP,NYSE,True,True
AN,AUTONATION INC,NYSE,False,False
ANF,ABERCROMBIE & FITCH CO,NYSE,False,False
AON,AON PLC,NYSE,True,True
AOS,SMITH A O CORP,NYSE,True,True
AP,AMPCO-PITTSBURG CORP,NYSE,False,False
APA,APA CORPORATION,NSQ,True,True
APD,AIR PRODUCTS AND CHEMICALS INC,NYSE,True,True
APH,AMPHENOL CORP,NYSE,True,True
ARE,ALEXANDRIA REAL ESTATE EQ INC,NYSE,True,True
ARL,AMERICAN RLTY INVS INC,NYSE,False,False
ARW,ARROW ELECTRS INC,NYSE,True,True
ASH,ASHLAND INC,NYSE,False,False
NSP,INSPERITY INC,NYSE,False,False
ATI,ATI INC,NYSE,True,True
ATO,ATMOS ENERGY CORP,NYSE,True,True
EPAC,ENERPAC TOOL GROUP CORP,NYSE,True,True
AVA,AVISTA CORP,NYSE,True,True
AVD,AMERICAN VANGUARD CORP,NYSE,False,False
AVY,AVERY DENNISON CORP,NYSE,True,True
AVT,AVNET INC,NSQ,True,True
AWK,AMERICAN WTR WKS CO INC NEW,NYSE,True,True
AWR,AMER STATES WTR CO,NYSE,False,False
AWI,ARMSTRONG WORLD INDS INC NEW,NYSE,False,False
DCH,DAUCH CORP,NYSE,False,False
AXP,AMERICAN EXPRESS CO,NYSE,True,True
AXR,AMREP CORP,NYSE,False,False
AYI,ACUITY INC,NYSE,False,False
AXS,AXIS CAP HLDGS LTD,NYSE,True,True
AZO,AUTOZONE INC,NYSE,False,False
AZZ,AZZ INC,NYSE,False,False
BA,BOEING CO,NYSE,True,True
BAC,BANK OF AMER CORP,NYSE,True,True
BAP,CREDICORP LTD,NYSE,False,False
BAX,BAXTER INTL INC,NYSE,True,True
TFC,TRUIST FINL CORP,NYSE,True,True
BBW,BUILD-A-BEAR WORKSHOP INC,NYSE,False,False
BC,BRUNSWICK CORP,NYSE,True,True
BBY,BEST BUY INC,NYSE,True,True
BCO,BRINKS CO,NYSE,False,False
BDC,BELDEN INC,NYSE,False,False
BDX,BECTON DICKINSON & CO,NYSE,True,True
BEN,FRANKLIN TEMPLETON INC,NYSE,True,True
BF B,BROWN FORMAN CORP,NYSE,True,True
BFS,SAUL CTRS INC,NYSE,False,False
BG,BUNGE GLOBAL SA,NYSE,True,True
BKR,BAKER HUGHES COMPANY,NSQ,True,True
BHE,BENCHMARK ELECTRS INC,NYSE,False,False
BGS,B & G FOODS INC,NYSE,False,False
BNY,BANK OF NY MELLON CORP,NYSE,True,True
BKE,BUCKLE INC,NYSE,False,False
BKD,BROOKDALE SR LIVING INC,NYSE,True,True
BLK,BLACKROCK INC,NYSE,True,True
BKH,BLACK HILLS CORP,NYSE,True,True
BALL,BALL CORP,NYSE,True,True
BLX,BLADEX INC,NYSE,False,False
BMY,BRISTOL-MYERS SQUIBB CO,NYSE,True,True
BOH,BANK OF HI CORP,NYSE,False,False
BR,BROADRIDGE FINL SOLUTIONS INC,NYSE,True,True
BRC,BRADY CORP,NYSE,False,False
BRO,BROWN & BROWN INC,NYSE,True,True
BRT,BRT APARTMENTS CORP,NYSE,False,False
BSX,BOSTON SCIENTIFIC CORP,NYSE,True,True
BWA,BORGWARNER INC,NYSE,True,True
MTRN,MATERION CORP,NYSE,False,False
CAL,CALERES INC,NYSE,False,False
BXP,BXP INC,NYSE,True,True
BYD,BOYD GAMING CORP,NYSE,False,False
BXC,BLUELINX HLDGS INC,NYSE,False,False
BX,BLACKSTONE INC,NYSE,True,True
BZH,BEAZER HOMES USA INC,NYSE,False,False
C,CITIGROUP INC,NYSE,True,True
CAG,CONAGRA BRANDS INC,NYSE,True,True
CAH,CARDINAL HEALTH INC,NYSE,True,True
CACI,CACI INTL INC,NYSE,False,False
CAT,CATERPILLAR INC,NYSE,True,True
CBU,COMMUNITY FINANCIAL SYSTEM INC,NYSE,False,False
CBZ,CBIZ INC,NYSE,False,False
CBT,CABOT CORP,NYSE,True,True
CLVT,CLARIVATE PLC,NYSE,False,False
CCEP,COCA-COLA EUROPACIFIC PARTNERS,NSQ,True,True
CCI,CROWN CASTLE INC,NYSE,True,True
CCO,CLEAR CHANNEL OUTDOOR HLDGS IN,NYSE,False,False
CCL,CARNIVAL CORP LTD,NYSE,True,True
CCK,CROWN HLDGS INC,NYSE,True,True
CE,CELANESE CORP DEL,NYSE,True,True
CDE,COEUR MNG INC,NYSE,True,True
CF,CF INDUSTRIES HOLD,NYSE,True,True
CULP,CULP INC,NAS,False,False
CFR,CULLEN FROST BANKERS INC,NYSE,True,True
CHD,CHURCH & DWIGHT CO INC,NYSE,True,True
CHH,CHOICE HOTELS INTL INC,NYSE,False,False
CHE,CHEMED CORP NEW,NYSE,False,False
CIA,CITIZENS INC,NYSE,False,False
CI,THE CIGNA GROUP,NYSE,True,True
CIM,CHIMERA INVT CORP,NYSE,True,True
CL,COLGATE PALMOLIVE CO,NYSE,True,True
CMC,COMMERCIAL METALS CO,NYSE,True,True
CLF,CLEVELAND-CLIFFS INC NEW,NYSE,True,True
CLB,CORE LABORATORIES INC,NYSE,False,False
CMG,CHIPOTLE MEXICAN GRILL INC,NYSE,True,True
CMP,COMPASS MINERALS INTL INC,NYSE,False,False
CMI,CUMMINS INC,NYSE,True,True
CLX,CLOROX CO DEL,NYSE,True,True
CMS,CMS ENERGY CORP,NYSE,True,True
CNA,CNA FINL CORP,NYSE,False,False
CNC,CENTENE CORP DEL,NYSE,True,True
CNK,CINEMARK HLDGS INC,NYSE,True,True
CNO,CNO FINL GROUP INC,NYSE,True,True
CNS,COHEN & STEERS INC,NYSE,False,False
CNP,CENTERPOINT ENERGY INC,NYSE,True,True
CNX,CNX RES CORP,NYSE,True,True
COO,COOPER COS INC,NSQ,True,True
COF,CAPITAL ONE FINL CORP,NYSE,True,True
COP,CONOCOPHILLIPS,NYSE,True,True
TPR,TAPESTRY INC,NYSE,True,True
CPA,COPA HOLDINGS SA,NYSE,False,False
CPB,THE CAMPBELLS COMPANY,NSQ,True,True
CPF,CENTRAL PAC FINL CORP,NYSE,False,False
CPK,CHESAPEAKE UTILS CORP,NYSE,False,False
INGR,INGREDION INC,NYSE,True,True
CRD B,CRAWFORD & CO,NYSE,False,False
CRK,COMSTOCK RES INC,NYSE,False,False
CXT,CRANE NXT CO,NYSE,False,False
CRL,CHARLES RIV LABS INTL INC,NYSE,False,False
CRI,CARTERS INC,NYSE,False,False
CRS,CARPENTER TECHNOLOGY CORP,NYSE,False,False
CRM,SALESFORCE INC,NYSE,True,True
AORT,ARTIVION INC,NYSE,False,False
CSL,CARLISLE COS INC,NYSE,False,False
CSV,CARRIAGE SVCS INC,NYSE,False,False
SNDA,SONIDA SENIOR LIVING INC,NYSE,False,False
DXC,DXC TECHNOLOGY CO,NYSE,True,True
BXMT,BLACKSTONE MORTGAGE TRUST INC,NYSE,True,True
CATO,CATO CORP NEW,NYSE,False,False
CTS,CTS CORP,NYSE,False,False
LUMN,LUMEN TECHNOLOGIES INC,NYSE,False,False
CUZ,COUSINS PPTYS INC,NYSE,True,True
CVI,CVR ENERGY INC,NYSE,False,False
CWT,CALIFORNIA WTR SVC GROUP,NYSE,True,True
CW,CURTISS WRIGHT CORP,NYSE,False,False
CVS,CVS HEALTH CORP,NYSE,True,True
CVX,CHEVRON CORPORATION,NYSE,True,True
CXW,CORECIVIC INC,NYSE,True,True
CYD,CHINA YUCHAI INTL LTD,NYSE,False,False
CYH,COMMUNITY HEALTH SYS INC NEW,NYSE,False,False
D,DOMINION ENERGY INC,NYSE,True,True
DAC,DANAOS CORPORATION,NYSE,False,False
DAL,DELTA AIR LINES INC,NYSE,True,True
DAN,DANA INC,NYSE,True,True
DAR,DARLING INGREDIENTS INC,NYSE,True,True
DCO,DUCOMMUN INC DEL,NYSE,False,False
DCI,DONALDSON INC,NYSE,True,True
DDS,DILLARDS INC,NYSE,False,False
SITC,SITE CTRS CORP,NYSE,False,False
DE,DEERE & CO,NYSE,True,True
DEI,DOUGLAS EMMETT INC,NYSE,True,True
DGX,QUEST DIAGNOSTICS INC,NYSE,True,True
DHT,DHT HOLDINGS INC,NYSE,True,True
DHX,DHI GROUP INC,NYSE,False,False
DHI,D R HORTON INC,NYSE,True,True
DIS,DISNEY WALT CO,NYSE,True,True
DHR,DANAHER CORP DEL,NYSE,True,True
DK,DELEK US HLDGS INC NEW,NYSE,True,True
DKS,DICKS SPORTING GOODS INC,NYSE,True,True
DLB,DOLBY LABORATORIES INC,NYSE,True,True
DLR,DIGITAL RLTY TR INC,NYSE,True,True
DLX,DELUXE CORP MEDIUM TERM NTS,NYSE,False,False
DD,DUPONT DE NEMOURS INC,NYSE,True,True
DOV,DOVER CORP,NYSE,True,True
DPZ,DOMINOS PIZZA INC,NSQ,False,False
DRH,DIAMONDROCK HOSPITALITY CO,NSQ,True,True
DRI,DARDEN RESTAURANTS INC,NYSE,True,True
INVX,INNOVEX INTERNATIONAL INC,NYSE,True,True
DSX,DIANA SHIPPING INC,NYSE,False,False
DTE,DTE ENERGY CO,NYSE,True,True
DBI,DESIGNER BRANDS INC,NYSE,False,False
DVA,DAVITA INC,NYSE,False,False
DUK,DUKE ENERGY CORP NEW,NYSE,True,True
CVSA,COVISTA INC,NYSE,False,False
DVN,DEVON ENERGY CORP NEW,NYSE,True,True
LCII,LCI INDS,NYSE,False,False
DY,DYCOM INDS INC,NYSE,False,False
DX,DYNEX CAP INC,NYSE,True,True
EBS,EMERGENT BIOSOLUTIONS INC,NYSE,False,False
EAT,BRINKER INTL INC,NYSE,False,False
EBF,ENNIS INC,NYSE,False,False
ED,CONSOLIDATED EDISON INC,NYSE,True,True
ECL,ECOLAB INC,NYSE,True,True
EDU,NEW ORIENTAL ED & TECHNOLOGY,NYSE,False,False
EFX,EQUIFAX INC,NYSE,True,True
EGP,EASTGROUP PPTYS INC,NYSE,True,True
EIG,EMPLOYERS HLDGS INC,NYSE,False,False
EGY,VAALCO ENERGY INC,NYSE,False,False
EIX,EDISON INTL,NYSE,True,True
ELS,EQUITY LIFESTYLE PROPERTIES,NYSE,True,True
EMR,EMERSON ELEC CO,NYSE,True,True
EL,LAUDER ESTEE COS INC,NYSE,True,True
EMN,EASTMAN CHEM CO,NYSE,True,True
EME,EMCOR GROUP INC,NYSE,False,False
CALY,CALLAWAY GOLF CO,NYSE,True,True
ENS,ENERSYS,NYSE,False,False
EPC,EDGEWELL PERSONAL CARE CO,NYSE,False,False
EOG,EOG RES INC,NYSE,True,True
EQT,EQT CORP,NYSE,True,True
EPR,EPR PPTYS,NYSE,True,True
ESS,ESSEX PPTY TR INC,NYSE,True,True
ETD,ETHAN ALLEN INTERIORS INC,NYSE,False,False
ETN,EATON CORP PLC,NYSE,True,True
ESE,ESCO TECHNOLOGIES INC,NYSE,False,False
ET,ENERGY TRANSFER L P,NYSE,True,True
ETR,ENTERGY CORP NEW,NYSE,True,True
EW,EDWARDS LIFESCIENCES CORP,NYSE,True,True
EVR,EVERCORE INC,NYSE,False,False
EVC,ENTRAVISION COMMUNICATIONS CP,NYSE,False,False
EXC,EXELON CORP,NSQ,True,True
EXR,EXTRA SPACE STORAGE INC,NYSE,True,True
F,FORD MTR CO,NYSE,True,True
FCF,FIRST COMWLTH FINL CORP PA,NYSE,True,True
EXP,EAGLE MATLS INC,NYSE,False,False
FC,FRANKLIN COVEY CO,NYSE,False,False
FBP,FIRST BANCORP CORPORATION,NYSE,True,True
AROC,ARCHROCK INC,NYSE,True,True
FCN,FTI CONSULTING INC,NYSE,False,False
FCX,FREEPORT MCMORAN INC,NYSE,True,True
FDS,FACTSET RESH SYS INC,NYSE,False,False
DMC,DEL MONTE CORP,NYSE,False,False
FDX,FEDEX CORP,NYSE,True,True
FE,FIRSTENERGY CORP,NYSE,True,True
FHN,FIRST HORIZON CORPORATION,NYSE,True,True
FICO,FAIR ISAAC CORP,NYSE,False,False
FHI,FEDERATED HERMES INC,NYSE,True,True
FLR,FLUOR CORP,NYSE,True,True
FLO,FLOWERS FOODS INC,NYSE,False,False
FIS,FIDELITY NATL INFORMATION SVCS,NYSE,True,True
FLS,FLOWSERVE CORP,NYSE,True,True
FIX,COMFORT SYS USA INC,NYSE,False,False
FMC,FMC CORP,NYSE,True,True
FNB,F N B CORP,NYSE,True,True
FNF,FIDELITY NATL FINL INC,NYSE,True,True
NEE,NEXTERA ENERGY INC,NYSE,True,True
FOR,FORESTAR GROUP INC,NYSE,False,False
FR,FIRST INDL RLTY TR INC,NYSE,True,True
FSS,FEDERAL SIGNAL CORP,NYSE,True,True
FTI,TECHNIPFMC PLC,NYSE,True,True
FUL,FULLER H B CO,NYSE,True,True
FTK,FLOTEK INDUSTRIES INC,NYSE,False,False
G,GENPACT LIMITED,NYSE,True,True
ITGR,INTEGER HLDGS CORP,NYSE,False,False
GBX,GREENBRIER COS INC,NYSE,False,False
GCO,GENESCO INC,NYSE,False,False
GD,GENERAL DYNAMICS CORP,NYSE,True,True
GE,GE AEROSPACE,NYSE,True,True
GEF,GREIF INC,NYSE,False,False
GEO,GEO GROUP INC,NYSE,True,True
RHP,RYMAN HOSPITALITY PPTYS INC,NYSE,True,True
GFF,GRIFFON CORP,NYSE,False,False
GGG,GRACO INC,NYSE,True,True
GIS,GENERAL MILLS INC,NYSE,True,True
MAGN,MAGNERA CORP,NYSE,False,False
GLW,CORNING INC,NYSE,True,True
GME,GAMESTOP CORP,NYSE,True,True
GATX,GATX CORP,NYSE,False,False
SAR,SARATOGA INVT CORP,NYSE,False,False
GNW,GENWORTH FINL INC,NYSE,True,True
GPC,GENUINE PARTS CO,NYSE,True,True
GPK,GRAPHIC PACKAGING HLDG CO,NYSE,True,True
GAP,GAP INC,NYSE,True,True
GPI,GROUP 1 AUTOMOTIVE INC,NYSE,False,False
GPN,GLOBAL PMTS INC,NYSE,True,True
GS,GOLDMAN SACHS GROUP INC,NYSE,True,True
GSL,GLOBAL SHIP LEASE INC,NYSE,False,False
GTN,GRAY MEDIA INC,NYSE,False,False
GTY,GETTY RLTY CORP NEW,NYSE,True,True
GVA,GRANITE CONSTR INC,NYSE,False,False
GWW,WW GRAINGER INC,NYSE,False,False
HAL,HALLIBURTON CO,NYSE,True,True
HAE,HAEMONETICS CORP MASS,NYSE,False,False
WELL,WELLTOWER INC,NYSE,True,True
DOC,HEALTHPEAK PROPERTIES INC,NYSE,True,True
HD,HOME DEPOT INC,NYSE,True,True
HE,HAWAIIAN ELEC INDS INC MTN BE,NYSE,True,True
HEI,HEICO CORP NEW,NYSE,False,False
HHS,HARTE HANKS INC,NMS,False,False
HIG,HARTFORD INSURANCE GROUP INC,NYSE,True,True
HIW,HIGHWOODS PPTYS INC,NYSE,True,True
HLF,HERBALIFE LTD,NYSE,True,True
EHC,ENCOMPASS HEALTH CORP,NYSE,True,True
HOS,HORNBECK OFFSHORE SVCS INC NEW,NYSE,False,False
HMN,HORACE MANN EDUCATORS CORP NEW,NYSE,False,False
HNI,HNI CORP,NYSE,True,True
DINO,HF Sinclair Corp,NYSE,True,True
HOG,HARLEY DAVIDSON INC,NYSE,True,True
HOV,HOVNANIAN ENTERPRISES INC,NYSE,False,False
HON,HONEYWELL INTL INC,NSQ,True,True
HP,HELMERICH & PAYNE INC,NYSE,True,True
HPQ,HP INC,NYSE,True,True
HRB,BLOCK H & R INC,NYSE,True,True
HRL,HORMEL FOODS CORP,NYSE,True,True
LHX,L3HARRIS TECHNOLOGIES INC,NYSE,True,True
HSY,HERSHEY CO,NYSE,True,True
HST,HOST HOTELS & RESORTS INC,NSQ,True,True
HRI,HERC HLDGS INC,NYSE,False,False
HTH,HILLTOP HLDGS INC,NYSE,False,False
HUBB,HUBBELL INC,NYSE,True,True
HUM,HUMANA INC,NYSE,True,True
HUN,HUNTSMAN CORP,NYSE,False,False
HVT,HAVERTY FURNITURE COS INC,NYSE,False,False
HXL,HEXCEL CORP NEW,NYSE,True,True
HZO,MARINEMAX INC,NYSE,False,False
IBM,INTERNATIONAL BUSINESS MACHS,NYSE,True,True
ICE,INTERCONTINENTAL EXCHANGE INC,NYSE,True,True
IDA,IDACORP INC,NYSE,False,False
IDT,IDT CORP,NYSE,False,False
IEX,IDEX CORP,NYSE,True,True
IFF,INTERNATIONAL FLAVORS&FRAGRANC,NYSE,True,True
DIN,DINE BRANDS GLOBAL INC,NYSE,False,False
WKC,WORLD KINECT CORPORATION,NYSE,True,True
IP,INTERNATIONAL PAPER CO,NYSE,True,True
IPI,INTREPID POTASH INC,NYSE,False,False
TT,TRANE TECHNOLOGIES PLC,NYSE,True,True
IRM,IRON MTN INC DEL,NYSE,True,True
IT,GARTNER INC,NYSE,True,True
ITT,ITT INC,NYSE,True,True
IVZ,INVESCO LTD,NYSE,True,True
ITW,ILLINOIS TOOL WKS INC,NYSE,True,True
JBL,JABIL INC,NYSE,True,True
JCI,JOHNSON CONTROLS INTERNATION,NYSE,True,True
J,JACOBS SOLUTIONS INC,NYSE,True,True
JLL,JONES LANG LASALLE INC,NYSE,False,False
JNJ,JOHNSON & JOHNSON,NYSE,True,True
JOE,ST JOE CO,NYSE,False,False
JPM,JPMORGAN CHASE & CO,NYSE,True,True
WLY,WILEY JOHN & SONS INC,NYSE,False,False
KAI,KADANT INC,NYSE,False,False
KBH,KB HOME,NYSE,True,True
KBR,KBR INC,NYSE,True,True
KEX,KIRBY CORP,NYSE,True,True
KEY,KEYCORP,NYSE,True,True
KFY,KORN FERRY,NYSE,True,True
SRL,SCULLY ROYALTY LTD,NYSE,False,False
KIM,KIMCO REALTY CORP,NYSE,True,True
KMB,KIMBERLY-CLARK CORP,NSQ,True,True
KMT,KENNAMETAL INC,NYSE,True,True
KMX,CARMAX INC,NYSE,True,True
KNX,KNIGHT-SWIFT TRANSN HLDGS INC,NYSE,True,True
KO,COCA COLA CO,NYSE,True,True
KOP,KOPPERS HOLDINGS INC,NYSE,False,False
KR,KROGER CO,NYSE,True,True
KRC,KILROY REALTY CORP,NYSE,True,True
KRO,KRONOS WORLDWIDE INC,NYSE,False,False
KRG,KITE REALTY GROUP TRUST,NYSE,True,True
KSS,KOHLS CORP,NYSE,True,True
KWR,QUAKER HOUGHTON,NYSE,False,False
LAD,LITHIA MTRS INC,NYSE,False,False
LAZ,LAZARD INC,NYSE,True,True
LEE,LEE ENTERPRISES INC,NSQ,False,False
LEN,LENNAR CORP,NYSE,True,True
SR,SPIRE INC,NYSE,True,True
LH,LABCORP HOLDINGS INC,NYSE,True,True
LLY,ELI LILLY & CO,NYSE,True,True
LMT,LOCKHEED MARTIN CORP,NYSE,True,True
LNC,LINCOLN NATL CORP IND,NYSE,True,True
LNT,ALLIANT ENERGY CORP,NSQ,True,True
LNN,LINDSAY CORP,NYSE,False,False
LOW,LOWES COS INC,NYSE,True,True
LPX,LOUISIANA PAC CORP,NYSE,True,True
LTC,LTC PPTYS INC,NYSE,True,True
BBWI,BATH & BODY WORKS INC,NYSE,True,True
LUV,SOUTHWEST AIRLS CO,NYSE,True,True
JEF,JEFFERIES FINANCIAL GROUP INC,NYSE,True,True
LXP,LXP INDUSTRIAL TRUST,NYSE,True,True
LVS,LAS VEGAS SANDS CORP,NYSE,True,True
LYV,LIVE NATION ENTERTAINMENT INC,NYSE,True,True
LZB,LA Z BOY INC,NYSE,False,False
M,MACYS INC,NYSE,True,True
MA,MASTERCARD INCORPORATED,NYSE,True,True
MAA,MID-AMER APT CMNTYS INC,NYSE,True,True
MAC,MACERICH CO,NYSE,True,True
MAN,MANPOWERGROUP INC WIS,NYSE,False,False
MAS,MASCO CORP,NYSE,True,True
MBI,MBIA INC,NYSE,False,False
CDXS,CODEXIS INC,NSQ,False,False
SPSC,SPS COMM INC,NSQ,False,False
AOSL,ALPHA & OMEGA SEMICONDUCTOR LT,NSQ,False,False
VEON,VEON LTD,NSQ,False,False
CBOE,CBOE GLOBAL MKTS INC,BAT,True,True
LMNR,LIMONEIRA CO,NSQ,False,False
TSLA,TESLA INC,NSQ,True,True
HRZN,HORIZON TECHNOLOGY FIN CORP,NSQ,False,False
CLAR,CLARUS CORP NEW,NSQ,False,False
LPLA,LPL FINL HLDGS INC,NSQ,True,True
MMYT,MAKEMYTRIP LIMITED MAURITIUS,NSQ,False,False
NXPI,NXP SEMICONDUCTORS N V,NSQ,True,True
OXLC,OXFORD LANE CAP CORP,NSQ,False,False
PACB,PACIFIC BIOSCIENCES CALIF INC,NSQ,False,False
CHTR,CHARTER COMMUNICATIONS INC,NSQ,True,True
VRA,VERA BRADLEY INC,NSQ,False,False
LAND,GLADSTONE LD CORP,NMS,False,False
PCRX,PACIRA BIOSCIENCES INC,NSQ,False,False
ABUS,ARBUTUS BIOPHARMA CORP,NSQ,False,False
TLPH,TALPHERA INC,NAS,False,False
SUPN,SUPERNUS PHARMACEUTICALS,NMS,True,True
PSHG,PERFORMANCE SHIPPING INC,NAS,False,False
LAB,STANDARD BIOTOOLS INC,NSQ,False,False
NOVT,NOVANTA INC,NSQ,False,False
VNET,VNET GROUP INC,NSQ,False,False
PFLT,PENNANTPARK FLOATING RATE CAP,NYSE,False,False
APWC,ASIA PACIFIC WIRE & CABLE CORP,NAS,False,False
FDUS,FIDUS INVT CORP,NSQ,False,False
NBIS,NEBIUS GROUP N.V.,NSQ,False,False
ZG,ZILLOW GROUP INC,NSQ,False,False
AMCX,AMC GLOBAL MEDIA INC,NSQ,False,False
ENPH,ENPHASE ENERGY INC,NMS,True,True
UI,UBIQUITI INC,NYSE,False,False
CHEF,CHEFS WHSE INC,NSQ,False,False
NCLH,NORWEGIAN CRUISE LINE HLDGS LT,NYSE,True,True
WT,WISDOMTREE INC,NYSE,True,True
MTSI,MACOM TECH SOLUTIONS HLDGS INC,NSQ,True,True
GRPN,GROUPON INC,NSQ,False,False
VSTM,VERASTEM INC,NAS,False,False
ANGI,ANGI INC,NSQ,False,False
TRIP,TRIPADVISOR INC,NSQ,False,False
TCPC,BLACKROCK TCP CAPITAL CORP,NSQ,False,False
ACHC,ACADIA HEALTHCARE COMPANY INC,NSQ,True,True
CG,CARLYLE GROUP INC,NSQ,True,True
MCHB,MECHANICS BANCORP,NSQ,False,False
FANG,DIAMONDBACK ENERGY INC,NSQ,True,True
CSTE,CAESARSTONE LTD,NSQ,False,False
TBCH,TURTLE BEACH CORP,NMS,False,False
BLMN,BLOOMIN BRANDS INC,NSQ,False,False
HTB,HOMETRUST BANCSHARES INC,NYSE,False,False
GOGO,GOGO INC,NSQ,False,False
FIVE,FIVE BELOW INC,NSQ,False,False
QLYS,QUALYS INC,NSQ,False,False
AMBA,AMBARELLA INC,NSQ,False,False
WHF,WHITEHORSE FIN INC,NSQ,False,False
SAMG,SILVERCREST ASSET MGMT GROUP,NMS,False,False
JOYY,JOYY INC,NSQ,False,False
ENTA,ENANTA PHARMACEUTICALS INC,NSQ,False,False
OFS,OFS CAP CORP,NSQ,False,False
CHMG,CHEMUNG FINL CORP,NSQ,False,False
PRTA,PROTHENA CORP PLC,NSQ,False,False
ARCT,ARCTURUS THERAPEUTICS HLDGS,NMS,False,False
TPST,TEMPEST THERAPEUTICS INC,NAS,False,False
OSG,OCTAVE SPECIALTY GROUP INC,NYSE,False,False
SFM,SPROUTS FMRS MKT INC,NSQ,True,True
NWSA,NEWS CORP NEW,NSQ,True,True
PTCT,PTC THERAPEUTICS INC,NSQ,True,True
AGIO,AGIOS PHARMACEUTICALS INC,NSQ,False,False
CDW,CDW CORP,NSQ,True,True
NDLS,NOODLES & CO,NSQ,False,False
FOXF,FOX FACTORY HLDG CORP,NSQ,False,False
AAOI,APPLIED OPTOELECTRONICS INC,NMS,False,False
FATE,FATE THERAPEUTICS INC,NMS,False,False
MGNX,MACROGENICS INC,NSQ,False,False
VCYT,VERACYTE INC,NMS,True,True
LGIH,LGI HOMES INC,NSQ,False,False
VISN,VISTANCE NETWORKS INC,NSQ,False,False
WIX,WIX COM LTD,NSQ,False,False
KPTI,KARYOPHARM THERAPEUTICS INC,NSQ,False,False
TNDM,TANDEM DIABETES CARE INC,NMS,True,True
CRTO,CRITEO S A,NSQ,False,False
GLPI,GAMING & LEISURE P,NSQ,True,True
VRNS,VARONIS SYS INC,NSQ,True,True
NMIH,NMI HLDGS INC,NMS,True,True
RARE,ULTRAGENYX PHARMACEUTICAL INC,NSQ,True,True
TVRD,TVARDI THERAPEUTICS INC,NAS,False,False
XNCR,XENCOR INC,NMS,True,True
AAL,AMERICAN AIRLINES GROUP INC,NSQ,True,True
MBUU,MALIBU BOATS INC,NMS,False,False
INGN,INOGEN INC,NSQ,False,False
QURE,UNIQURE NV,NSQ,False,False
CBIO,CRESCENT BIOPHARMA INC.,NAS,False,False
TVTX,TRAVERE THERAPEUTICS INC,NMS,True,True
FGNX,FG NEXUS INC.,NMS,False,False
XMAX,XMAX INC,NAS,False,False
NGNE,NEUROGENE INC,NMS,False,False
PCTY,PAYLOCITY HLDG CORP,NSQ,False,False
ENLV,ENLIVEX LTD,NAS,False,False
MDWD,MEDIWOUND LTD,NMS,False,False
AKBA,AKEBIA THREAPEUTICS INC,NAS,False,False
PULM,PULMATRIX INC,NAS,False,False
VSA,VISIONSYS AI INC,NAS,False,False
SCYX,SCYNEXIS INC,NAS,False,False
FIVN,FIVE9 INC,NMS,True,True
BLBD,BLUE BIRD CORP,NMS,False,False
GOLD,GOLD COM INC,NYSE,False,False
PFIS,PEOPLES FINL SVCS CORP,NSQ,False,False
WB,WEIBO CORP,NSQ,False,False
DARE,DARE BIOSCIENCE INC,NAS,False,False
SABR,SABRE CORP,NSQ,False,False
SPWH,SPORTSMANS WHSE HLDGS INC,NSQ,False,False
PAHC,PHIBRO ANIMAL HEALTH CORP,NMS,False,False
TOUR,TUNIU CORP,NAS,False,False
NERV,MINERVA NEUROSCIENCES INC,NAS,False,False
IMUX,IMMUNIC INC,NAS,False,False
NAVI,NAVIENT CORPORATION,NSQ,False,False
VIRT,VIRTU FINL INC,NYSE,True,True
LRMR,LARIMAR THERAPEUTICS INC,NMS,False,False
JD,JD.COM INC,NSQ,True,True
MTLS,MATERIALISE NV,NSQ,False,False
SFBS,SERVISFIRST BANCSHARES INC,NYSE,True,True
VNOM,VIPER ENERGY INC,NSQ,True,True
FMBH,FIRST MID BANCSHARES INC,NMS,False,False
BWFG,BANKWELL FINL GROUP INC,NMS,False,False
TBPH,THERAVANCE BIOPHARMA INC,NMS,False,False
ISTR,INVESTAR HOLDING CORP,NMS,False,False
CTRE,CARETRUST REIT INC,NYSE,True,True
ARDX,ARDELYX INC,NMS,False,False
AMPH,AMPHASTAR PHARMACEUTICALS INC,NSQ,False,False
GPRO,GOPRO INC,NSQ,False,False
XNET,XUNLEI LTD,NSQ,False,False
AMTX,AEMETIS INC,NMS,False,False
HQY,HEALTHEQUITY INC,NSQ,True,True
ATRA,ATARA BIOTHERAPEUTICS INC,NSQ,False,False
TRUP,TRUPANION INC,NMS,False,False
LOCO,EL POLLO LOCO HLDGS INC,NSQ,False,False
LNTH,LANTHEUS HLDGS INC,NMS,True,True
OCUL,OCULAR THERAPEUTIX INC,NMS,True,True
ANY,SPHERE 3D CORP NEW,NAS,False,False
CDNA,CAREDX INC,NMS,False,False
LFWD,LIFEWARD LTD,NAS,False,False
ELDN,ELEDON PHARMACEUTICALS INC,NAS,False,False
PRQR,PROQR THRAPEUTICS N V,NAS,False,False
XENE,XENON PHARMACEUTICALS INC,NMS,True,True
PLAY,DAVE & BUSTERS ENTMT INC,NSQ,False,False
UPLD,UPLAND SOFTWARE INC,NMS,False,False
SEDG,SOLAREDGE TECHNOLOGIES INC,NSQ,False,False
TARA,PROTARA THERAPEUTICS INC,NMS,False,False
CZR,CAESARS ENTERTAINMENT INC NEW,NSQ,True,True
TFIN,TRIUMPH FINANCIAL INC,NYSE,False,False
CHRS,COHERUS ONCOLOGY INC,NMS,False,False
OCGN,OCUGEN INC,NAS,False,False
KE,KIMBALL ELECTRONICS INC,NSQ,False,False
KYNB,KYNTRA BIO INC,NSQ,False,False
FRPT,FRESHPET INC,NMS,False,False
CBFV,CB FINL SVCS INC,NMS,False,False
JRVR,JAMES RIV GROUP LTD,NSQ,False,False
MOMO,HELLO GROUP INC,NSQ,False,False
RCKT,ROCKET PHARMACEUTICALS INC,NMS,False,False
DCOY,DECOY THERAPEUTICS INC,NAS,False,False
ASND,ASCENDIS PHARMA A/S,NSQ,False,False
FNWB,FIRST NORTHWEST BANCORP,NMS,False,False
QRVO,QORVO INC,NSQ,True,True
XBIT,XBIOTECH INC,NSQ,False,False
RKDA,ARCADIA BIOSCIENCES INC,NAS,False,False
IOVA,IOVANCE BIOTHERAPEUTICS INC,NMS,False,False
ETSY,ETSY INC,NYSE,True,True
ZVRA,ZEVRA THERAPEUTICS INC,NSQ,False,False
KRNT,KORNIT DIGITAL LTD,NSQ,False,False
COLL,COLLEGIUM PHARMACEUTICAL INC,NSQ,False,False
ATYR,ATYR PHARMA INC,NAS,False,False
BZUN,BAOZUN INC,NSQ,False,False
WING,WINGSTOP INC,NSQ,False,False
APPF,APPFOLIO INC,NMS,False,False
ALRM,ALARM COM HLDGS INC,NSQ,True,True
MCRB,SERES THERAPEUTICS INC,NSQ,False,False
NTRA,NATERA INC,NSQ,True,True
RPD,RAPID7 INC,NMS,True,True
VTVT,VTV THERAPEUTICS INC,NAS,False,False
OLLI,OLLIES BARGAIN OUTLET HLDGS,NMS,True,True
LOB,LIVE OAK BANCSHARES INC,NYSE,False,False
MCFT,MASTERCRAFT BOAT HLDGS INC,NMS,False,False
RUN,SUNRUN INC,NSQ,False,False
SYRE,SPYRE THERAPEUTICS INC,NSQ,True,True
PRHI,PRESURANCE HOLDINGS INC,NAS,False,False
KHC,KRAFT HEINZ CO,NSQ,True,True
PYPL,PAYPAL HLDGS INC,NSQ,True,True
LITE,LUMENTUM HLDGS INC,NSQ,True,True
IBRX,IMMUNITYBIO INC,NSQ,False,False
XELB,XCEL BRANDS INC,NAS,False,False
PMTS,CPI CARD GROUP INC,NMS,False,False
PDSB,PDS BIOTECHNOLOGY CORP,NAS,False,False
ACRS,ACLARIS THERAPEUTICS INC,NSQ,False,False
RGNX,REGENXBIO INC,NSQ,False,False
SGRY,SURGERY PARTNERS INC,NSQ,True,True
CTMX,CYTOMX THERAPEUTICS INC.,NSQ,False,False
NVCR,NOVOCURE LTD,NSQ,True,True
CSW,CSW INDUSTRIALS INC,NYSE,False,False
DLTH,DULUTH HLDGS INC,NSQ,False,False
EQBK,EQUITY BANCSHARES INC,NYSE,False,False
VYGR,VOYAGER THERAPEUTICS INC,NSQ,False,False
WVE,WAVE LIFE SCIENCES INC,NMS,False,False
MTCH,MATCH GROUP INC NEW,NSQ,True,True
ONC,BEONE MEDICINES LTD,NSQ,False,False
FGBI,FIRST GTY BANCSHARES INC,NMS,False,False
KURA,KURA ONCOLOGY INC,NSQ,True,True
TEAM,ATLASSIAN CORPORATION,NSQ,True,True
GSM,FERROGLOBE PLC,NAS,False,False
GWRS,GLOBAL WTR RES INC,NMS,False,False
TCMD,TACTILE SYS TECHNOLOGY INC,NMS,False,False
EDIT,EDITAS MEDICINE INC,NSQ,False,False
AVGO,BROADCOM INC,NSQ,True,True
CRVS,CORVUS PHARMACEUTICALS INC,NMS,False,False
SNDX,SYNDAX PHARMACEUTICALS INC,NSQ,True,True
NTLA,INTELLIA THERAPEUTICS INC,NMS,True,True
RRR,RED ROCK RESORTS INC,NSQ,False,False
MTVA,METAVIA INC,NAS,False,False
MSBI,MIDLAND STATES BANCORP INC,NSQ,False,False
RNAC,CARTESIAN THERAPEUTICS INC,NMS,False,False
APVO,APTEVO THERAPEUTICS INC,NAS,False,False
PI,IMPINJ INC,NSQ,False,False
KNSL,KINSALE CAP GROUP INC,NYSE,False,False
CPHC,CANTERBURY PK HLDG CORP,NMS,False,False
IRDM,IRIDIUM COMMUNICATIONS INC,NSQ,True,True
EML,EASTERN CO,NMS,False,False
INO,INOVIO PHARMACEUTICALS INC,NAS,False,False
CMCT,Creative Media & Community Trust Corporation,NAS,False,False
OPK,OPKO HEALTH INC,NSQ,False,False
TLF,TANDY LEATHER FACTORY INC,NAS,False,False
SVA,SINOVAC BIOTECH LTD,NSQ,False,False
ACIW,ACI WORLDWIDE INC,NSQ,True,True
AAPL,APPLE INC,NSQ,True,True
AAON,AAON INC,NSQ,False,False
ACLS,AXCELIS TECHNOLOGIES INC,NSQ,False,False
ARCB,ARCBEST CORP,NSQ,False,False
ACAD,ACADIA PHARMACEUTICALS INC,NSQ,True,True
ACGL,ARCH CAP GROUP LTD,NSQ,True,True
AAME,ATLANTIC AMERN CORP,NMS,False,False
ABCB,AMERIS BANCORP,NYSE,True,True
ANIK,ANIKA THERAPEUTICS INC,NSQ,False,False
ANDE,ANDERSONS INC,NSQ,False,False
ALGT,ALLEGIANT TRAVEL CO,NSQ,False,False
AMRN,AMARIN CORP PLC,NAS,False,False
AMAT,APPLIED MATLS INC,NSQ,True,True
ALGN,ALIGN TECHNOLOGY INC,NSQ,True,True
ALKS,ALKERMES PLC,NSQ,True,True
AMGN,AMGEN INC,NSQ,True,True
AMSF,AMERISAFE INC,NSQ,False,False
AMSC,AMERICAN SUPERCONDUCTOR CORP,NSQ,False,False
YDKG,YUEDA DIGITAL HOLDING,NAS,False,False
AMKR,AMKOR TECHNOLOGY INC,NSQ,True,True
ALNY,ALNYLAM PHARMACEUTICALS INC,NSQ,True,True
ALCO,ALICO INC,NSQ,False,False
AMZN,AMAZON COM INC,NSQ,True,True
ALNT,ALLIENT INC,NMS,False,False
ANGO,ANGIODYNAMICS INC,NSQ,False,False
ADP,AUTOMATIC DATA PROCESSING INC,NSQ,True,True
ARQ,ARQ INC,NMS,False,False
ADSK,AUTODESK INC,NSQ,True,True
ACTG,ACACIA RESH CORP,NSQ,False,False
AEIS,ADVANCED ENERGY INDS,NSQ,False,False
ADBE,ADOBE INC,NSQ,True,True
RAMP,LIVERAMP HLDGS INC,NYSE,True,True
CNVS,CINEVERSE CORP,NAS,False,False
AKAM,AKAMAI TECHNOLOGIES INC,NSQ,True,True
MFIC,MIDCAP FINANCIAL INVSTMNT CORP,NSQ,False,False
AGYS,AGILYSYS INC,NSQ,False,False
ADTN,ADTRAN HOLDINGS INC,NSQ,False,False
APOG,APOGEE ENTERPRISES INC,NSQ,False,False
ASTE,ASTEC INDS INC,NSQ,False,False
ATRC,ATRICURE INC,NMS,True,True
ATRO,ASTRONICS CORP,NSQ,False,False
CLDX,CELLDEX THERAPEUTICS INC NEW,NAS,False,False
ARCC,ARES CAPITAL CORP,NSQ,False,False
AROW,ARROW FINL CORP,NSQ,False,False
AVAV,AEROVIRONMENT INC,NSQ,False,False
ASYS,AMTECH SYS INC,NSQ,False,False
ARAY,ACCURAY INC DEL,NAS,False,False
THRM,GENTHERM INC,NSQ,False,False
ASRV,AMERISERV FINL INC,NMS,False,False
ARWR,ARROWHEAD PHARMACEUTICALS INC,NSQ,True,True
AUBN,AUBURN NATL BANCORP,NMS,False,False
ARTNA,ARTESIAN RES CORP,NSQ,False,False
AACG,ATA CREATIVITY GLOBAL,NAS,False,False
ARKR,ARK RESTAURANTS CORP,NMS,False,False
ATEC,ALPHATEC HLDGS INC,NSQ,False,False
AUDC,AUDIOCODES LTD,NSQ,False,False
ATNI,ATN INTL INC,NSQ,False,False
APEI,AMERICAN PUB ED INC,NSQ,False,False
OPCH,OPTION CARE HEALTH INC,NSQ,True,True
BCBP,BCB BANCORP INC,NMS,False,False
BIDU,BAIDU INC,NSQ,False,False
BCRX,BIOCRYST PHARMACEUTICALS INC,NSQ,True,True
BJRI,BJS RESTAURANTS INC,NSQ,False,False
BRKR,BRUKER CORP,NSQ,True,True
AZTA,AZENTA INC,NSQ,False,False
CALM,CAL MAINE FOODS INC,NSQ,False,False
CATY,CATHAY GEN BANCORP,NSQ,True,True
BSET,BASSETT FURNITURE INDS INC,NSQ,False,False
CCNE,CNB FINL CORP PA,NSQ,False,False
CDNS,CADENCE DESIGN SYSTEM INC,NSQ,True,True
CDZI,CADIZ INC,NMS,False,False
CERS,CERUS CORP,NMS,False,False
CCBG,CAPITAL CITY BANK,NSQ,False,False
CCOI,COGENT COMM HOLDINGS INC,NSQ,False,False
BCPC,BALCHEM CORP,NSQ,False,False
CBRL,CRACKER BARREL OLD CTRY STORE,NSQ,False,False
PRDO,PERDOCEO ED CORP,NSQ,True,True
CENX,CENTURY ALUM CO,NSQ,True,True
BMRN,BIOMARIN PHARMACEUTICAL INC,NSQ,True,True
CACC,CREDIT ACCEP CORP MICH,NSQ,False,False
CAKE,CHEESECAKE FACTORY INC,NSQ,False,False
CBAT,CBAK ENERGY TECHNOLOGY LTD,NAS,False,False
BGC,BGC GROUP INC,NSQ,True,True
BLDR,BUILDERS FIRSTSOURCE INC,NYSE,True,True
COST,COSTCO WHOLESALE CORPORATION,NSQ,True,True
COLM,COLUMBIA SPORTSWEAR CO,NSQ,False,False
CPRT,COPART INC,NSQ,True,True
COKE,COCA COLA CONS INC,NSQ,False,False
COLB,COLUMBIA BKG SYS INC,NSQ,True,True
CCEC,CAPITAL CLEAN ENERGY CARRIERS,NSQ,False,False
CROX,CROCS INC,NSQ,False,False
WOLF,WOLFSPEED INC,NYSE,False,False
COHU,COHU INC,NSQ,False,False
CPSS,CONSUMER PORTFOLIO SVCS INC,NMS,False,False
CRAI,CRA INTL INC,NSQ,False,False
CRMT,AMERICAS CAR-MART INC,NSQ,False,False
CRUS,CIRRUS LOGIC INC,NSQ,True,True
DGICA,DONEGAL GROUP INC,NSQ,False,False
DIOD,DIODES INC,NSQ,True,True
CRVL,CORVEL CORP,NSQ,False,False
DGII,DIGI INTL INC,NSQ,False,False
TCOM,TRIP COM GROUP LTD,NSQ,True,True
CVGI,COMMERCIAL VEH GROUP INC,NSQ,False,False
CSCO,CISCO SYS INC,NSQ,True,True
CTBI,COMMUNITY TR BANCORP INC,NSQ,False,False
CTSH,COGNIZANT TECHNOLOGY SOLUTIONS,NSQ,True,True
CRNT,CERAGON NETWORKS LTD,NSQ,False,False
CTAS,CINTAS CORP,NSQ,True,True
CVCO,CAVCO INDS INC DEL,NSQ,False,False
CWST,CASELLA WASTE SYS INC,NSQ,True,True
CSIQ,CANADIAN SOLAR INC,NSQ,False,False
CSWC,CAPITAL SOUTHWEST CORP,NSQ,False,False
CVLT,COMMVAULT SYS INC,NSQ,False,False
CVLG,COVENANT LOGISTICS GROUP INC,NYSE,False,False
DLTR,DOLLAR TREE INC,NSQ,True,True
DMRC,DIGIMARC CORP,NSQ,False,False
FOSL,FOSSIL GROUP INC,NSQ,False,False
FRME,FIRST MERCHANTS CORP,NSQ,True,True
EBAY,EBAY INC.,NSQ,True,True
FORM,FORMFACTOR INC,NSQ,True,True
EXPE,EXPEDIA GROUP INC,NSQ,True,True
ECPG,ENCORE CAP GROUP INC,NSQ,False,False
EDUC,EDUCATIONAL DEV CORP,NMS,False,False
EXTR,EXTREME NETWORKS INC,NSQ,True,True
EXPD,EXPEDITORS INTL WASH INC,NYSE,True,True
FBNC,FIRST BANCORP N C,NSQ,False,False
EXLS,EXLSERVICE HLDGS INC,NSQ,True,True
FAST,FASTENAL CO,NSQ,True,True
FORR,FORRESTER RESH INC,NSQ,False,False
BELFA,BEL FUSE INC,NSQ,False,False
BSRR,SIERRA BANCORP,NSQ,False,False
CASH,PATHWARD FINANCIAL INC,NSQ,False,False
ATLC,ATLANTICUS HOLDINGS CORP,NSQ,False,False
CECO,CECO ENVIRONMENTAL CORP,NSQ,False,False
CNMD,CONMED CORP,NYSE,False,False
CMTL,COMTECH TELECOMMUNICATIONS CP,NSQ,False,False
CASS,CASS INFORMATION SYS INC,NSQ,False,False
CRIS,CURIS INC,NAS,False,False
FFBC,1ST FINL BANCORP,NSQ,True,True
FITB,FIFTH THIRD BANCORP,NYSE,True,True
EXEL,EXELIXIS INC,NSQ,True,True
FSTR,FOSTER L B CO,NSQ,False,False
GASS,STEALTHGAS INC,NSQ,False,False
GAIN,GLADSTONE INVT CORP,NSQ,False,False
GBCI,GLACIER BANCORP INC NEW,NYSE,True,True
GAIA,GAIA INC NEW,NMS,False,False
AIFU,AIFU INC,NSQ,False,False
DXPE,DXP ENTERPRISES INC,NSQ,False,False
GABC,GERMAN AMERN BANCORP INC,NSQ,False,False
CLFD,CLEARFIELD INC,NMS,False,False
HALO,HALOZYME THERAPEUTICS INC,NSQ,True,True
FLEX,FLEX LTD,NSQ,True,True
CSGP,COSTAR GROUP INC,NSQ,True,True
FIZZ,NATIONAL BEVERAGE CORP,NSQ,False,False
CME,CME GROUP INC,NSQ,True,True
FCBC,FIRST CMNTY BANKSHARES INC VA,NSQ,False,False
FEIM,FREQUENCY ELECTRS INC,NMS,False,False
DXCM,DEXCOM INC,NSQ,True,True
CNOB,CONNECTONE BANCORP INC,NSQ,False,False
IBOC,INTERNATIONAL BANCSHARES CORP,NSQ,True,True
ICLR,ICON PUB LTD CO,NSQ,True,True
CVBF,CVB FINL CORP,NSQ,True,True
EXPO,EXPONENT INC,NSQ,False,False
EZPW,EZCORP INC,NSQ,False,False
DSWL,DESWELL INDS INC,NMS,False,False
CAC,CAMDEN NATL CORP,NSQ,False,False
CBAN,COLONY BANKCORP INC,NYSE,False,False
CBSH,COMMERCE BANCSHARES INC,NSQ,True,True
FISV,FISERV INC,NSQ,True,True
CMCSA,COMCAST CORP NEW,NSQ,True,True
FFIV,F5 INC,NSQ,True,True
FCNCA,FIRST CTZNS BANCSHARES INC DEL,NSQ,False,False
FFIN,FIRST FINL BANKSHARES INC,NSQ,True,True
ERIE,ERIE INDTY CO,NSQ,False,False
ESCA,ESCALADE INC,NMS,False,False
CYTK,CYTOKINETICS INC,NSQ,True,True
FLXS,FLEXSTEEL INDS INC,NSQ,False,False
FTEK,FUEL TECH INC,NAS,False,False
IESC,IES HOLDINGS INC,NMS,False,False
FLWS,1 800 FLOWERS COM INC,NSQ,False,False
FNLC,FIRST BANCORP INC ME,NSQ,False,False
ENTG,ENTEGRIS INC,NSQ,True,True
FUNC,FIRST UTD CORP,NSQ,False,False
CTRN,CITI TRENDS INC,NSQ,False,False
CLNE,CLEAN ENERGY FUELS CORP,NSQ,False,False
DXLG,DESTINATION XL GROUP INC,NAS,False,False
GENC,GENCOR INDS INC,ASE,False,False
GILD,GILEAD SCIENCES INC,NSQ,True,True
EHTH,EHEALTH INC,NSQ,False,False
FSLR,FIRST SOLAR INC,NSQ,True,True
MANH,MANHATTAN ASSOCIATES INC,NSQ,True,True
AIOT,POWERFLEET INC,NMS,False,False
GILT,GILAT SATELLITE NETWORKS LTD,NSQ,False,False
FWRD,FORWARD AIR CORP,NSQ,False,False
MNST,MONSTER BEVERAGE CORP NEW,NSQ,True,True
EGHT,8X8 INC NEW,NSQ,False,False
CMCO,COLUMBUS MCKINNON CORP N Y,NSQ,False,False
HAIN,HAIN CELESTIAL GROUP INC,NSQ,False,False
HAFC,HANMI FINL CORP,NSQ,False,False
HFWA,HERITAGE FINL CORP WASH,NSQ,False,False
BANF,BANCFIRST CORP,NSQ,False,False
EWBC,EAST WEST BANCORP INC,NSQ,True,True
FBIZ,FIRST BUSINESS FINL SVCS INC W,NSQ,False,False
IDCC,INTERDIGITAL INC,NSQ,False,False
CSPI,CSP INC,NMS,False,False
CWCO,CONSOLIDATED WATER CO INC,NSQ,False,False
FCEL,FUELCELL ENERGY INC,NMS,True,True
FELE,FRANKLIN ELEC INC,NSQ,False,False
CZWI,CITIZENS CMNTY BANCORP INC MD,NMS,False,False
DAKT,DAKTRONICS INC,NSQ,False,False
DORM,DORMAN PRODS INC,NSQ,False,False
HOPE,HOPE BANCORP INC,NSQ,True,True
NBIX,NEUROCRINE BIOSCIENCES INC,NSQ,True,True
NAII,NATURAL ALTERNATIVES INTL INC,NMS,False,False
IDXX,IDEXX LABS INC,NSQ,True,True
BLKB,BLACKBAUD INC,NSQ,False,False
AX,AXOS FINANCIAL INC,NYSE,True,True
BOKF,BOK FINL CORP,NSQ,False,False
BBGI,BEASLEY BROADCAST GROUP INC,NAS,False,False
BBSI,BARRETT BUSINESS SVCS INC,NSQ,False,False
OTTR,OTTER TAIL CORP,NSQ,False,False
OSUR,ORASURE TECHNOLOGIES INC,NSQ,False,False
IMMR,IMMERSION CORP,NSQ,False,False
INCY,INCYTE CORP,NSQ,True,True
GERN,GERON CORP,NSQ,False,False
ENSG,ENSIGN GROUP INC,NSQ,True,True
EQIX,EQUINIX INC,NSQ,True,True
PERI,PERION NETWORK LTD,NSQ,False,False
HWC,HANCOCK WHITNEY CORPORATION,NSQ,True,True
HBIO,HARVARD BIOSCIENCE INC,NAS,False,False
CENT,CENTRAL GARDEN & PET CO,NSQ,False,False
CHDN,CHURCHILL DOWNS INC,NSQ,True,True
EEFT,EURONET WORLDWIDE INC,NSQ,False,False
BUSE,FIRST BUSEY CORP,NSQ,True,True
CFFN,CAPITOL FED FINL INC,NSQ,False,False
ICFI,ICF INTL INC,NSQ,False,False
TILE,INTERFACE INC,NSQ,True,True
CGNX,COGNEX CORP,NSQ,True,True
BANR,BANNER CORP,NSQ,False,False
MCHX,MARCHEX INC,NSQ,False,False
CFFI,C & F FINL CORP,NSQ,False,False
CHCO,CITY HLDG CO,NSQ,False,False
MCHP,MICROCHIP TECHNOLOGY INC.,NSQ,True,True
STGW,STAGWELL INC,NSQ,False,False
MPB,MID PENN BANCORP INC,NMS,False,False
MCRI,MONARCH CASINO & RESORT INC,NSQ,False,False
CHKP,CHECK POINT SOFTWARE TECH LTD,NSQ,False,False
CHRW,C H ROBINSON WORLDWIDE IN,NSQ,True,True
ICUI,ICU MED INC,NSQ,False,False
ODFL,OLD DOMINION FREIGHT LINE INC,NSQ,True,True
POWI,POWER INTEGRATIONS INC,NSQ,True,True
POWL,POWELL INDS INC,NSQ,False,False
PRAA,PRA GROUP INC,NSQ,False,False
NBN,NORTHEAST BK PORTLAND ME,NMS,False,False
PODD,INSULET CORP,NSQ,True,True
NCMI,NATIONAL CINEMEDIA INC,NSQ,False,False
OFIX,ORTHOFIX MED INC,NSQ,False,False
NATH,NATHANS FAMOUS INC,NSQ,False,False
FOCL,EDAP TMS S A,NMS,False,False
ONTO,ONTO INNOVATION INC,NYSE,False,False
MBWM,MERCANTILE BK CORP,NSQ,False,False
NDSN,NORDSON CORP,NSQ,False,False
NFLX,NETFLIX INC.,NSQ,True,True
BIIB,BIOGEN INC,NSQ,True,True
JJSF,J & J SNACK FOODS CORP,NSQ,False,False
OCFC,OCEANFIRST FINL CORP,NSQ,True,True
NBTB,NBT BANCORP INC,NSQ,False,False
NEWT,NEWTEKONE INC,NMS,False,False
OCC,OPTICAL CABLE CORP,NMS,False,False
NEOG,NEOGEN CORP,NSQ,True,True
HBNC,HORIZON BANCORP IND,NSQ,False,False
HCSG,HEALTHCARE SVCS GROUP INC,NSQ,True,True
NDAQ,NASDAQ INC,NSQ,True,True
SNT,SENSTAR TECHNOLOGIES CORP,NMS,False,False
HCKT,HACKETT GROUP INC,NSQ,False,False
STRR,STAR EQUITY HOLDINGS INC,NSQ,False,False
HELE,HELEN OF TROY LTD,NSQ,False,False
HIMX,HIMAX TECHNOLOGIES INC,NSQ,False,False
RFIL,RF INDS LTD,NMS,False,False
EFSC,ENTERPRISE FINL SVCS CORP,NSQ,False,False
RMBS,RAMBUS INC DEL,NSQ,True,True
RMTI,ROCKWELL MED INC,NAS,False,False
ROCK,GIBRALTAR INDS INC,NSQ,False,False
RBC,RBC BEARINGS INC,NYSE,False,False
ROST,ROSS STORES INC,NSQ,True,True
MZTI,MARZETTI COMPANY,NSQ,False,False
RIGL,RIGEL PHARMACEUTICALS INC,NSQ,False,False
RGCO,RGC RES INC,NMS,False,False
RAIL,FREIGHTCAR AMER INC,NSQ,False,False
RMCF,ROCKY MTN CHOCOLATE FACTORY,NAS,False,False
RNST,RENASANT CORP,NYSE,True,True
LGND,LIGAND PHARMACEUTICALS INC,NMS,False,False
LARK,LANDMARK BANCORP INC,NMS,False,False
LMAT,LEMAITRE VASCULAR INC,NMS,False,False
LFUS,LITTELFUSE INC,NSQ,False,False
LKQ,LKQ CORP,NSQ,True,True
MATW,MATTHEWS INTL CORP,NSQ,False,False
LBTYA,LIBERTY GLOBAL LTD,NSQ,True,True
RGLD,ROYAL GOLD INC,NSQ,True,True
RCKY,ROCKY BRANDS INC,NSQ,False,False
RCMT,RCM TECHNOLOGIES INC,NMS,False,False
RVSB,RIVERVIEW BANCORP INC,NSQ,False,False
RUSHA,RUSH ENTERPRISES INC,NSQ,True,True
CEVA,CEVA INC,NSQ,False,False
SBAC,SBA COMMUNICATIONS CORP,NSQ,True,True
SBLK,STAR BULK CARRIERS CORP.,NSQ,False,False
UPBD,UPBOUND GROUP INC,NSQ,True,True
HIFS,HINGHAM INSTN SVGS MASS,NMS,False,False
HLIT,HARMONIC INC,NSQ,True,True
QUIK,QUICKLOGIC CORP,NAS,False,False
RBCAA,REPUBLIC BANCORP INC KY,NSQ,False,False
NXH,NEIGHBORHOOD INTELLIGENCE INC,NSQ,False,False
OVBC,OHIO VY BANC CORP,NMS,False,False
GLAD,GLADSTONE CAP CORP,NSQ,False,False
GLRE,GREENLIGHT CAP RE LTD,NSQ,False,False
GIII,G III APPAREL GROUP LTD,NSQ,False,False
INSM,INSMED INC,NSQ,True,True
ILMN,ILLUMINA INC,NSQ,True,True
GBLI,GLOBAL INDEMNITY GROUP LLC,NSQ,False,False
III,INFORMATION SVCS GROUP INC,NMS,False,False
INOD,INNODATA INC,NMS,False,False
INTC,INTEL CORP,NSQ,True,True
IIIN,INSTEEL INDS INC,NYSE,False,False
INDB,INDEPENDENT BK CORP MASS,NSQ,False,False
GNTX,GENTEX CORP,NSQ,True,True
GLNG,GOLAR LNG LTD,NSQ,False,False
IMKTA,INGLES MKTS INC,NSQ,False,False
IPAR,INTERPARFUMS INC,NSQ,False,False
GOOGL,ALPHABET INC,NSQ,True,True
BPOP,POPULAR INC,NSQ,True,True
IPGP,IPG PHOTONICS CORP,NSQ,False,False
GOOD,GLADSTONE COMMERCIAL CORP,NSQ,False,False
OLED,UNIVERSAL DISPLAY CORP,NSQ,False,False
IOSP,INNOSPEC INC,NSQ,False,False
BOOM,DMC GLOBAL INC,NSQ,False,False
OZK,BANK OZK LITTLE ROCK ARK,NSQ,True,True
GEOS,GEOSPACE TECHNOLOGIES CORP,NSQ,False,False
PATK,PATRICK INDS INC,NSQ,False,False
BRID,BRIDGFORD FOODS CORP,NMS,False,False
CINF,CINCINNATI FINL CORP,NSQ,True,True
FISI,FINANCIAL INSTITUTIONS INC,NSQ,False,False
AWRE,AWARE INC MASS,NMS,False,False
JKHY,HENRY JACK & ASSOC INC,NSQ,False,False
ANIP,ANI PHARMACEUTICALS INC,NMS,False,False
KEQU,KEWAUNEE SCIENTIFIC CORP,NMS,False,False
LAMR,LAMAR ADVERTISING CO,NSQ,True,True
DSGR,DISTRIBUTION SOLUTIONS GROUP INC,NSQ,False,False
LCUT,LIFETIME BRANDS INC,NSQ,False,False
LINC,LINCOLN EDL SVCS CORP,NSQ,False,False
BCIC,BCP INVESTMENT CORPORATION,NSQ,False,False
KELYA,KELLY SVCS INC,NSQ,False,False
LKFN,LAKELAND FINL CORP,NSQ,False,False
KLAC,KLA CORP,NSQ,True,True
JOUT,JOHNSON OUTDOORS INC,NSQ,False,False
OFLX,OMEGA FLEX INC,NMS,False,False
LECO,LINCOLN ELEC HLDGS INC,NSQ,False,False
SENEA,SENECA FOODS CORP NEW,NSQ,False,False
SGC,SUPERIOR GROUP OF CO INC,NMS,False,False
LFCR,LIFECORE BIOMEDICAL INC,NSQ,False,False
LSTR,LANDSTAR SYS INC,NSQ,False,False
SMCI,SUPER MICRO COMPUTER INC,NSQ,True,True
NKTR,NEKTAR THERAPEUTICS,NAS,False,False
SAIA,SAIA INC,NSQ,False,False
LSCC,LATTICE SEMICONDUCTOR CORP,NSQ,True,True
LWAY,LIFEWAY FOODS INC,NMS,False,False
NTAP,NETAPP INC,NSQ,True,True
NCTY,THE9 LTD,NAS,False,False
SSB,SOUTHSTATE BK CORP,NYSE,True,True
NNBR,NN INC,NSQ,False,False
SAFT,SAFETY INS GROUP INC,NSQ,False,False
SKYW,SKYWEST INC,NSQ,False,False
SBUX,STARBUCKS CORP,NSQ,True,True
NRIM,NORTHRIM BANCORP INC,NSQ,False,False
OMCL,OMNICELL COM,NSQ,True,True
SLGN,SILGAN HLDGS INC,NYSE,True,True
ECHO,ECHOSTAR CORP,NSQ,True,True
SFNC,SIMMONS FIRST NATL CORP,NSQ,True,True
SBGI,SINCLAIR INC,NSQ,False,False
RDNT,RADNET INC,NMS,True,True
RDWR,RADWARE LTD,NSQ,False,False
RELL,RICHARDSON ELECTRS LTD,NSQ,False,False
SHEN,SHENANDOAH TELECOMMUNICATIONS,NSQ,False,False
SBSI,SOUTHSIDE BANCSHARES INC,NYSE,False,False
REGN,REGENERON PHARMACEUTICALS,NSQ,True,True
SHOO,MADDEN STEVEN LTD,NSQ,True,True
SIFY,SIFY TECHNOLOGIES LTD,NAS,False,False
FRPH,FRP HLDGS INC,NSQ,False,False
INTU,INTUIT,NSQ,True,True
NVDA,NVIDIA CORPORATION,NSQ,True,True
SRPT,SAREPTA THERAPEUTICS INC,NSQ,True,True
KTOS,KRATOS DEFENSE & SEC SOLUTIONS,NSQ,True,True
KRNY,KEARNY FINL CORP MD,NSQ,False,False
AXTI,AXT INC,NSQ,False,False
TECH,BIO-TECHNE CORP,NSQ,True,True
TSBK,TIMBERLAND BANCORP INC,NMS,False,False
UEIC,UNIVERSAL ELECTRS INC,NSQ,False,False
PAMT,PAMT CORP,NMS,False,False
PZZA,PAPA JOHNS INTL INC,NSQ,False,False
VLGEA,VILLAGE SUPER MKT INC,NSQ,False,False
TTGT,TECHTARGET INC,NSQ,False,False
LSAK,LESAKA TECHNOLOGIES INC,NSQ,False,False
IBKR,INTERACTIVE BROKERS GROUP INC,NSQ,True,True
VNDA,VANDA PHARMACEUTICALS INC,NMS,False,False
NXDT,NEXPOINT DIVERSIFIED REL ET TR,NYSE,False,False
SEVN,SEVEN HILLS REALTY TRUST,NAS,False,False
CRMD,CORMEDIX INC,NMS,False,False
ELMD,ELECTROMED INC,ASE,False,False
INFU,INFUSYSTEM HLDGS INC,ASE,False,False
IBIO,IBIO INC,NAS,False,False
LODE,COMSTOCK INC,ASE,False,False
ELLO,ELLOMAY CAPITAL LIMITED,ASE,False,False
TWAV,TAOWEAVE INC,NAS,False,False
RLGT,RADIANT LOGISTICS INC,ASE,False,False
UAMY,UNITED STATES ANTIMONY CORP,NYSE,False,False
OGEN,ORAGENICS INC,ASE,False,False
NSPR,INSPIREMD INC,NAS,False,False
TXMD,THERAPEUTICSMD INC,NSQ,False,False
AIRI,AIR INDS GROUP,ASE,False,False
IRT,INDEPENDENCE RLTY TR INC,NYSE,True,True
REI,RING ENERGY INC,ASE,False,False
PED,PEDEVCO CORP,ASE,False,False
NNVC,NANOVIRICIDES INC,ASE,False,False
CANF,CAN FITE BIOFARMA LTD,ASE,False,False
LIQT,LIQTECH INTL INC,NAS,False,False
ACCS,ACCESS NEWSWIRE INC,ASE,False,False
ATNM,ACTINIUM PHARMACEUTICALS INC,ASE,False,False
GSAT,GLOBALSTAR INC,NSQ,False,False
PARR,PAR PAC HOLDINGS INC,NYSE,True,True
BGSF,BGSF INC,NYSE,False,False
NTIP,NETWORK-1 TECHNOLOGIES INC,ASE,False,False
VATE,INNOVATE CORP,NYSE,False,False
VNRX,VOLITIONRX LTD,ASE,False,False
PZG,PARAMOUNT GOLD NEV CORP,ASE,False,False
MLSS,MILESTONE SCIENTIFIC INC,ASE,False,False
ARMP,ARMATA PHARMACEUTICALS INC,ASE,False,False
XTNT,XTANT MED HLDGS INC,ASE,False,False
IMDX,INSIGHT MOLECULAR DIA INC,NAS,False,False
SENS,SENSEONICS HLDGS INC,NSQ,False,False
ZDGE,ZEDGE INC,ASE,False,False
MPU,MEGA MATRIX INC,ASE,False,False
ACU,ACME UTD CORP,ASE,False,False
APT,ALPHA PRO TECH LTD,ASE,False,False
AMS,AMERICAN SHARED HOSPITAL SVCS,ASE,False,False
BDL,FLANIGANS ENTERPRISES INC,ASE,False,False
BHB,BAR HBR BANKSHARES,ASE,False,False
BTI,BRITISH AMERN TOB PLC,NYSE,True,True
APYX,APYX MEDICAL CORPORATION,NSQ,False,False
CMT,CORE MOLDING TECHNOLOGIES INC,ASE,False,False
CTO,CTO RLTY GROWTH INC NEW,NYSE,False,False
EVI,EVI INDS INC,ASE,False,False
GPUS,HYPERSCALE DATA INC,ASE,False,False
ESP,ESPEY MFG & ELECTRS CORP,ASE,False,False
DSS,DSS INC,ASE,False,False
FRD,FRIEDMAN INDS INC,NSQ,False,False
AWX,AVALON HLDGS CORP,ASE,False,False
ELA,ENVELA CORP,ASE,False,False
GTE,GRAN TIERRA ENERGY INC,ASE,False,False
FSP,FRANKLIN STR PPTYS CORP,ASE,False,False
GBR,NEW CONCEPT ENERGY INC,ASE,False,False
AIM,AIM IMMUNOTECH INC,ASE,False,False
FSI,FLEXIBLE SOLUTIONS INTL INC,ASE,False,False
GRC,GORMAN RUPP CO,NYSE,False,False
CVR,CHICAGO RIVET & MACH CO,ASE,False,False
IGC,IGC PHARMA INC,ASE,False,False
DIT,AMCON DISTRG CO,ASE,False,False
CVM,CEL-SCI CORP,ASE,False,False
DXR,DAXOR CORP,NAS,False,False
JOB,GEE GROUP INC,ASE,False,False
IDN,INTELLICHECK MOBILISA INC,NMS,False,False
BRN,BARNWELL INDS INC,ASE,False,False
CVU,CPI AEROSTRUCTURES INC,ASE,False,False
CKX,CKX LDS INC,ASE,False,False
LNG,CHENIERE ENERGY INC,NYSE,True,True
LGL,LGL GROUP INC,ASE,False,False
MSN,EMERSON RADIO CORP,ASE,False,False
MXC,MEXCO ENERGY CORP,ASE,False,False
NOG,NORTHERN OIL & GAS INC,NYSE,True,True
NEN,NEW ENGLAND RLTY ASSOC LTD PAR,ASE,False,False
NHC,NATIONAL HEALTHCARE CORP,ASE,False,False
SDEV,STABLECOIN DEV CORP,ASE,False,False
EPM,EVOLUTION PETE CORP,ASE,False,False
ERNA,ERNEXA THERAPEUTICS INC,NAS,False,False
TOVX,THERIVA BIOLOGICS INC,ASE,False,False
PRK,PARK NATL CORP,ASE,False,False
PLX,PROTALIX BIOTHERAPEUTICS INC,ASE,False,False
PTN,PALATIN TECHNOLOGIES INC,NAS,False,False
BKTI,BK TECHNOLOGIES CORPORATION,ASE,False,False
SIM,GRUPO SIMEC SAB DE C V,ASE,False,False
SIF,SIFCO INDS INC,ASE,False,False
INUV,INUVO INC,ASE,False,False
TMP,TOMPKINS FINL CORP,ASE,False,False
CATX,PERSPECTIVE THERAPEUTICS INC,ASE,False,False
REPX,RILEY EXPLORATION PERMIAN INC,ASE,False,False
RVP,RETRACTABLE TECHNOLOGIES INC,ASE,False,False
UEC,URANIUM ENERGY CORP,ASE,True,True
SEB,SEABOARD CORP DEL,ASE,False,False
TRT,TRIO TECH INTL,ASE,False,False
VHC,VIRNETX HLDG CORP,NAS,False,False
UUU,UNIVERSAL SAFETY PRODS INC,ASE,False,False
VGZ,VISTA GOLD CORP,ASE,False,False
WYY,WIDEPOINT CORP,ASE,False,False
XPL,SOLITARIO RESOURCES CORP,ASE,False,False
REED,REEDS INC,ASE,False,False
INTT,INTEST CORP,ASE,False,False
AGIG,ABUNDIA GLOBAL IMPACT GROUP,ASE,False,False
CIX,COMPX INTL INC,ASE,False,False
LEU,CENTRUS ENERGY CORP,NYSE,False,False
LCTX,LINEAGE CELL THERAPEUTICS INC,ASE,False,False
IRD,OPUS GENETICS INC,NAS,False,False
MHH,MASTECH HLDGS INC,ASE,False,False
SGA,SAGA COMMUNICATIONS INC,NMS,False,False
PLAG,PLANET GREEN HLDGS CORP,ASE,False,False
CPHI,CHINA PHARMA HLDGS INC,ASE,False,False
GRFS,GRIFOLS S A,NSQ,False,False
BLRX,BIOLINE RX LIMITED,NAS,False,False
META,META PLATFORMS INC,NSQ,True,True
IMMP,IMMUTEP LTD,NMS,False,False
RDHL,REDHILL BIOPHARMA LTD,NAS,False,False
NRC,NRC HEALTH,NSQ,False,False
NWS,NEWS CORP NEW,NSQ,True,True
VIVS,VIVOSIM LABS INC,NAS,False,False
XTLB,XTL BIOPHARMACEUTICALS LTD,NAS,False,False
GOOG,ALPHABET INC,NSQ,True,True
DBVT,DBV TECHNOLOGIES S A,NAS,False,False
SMFG,SUMITOMO MITSUI FIN GRP INC,NYSE,False,False
CPAC,CEMENTOS PACASMAYO S A A,NYSE,False,False
BBDO,BANCO BRADESCO S A,NYSE,False,False
LND,BRASILAGRO COMPANHIA BRASILEIR,NYSE,False,False
SBSW,SIBANYE STILLWATER LTD,NYSE,True,True
VLRS,CONTROLADORA VUELA COMP DE AVI,NYSE,False,False
ABEV,AMBEV SA,NYSE,False,False
SMMT,SUMMIT THERAPEUTICS INC,NMS,True,True
CLLS,CELLECTIS S A,NMS,False,False
SCNI,SCINAI IMMUNOTHERAPEUTICS LTD,NAS,False,False
LKFT,LAKEFRONT BIOTHERAPEUTICS NV,NSQ,False,False
AVAL,GRUPO AVAL ACCIONES Y VALORES,NYSE,False,False
LILA,LIBERTY LATIN AMERICA LTD,NSQ,False,False
LILAK,LIBERTY LATIN AMERICA LTD,NSQ,False,False
AXTA,AXALTA COATING SYS LTD,NYSE,True,True
Z,ZILLOW GROUP INC,NSQ,True,True
BNTC,BENITEC BIOPHARMA INC,NAS,False,False
RC,READY CAPITAL CORP,NYSE,False,False
MESO,MESOBLAST LTD,NSQ,False,False
CWEN,CLEARWAY ENERGY INC,NYSE,True,True
PPBT,PURPLE BIOTECH LTD,NAS,False,False
NNDM,NANO DIMENSION LTD,NAS,False,False
HCM,HUTCHMED CHINA LTD,NSQ,False,False
BATRA,ATLANTA BRAVES HLDGS INC,NSQ,False,False
BATRK,ATLANTA BRAVES HLDGS INC,NSQ,False,False
MYSZ,MY SIZE INC,NAS,False,False
AIRG,AIRGAIN INC,NAS,False,False
MEDP,MEDPACE HLDGS INC,NSQ,False,False
CHRN,CHRONOSCALE HOLDINGS CORP,NAS,False,False
QNRX,QUOIN PHARMACEUTICALS LTD,NAS,False,False
ENIC,ENEL CHILE SA,NYSE,False,False
XRN,CHIRON REAL ESTATE INC,NYSE,False,False
BIO B,BIO RAD LABS INC,NYSE,False,False
ASML,ASML HLDG NV,NSQ,False,False
BELFB,BEL FUSE INC,NSQ,False,False
DGICB,DONEGAL GROUP INC,NSQ,False,False
CRESY,CRESUD S A C I F Y A,NSQ,False,False
FORTY,FORMULA SYSTEMS 1985 LTD,NSQ,False,False
DRD,DRDGOLD LIMITED,NYSE,False,False
INFY,INFOSYS LTD,NYSE,True,True
TEVA,TEVA PHARMACEUTICAL INDS LTD,NYSE,True,True
AEG,AEGON LTD,NYSE,False,False
AGM A,FEDERAL AGRIC MTG CORP,NYSE,False,False
GGAL,GRUPO FINANCIERO GALICIA S.A.,NAS,False,False
AKO B,EMBOTELLADORA ANDINA S A,NYSE,False,False
CASY,CASEYS GEN STORES INC,NSQ,False,False
AKO A,EMBOTELLADORA ANDINA S A,NYSE,False,False
AMX,AMERICA MOVIL SAB DE CV,NYSE,True,True
ASX,ASE TECHNOLOGY HLDG CO LTD,NYSE,True,True
ASR,GRUPO AEROPORTUARIO DEL SUREST,NYSE,False,False
ATR,APTARGROUP INC,NYSE,True,True
AUOTY,AUO CORPORATION,PINL,False,False
AU,ANGLOGOLD ASHANTI PLC,NYSE,True,True
BBVA,BANCO BILBAO VIZCAYA ARGENTARI,NYSE,True,True
BCH,BANCO DE CHILE,NYSE,False,False
BCS,BARCLAYS PLC,NYSE,True,True
BF A,BROWN FORMAN CORP,NYSE,False,False
BBAR,BANCO BBVA ARGENTINA S A,NYSE,False,False
COHR,COHERENT CORP,NYSE,True,True
BHP,BHP BILLITON LIMITED,NYSE,False,False
CENTA,CENTRAL GARDEN & PET CO,NSQ,True,True
BMA,BANCO MACRO S A,NYSE,False,False
BP,BP PLC,NYSE,True,True
ATHE,ALTERITY THERAPEUTICS LTD,NAS,False,False
BVN,COMPANIA DE MINAS BUENAVENTURA,NYSE,True,True
NICE,NICE LTD,NSQ,False,False
CAJPY,CANON INC,PINL,False,False
LBTYK,LIBERTY GLOBAL LTD,NSQ,True,True
UONE,URBAN ONE INC,NAS,False,False
CIG C,CIA ENERGETICA DE MINAS GERAIS,NYSE,False,False
LBTYB,LIBERTY GLOBAL LTD,NSQ,False,False
RUSHB,RUSH ENTERPRISES INC,NSQ,False,False
CRD A,CRAWFORD & CO,NYSE,False,False
CCU,COMPANIA CERVECERIAS UNIDAS S,NYSE,False,False
CX,CEMEX SAB DE CV,NYSE,True,True
DEO,DIAGEO PLC,NYSE,False,False
E,ENI SPA,NYSE,False,False
EDN,EMPRESA DIST Y COMERCIAL NORTE,NYSE,False,False
EMBJ,EMBRAER S.A.,NYSE,False,False
OMAB,GRUPO AEROPORTUARIO DEL CENTRO,NSQ,False,False
NTES,NETEASE COM INC,NSQ,False,False
ORLY,OREILLY AUTOMOTIVE INC,NSQ,True,True
RGP,RESOURCES CONNECTION INC,NSQ,False,False
SHBI,SHORE BANCSHARES INC,NSQ,False,False
GRMN,GARMIN LTD,NYSE,True,True
GPRE,GREEN PLAINS INC,NSQ,True,True
ERIC,TELEFONAKTIEBOLAGET LM ERICSS,NSQ,True,True
HBAN,HUNTINGTON BANCSHARES INC,NSQ,True,True
FULT,FULTON FINL CORP PA,NSQ,True,True
LAKE,LAKELAND INDS INC,NMS,False,False
PROV,PROVIDENT FINL HLDGS INC,NSQ,False,False
ITIC,INVESTORS TITLE CO NC,NSQ,False,False
KALU,KAISER ALUMINIUM CORPORATION,NSQ,False,False
KELYB,KELLY SVCS INC,NSQ,False,False
KLIC,KULICKE & SOFFA INDS INC,NSQ,True,True
FMS,FRESENIUS MEDICAL CARE AG,NYSE,False,False
IA,INNOVATIVE SOLUTIONS & SUPPORT,NSQ,False,False
FMX,FOMENTO ECONOMICO MEXICANO S A,NYSE,False,False
KOPN,KOPIN CORP,NAS,False,False
SYPR,SYPRIS SOLUTIONS INC,NMS,False,False
GEN,GEN DIGITAL INC,NSQ,True,True
KFFB,KENTUCKY FIRST FED BANCORP,NMS,False,False
KNDI,KANDI TECHNOLOGIES GROUP INC,NSQ,False,False
KFRC,KFORCE INC,NYSE,False,False
IRIX,IRIDEX CORP,NAS,False,False
IONS,IONIS PHARMACEUTICALS INC,NSQ,True,True
ISRG,INTUITIVE SURGICAL INC,NSQ,True,True
SCSC,SCANSOURCE INC,NSQ,False,False
SEIC,SEI INVTS CO,NSQ,True,True
SYNA,SYNAPTICS INC,NSQ,False,False
PETS,PETMED EXPRESS INC,NSQ,False,False
PEGA,PEGASYSTEMS INC,NSQ,True,True
RGEN,REPLIGEN CORP,NSQ,False,False
SHOE,SHOE STA GROUP INC,NSQ,False,False
STRL,STERLING INFRASTRUCTURE INC,NSQ,False,False
ITRI,ITRON INC,NSQ,False,False
ITRN,ITURAN LOCATION AND CONTROL,NSQ,False,False
GEF B,GREIF INC,NYSE,False,False
POOL,POOL CORP,NSQ,False,False
PAYX,PAYCHEX INC,NSQ,True,True
PEBO,PEOPLES BANCORP INC,NSQ,False,False
GFI,GOLD FIELDS LTD,NYSE,True,True
PENN,PENN ENTERTAINMENT INC,NSQ,True,True
SLAB,SILICON LABORATORIES INC,NSQ,False,False
PCAR,PACCAR INC,NSQ,True,True
LRCX,LAM RESEARCH CORP,NSQ,True,True
LSBK,LAKE SHORE BANCORP INC,NMS,False,False
SIGI,SELECTIVE INS GROUP INC,NSQ,True,True
LULU,LULULEMON ATHLETICA INC,NSQ,True,True
STRA,STRATEGIC ED INC,NSQ,False,False
SNPS,SYNOPSYS INC,NSQ,True,True
DWSN,DAWSON GEOPHYSICAL CO NEW,NSQ,False,False
STX,SEAGATE TECHNOLOGY HLDNGS PLC,NSQ,True,True
LQDT,LIQUIDITY SVCS INC,NSQ,False,False
TCBI,TEXAS CAP BANCSHARES INC,NSQ,False,False
SNFCA,SECURITY NATL FINL CORP,NMS,False,False
GTN A,GRAY MEDIA INC,NYSE,False,False
STRT,STRATTEC SEC CORP,NMS,False,False
MFIN,MEDALLION FINANCIAL CORP,NSQ,False,False
HOMB,HOME BANCSHARES INC,NYSE,True,True
HWKN,HAWKINS INC,NSQ,False,False
FRST,PRIMIS FINANCIAL CORP,NMS,False,False
TFSL,TFS FINL CORP,NSQ,False,False
HSBC,HSBC HLDGS PLC,NYSE,False,False
INVA,INNOVIVA INC,NSQ,True,True
HDB,HDFC BANK LTD,NYSE,True,True
HEI A,HEICO CORP NEW,NYSE,True,True
SOHU,SOHU COM LTD,NSQ,False,False
RBBN,RIBBON COMMUNICATIONS INC,NSQ,False,False
HL,HECLA MINING COMPANY,NYSE,True,True
TTWO,TAKE-TWO INTERACTIVE SOFTWARE,NSQ,True,True
HTLD,HEARTLAND EXPRESS INC,NSQ,False,False
SMBC,SOUTHERN MO BANCORP INC,NMS,False,False
HOFT,HOOKER FURNISHINGS CORPORATION,NSQ,False,False
HMC,HONDA MOTOR CO LTD,NYSE,False,False
TSCO,TRACTOR SUPPLY CO,NSQ,True,True
HMY,HARMONY GOLD MNG LTD,NYSE,True,True
TITN,TITAN MACHY INC,NSQ,False,False
TRS,TRIMAS CORP,NSQ,False,False
LXRX,LEXICON PHARMACEUTICALS INC,NAS,False,False
LYTS,LSI INDS INC OHIO,NSQ,False,False
SMTC,SEMTECH CORP,NSQ,True,True
HLIO,HELIOS TECHNOLOGIES INC,NYSE,False,False
TBBK,BANCORP INC DEL,NSQ,False,False
TTMI,TTM TECHNOLOGIES INC,NSQ,True,True
TATT,TAT TECHNOLOGIES LTD,NMS,False,False
AXON,AXON ENTERPRISE INC,NSQ,True,True
ON,ON SEMICONDUCTOR CORP,NSQ,True,True
HSTM,HEALTHSTREAM INC,NSQ,False,False
TTEC,TTEC HLDGS INC,NSQ,False,False
TACT,TRANSACT TECHNOLOGIES INC,NMS,False,False
SWKS,SKYWORKS SOLUTIONS INC,NSQ,True,True
SBCF,SEACOAST BKG CORP FLA,NSQ,True,True
SENEB,SENECA FOODS CORP NEW,NSQ,False,False
HVT A,HAVERTY FURNITURE COS INC,NYSE,False,False
OSIS,OSI SYSTEMS INC,NSQ,False,False
PRTS,CARPARTS COM INC,NAS,False,False
PSEC,PROSPECT CAP CORP,NSQ,False,False
NVMI,NOVA LTD,NSQ,False,False
IBN,ICICI BK LTD,NYSE,True,True
FLNA,FILANA THERAPEUTICS INC,NAS,False,False
OSBC,OLD SECOND BANCORP INC DEL,NSQ,False,False
ULTA,ULTA BEAUTY INC,NSQ,False,False
PSMT,PRICESMART INC,NSQ,False,False
USLM,UNITED STS LIME & MINERALS INC,NSQ,False,False
IHG,INTERCONTINENTAL HOTELS GROUP,NYSE,False,False
SPOK,SPOK HLDGS INC,NSQ,False,False
STBA,S & T BANCORP INC,NSQ,False,False
NSIT,INSIGHT ENTERPRISES INC,NSQ,False,False
NWFL,NORWOOD FINANCIAL CORP,NMS,False,False
ING,ING GROEP N.V.,NYSE,False,False
NVAX,NOVAVAX INC,NSQ,True,True
NSSC,NAPCO SEC TECHNOLOGIES INC,NSQ,False,False
NWPX,NWPX INFRASTRUCTURE INC,NSQ,False,False
KTCC,KEY TRONIC CORP,NMS,False,False
UNB,UNION BANKSHARES INC,NMS,False,False
SRCE,1ST SOURCE CORP,NSQ,False,False
SSYS,STRATASYS LTD,NSQ,False,False
IRS,IRSA INVERSIONES Y REP S A,NYSE,False,False
UMBF,UMB FINL CORP,NSQ,True,True
NTGR,NETGEAR INC,NSQ,False,False
NTCT,NETSCOUT SYS INC,NSQ,True,True
NTRS,NORTHERN TR CORP,NSQ,True,True
NWBI,NORTHWEST BANCSHARES INC,NSQ,True,True
KVHI,KVH INDS INC,NSQ,False,False
IX,ORIX CORP,NYSE,False,False
STAA,STAAR SURGICAL CO,NMS,False,False
NXST,NEXSTAR MEDIA GROUP INC,NSQ,False,False
STLD,STEEL DYNAMICS INC,NSQ,True,True
JHX,JAMES HARDIE INDS PLC,NYSE,True,True
RRGB,RED ROBIN GOURMET BURGERS INC,NSQ,False,False
RICK,RCI HOSPITALITY HLDGS INC,NMS,False,False
RYAAY,RYANAIR HOLDINGS PLC,NSQ,True,True
KZIA,KAZIA THERAPEUTICS LTD,NAS,False,False
WLYB,WILEY JOHN & SONS INC,NYSE,False,False
KB,KB FINL GROUP INC,NYSE,False,False
KEP,KOREA ELEC PWR CORP,NYSE,False,False
AVNW,AVIAT NETWORKS INC,NSQ,False,False
KOF,COCA-COLA FEMSA SAB DE CV,NYSE,False,False
TTEK,TETRA TECH INC NEW,NSQ,True,True
HSIC,SCHEIN HENRY INC,NSQ,True,True
VECO,VEECO INSTRS INC DEL,NSQ,True,True
WABC,WESTAMERICA BANCORPORATION,NSQ,False,False
UTSI,UTSTARCOM HOLDINGS CORP,NSQ,False,False
UTMD,UTAH MED PRODS INC,NSQ,False,False
KT,KT CORP,NYSE,True,True
UCTT,ULTRA CLEAN HLDGS INC,NSQ,True,True
SNEX,STONEX GROUP INC,NSQ,True,True
KYOAY,KYOCERA CORP,PINL,False,False
TRIB,TRINITY BIOTECH INVT LTD,NSQ,False,False
UFPI,UFP INDUSTRIES INC,NSQ,True,True
GSBC,GREAT SOUTHN BANCORP INC,NSQ,False,False
SSBI,SUMMIT ST BK SANTA ROSA CALIF,NMS,False,False
UTHR,UNITED THERAPEUTICS CORP DEL,NSQ,False,False
LEN B,LENNAR CORP,NYSE,False,False
LTM,LATAM AIRLINES GROUP SA,NYSE,False,False
IBCP,INDEPENDENT BK CORP MICH,NSQ,False,False
TROW,PRICE T ROWE GROUP INC,NSQ,True,True
TZOO,TRAVELZOO,NSQ,False,False
LII,LENNOX INTL INC,NYSE,False,False
TOWN,TOWNEBANK PORTSMOUTH VA,NSQ,True,True
WINA,WINMARK CORP,NMS,False,False
UG,UNITED GUARDIAN INC,NMS,False,False
SYBT,STOCK YDS BANCORP INC,NSQ,False,False
ACNT,ASCENT INDUSTRIES CO,NMS,False,False
VRSN,VERISIGN INC,NSQ,True,True
TCBK,TRICO BANCSHARES,NSQ,False,False
IART,INTEGRA LIFESCIENCES HLDGS CP,NSQ,True,True
LPL,LG DISPLAY CO LTD,NYSE,False,False
HUBG,HUB GROUP INC,NSQ,True,True
HWBK,HAWTHORN BANCSHARES INC,NSQ,False,False
PPLI,PEOPLE INC,NSQ,False,False
JBSS,"John B. Sanfilippo & Son, Inc",NSQ,False,False
TRMB,TRIMBLE INC,NSQ,True,True
AUB,ATLANTIC UN BANKSHARES CORP,NYSE,True,True
UHAL,U HAUL HOLDING COMPANY,NYSE,False,False
LYG,LLOYDS BANKING GROUP PLC,NYSE,False,False
HURN,HURON CONSULTING GROUP INC,NSQ,False,False
HURC,HURCO CO,NSQ,False,False
ZD,ZIFF DAVIS INC,NSQ,False,False
GSIT,GSI TECHNOLOGY INC,NSQ,False,False
UCB,UNITED CMNTY BKS BLAIRSVLE GA,NYSE,True,True
VSEC,VSE CORP,NSQ,False,False
MCD,MCDONALDS CORP,NYSE,True,True
JAKK,JAKKS PAC INC,NSQ,False,False
TRMK,TRUSTMARK CORP,NSQ,False,False
TRST,TRUSTCO BK CORP N Y,NSQ,False,False
MCK,MCKESSON CORP,NYSE,True,True
MCY,MERCURY GENL CORP NEW,NYSE,False,False
MCO,MOODYS CORP,NYSE,True,True
CMPR,CIMPRESS PLC,NSQ,False,False
MCS,MARCUS CORP DEL,NYSE,False,False
MDU,MDU RES GROUP INC,NYSE,True,True
MED,MEDIFAST INC,NYSE,False,False
UBSI,UNITED BANKSHARES INC WEST VA,NSQ,True,True
VSAT,VIASAT INC,NSQ,True,True
MDT,MEDTRONIC PLC,NYSE,True,True
VRTX,VERTEX PHARMACEUTICALS INC,NSQ,True,True
MEI,METHODE ELECTRS INC,NYSE,False,False
PFBC,PREFERRED BK LOS ANGELES CA,NSQ,False,False
PGC,PEAPACK-GLADSTONE FINL CORP,NSQ,False,False
MET,METLIFE INC,NYSE,True,True
WEYS,WEYCO GROUP INC,NSQ,False,False
MFA,MFA FINL INC,NYSE,False,False
MFG,MIZUHO FINANCIAL GROUP INC,NYSE,False,False
WERN,WERNER ENTERPRISES INC,NSQ,True,True
WTBA,WEST BANCORPORATION INC,NSQ,False,False
PDFS,PDF SOLUTIONS INC,NSQ,False,False
MGM,MGM RESORTS INTERNATIONAL,NYSE,True,True
PEBK,PEOPLES BANCORP N C INC,NMS,False,False
ULH,UNIVERSAL LOGISTICS HLDGS INC,NSQ,False,False
MHK,MOHAWK INDS INC,NYSE,True,True
VOD,VODAFONE GROUP PLC,NSQ,True,True
MHO,M/I HOMES INC,NYSE,False,False
SPGI,S&P GLOBAL INC,NYSE,True,True
MKL,MARKEL GROUP INC,NYSE,False,False
WASH,WASHINGTON TR BANCORP INC,NSQ,False,False
MKC V,MCCORMICK & CO INC,NYSE,False,False
MKC,MCCORMICK & CO INC,NYSE,True,True
MLM,MARTIN MARIETTA MATLS INC,NYSE,True,True
MLP,MAUI LD & PINEAPPLE INC,NYSE,False,False
MLI,MUELLER INDS INC,NYSE,True,True
MRSH,MARSH & MCLENNAN COS INC,NYSE,True,True
MLR,MILLER INDS INC TENN,NYSE,False,False
MMM,3M CO,NYSE,True,True
MMS,MAXIMUS INC,NYSE,True,True
SUNE,SUNATION ENERGY INC,NAS,False,False
TXRH,TEXAS ROADHOUSE INC,NSQ,True,True
QDEL,QUIDELORTHO CORP,NSQ,True,True
MO,ALTRIA GROUP INC,NYSE,True,True
MOD,MODINE MFG CO,NYSE,False,False
MOG B,MOOG INC,NYSE,False,False
SIMO,SILICON MOTION TECHNOLOGY CORP,NSQ,False,False
MOH,MOLINA HEALTHCARE INC,NYSE,False,False
MOG A,MOOG INC,NYSE,False,False
SCHL,SCHOLASTIC CORP,NSQ,False,False
SFST,SOUTHERN FIRST BANCSHARES,NMS,False,False
MOS,MOSAIC CO,NYSE,True,True
MSI,MOTOROLA SOLUTIONS INC,NYSE,True,True
MOV,MOVADO GROUP INC,NYSE,False,False
YORW,YORK WTR CO,NSQ,False,False
TWIN,TWIN DISC INC,NSQ,False,False
WPP,WPP PLC NEW,NYSE,False,False
ZBRA,ZEBRA TECHNOLOGIES CORPORATION,NSQ,True,True
MPT,MEDICAL PROPERTIES TRUST INC,NYSE,False,False
MRK,MERCK & CO INC,NYSE,True,True
UFCS,UNITED FIRE GROUP INC,NSQ,False,False
MS,MORGAN STANLEY,NYSE,True,True
ZION,ZIONS BANCORPORATION NATL ASSN,NSQ,False,False
WSFS,WSFS FINL CORP,NSQ,True,True
MSA,MSA SAFETY INC,NYSE,False,False
WRLD,WORLD ACCEP CORPORATION,NSQ,False,False
WSBC,WESBANCO INC,NSQ,True,True
MSM,MSC INDL DIRECT INC,NYSE,True,True
CLMB,CLIMB GLOBAL SOLUTIONS INC,NMS,False,False
MT,ARCELORMITTAL SA LUXEMBOURG,NYSE,False,False
MTB,M & T BK CORP,NYSE,True,True
MTD,METTLER TOLEDO INTERNATIONAL,NYSE,False,False
UNFI,UNITED NAT FOODS INC,NYSE,True,True
MTG,MGIC INVT CORP WIS,NYSE,True,True
MTH,MERITAGE HOMES CORP,NYSE,True,True
WDFC,WD 40 CO,NSQ,False,False
ULBI,ULTRALIFE CORP,NMS,False,False
MTN,VAIL RESORTS INC,NYSE,False,False
WSBF,WATERSTONE FINL INC MD,NSQ,False,False
URBN,URBAN OUTFITTERS INC,NSQ,True,True
MTZ,MASTEC INC,NYSE,False,False
UVSP,UNIVEST FINANCIAL CORPORATION,NSQ,False,False
MTX,MINERALS TECHNOLOGIES INC,NYSE,False,False
MTW,MANITOWOC CO INC,NYSE,False,False
ZUMZ,ZUMIEZ INC,NSQ,False,False
WLFC,WILLIS LEASE FIN CORP,NMS,False,False
WLDN,WILLDAN GROUP INC,NMS,False,False
PRGS,PROGRESS SOFTWARE CORP,NSQ,False,False
MUR,MURPHY OIL CORP,NYSE,True,True
PTEN,PATTERSON-UTI ENERGY INC,NSQ,True,True
SEED,ORIGIN AGRITECH LIMITED,NAS,False,False
WYNN,WYNN RESORTS LTD,NSQ,True,True
JBHT,HUNT J B TRANS SVCS INC,NSQ,True,True
MWA,MUELLER WTR PRODS INC,NYSE,True,True
VIAV,VIAVI SOLUTIONS INC,NSQ,True,True
WTFC,WINTRUST FINL CORP,NSQ,True,True
MSCI,MSCI INC,NYSE,True,True
JAZZ,JAZZ PHARMACEUTICALS PLC,NSQ,True,True
JBLU,JETBLUE AIRWAYS CORP,NSQ,False,False
MYE,MYERS INDS INC,NYSE,False,False
WWD,WOODWARD INC,NSQ,False,False
THFF,FIRST FINANCIAL CORPORATION,NSQ,False,False
TRNS,TRANSCAT INC,NMS,False,False
XRAY,DENTSPLY SIRONA INC,NSQ,True,True
QCOM,QUALCOMM INC,NSQ,True,True
NAT,NORDIC AMERICAN TANKERS LIMITE,NYSE,False,False
QCRH,QCR HLDGS INC,NMS,False,False
NC,NACCO INDS INC,NYSE,False,False
PLPC,PREFORMED LINE PRODS CO,NSQ,False,False
PLXS,PLEXUS CORP,NSQ,False,False
NBR,NABORS INDUSTRIES LTD,NYSE,False,False
QGEN,QIAGEN NV,NYSE,True,True
VYX,NCR VOYIX CORPORATION,NYSE,False,False
PTC,PTC INC,NSQ,True,True
PLAB,PHOTRONICS INC,NSQ,True,True
PNFP,PINNACLE FINL PARTNERS INC,NYSE,True,True
WAFD,WAFD INC,NSQ,True,True
NEM,NEWMONT CORP,NYSE,True,True
NEU,NEWMARKET CORP,NYSE,False,False
NFG,NATIONAL FUEL GAS CO,NYSE,True,True
NGG,NATIONAL GRID PLC,NYSE,False,False
NHI,NATIONAL HEALTH INVS INC,NYSE,False,False
PNBK,PATRIOT NATL BANCORP INC,NMS,False,False
NI,NISOURCE INC,NYSE,True,True
NKE,NIKE INC,NYSE,True,True
NL,NLI HOLDINGS INC,NYSE,False,False
PKOH,PARK-OHIO HLDGS CORP,NSQ,False,False
NJR,NEW JERSEY RES CORP,NYSE,True,True
PLCE,CHILDRENS PL INC NEW,NSQ,False,False
NLY,ANNALY CAPITAL MANAGEMENT INC,NYSE,True,True
PNNT,PENNANTPARK INVTS CORP,NYSE,False,False
MELI,MERCADOLIBRE  INC,NSQ,False,False
MERC,MERCER INTL INC,NSQ,False,False
NMR,NOMURA HLDGS INC,NYSE,False,False
NNN,NNN REIT INC,NYSE,True,True
MGEE,MGE ENERGY INC,NSQ,False,False
MIDD,MIDDLEBY CORP,NSQ,False,False
PPIH,PERMA-PIPE INTL HLDGS INC,NMS,False,False
NNI,NELNET INC,NYSE,False,False
VICR,VICOR CORP,NSQ,False,False
NOC,NORTHROP GRUMMAN CORP,NYSE,True,True
NPK,NATIONAL PRESTO INDS INC,NYSE,False,False
MGRC,MCGRATH RENTCORP,NSQ,False,False
VIRC,VIRCO MFG CO,NMS,False,False
NPO,ENPRO INC,NYSE,False,False
UNTY,UNITY BANCORP INC,NMS,False,False
NOV,NOV INC,NYSE,True,True
MIND,MIND TECHNOLOGY INC,NAS,False,False
NOK,NOKIA CORP,NYSE,False,False
MLKN,MILLERKNOLL INC,NSQ,True,True
MNOV,MEDICINOVA INC,NMS,False,False
MNRO,MONRO INC,NSQ,False,False
MPWR,MONOLITHIC PWR SYS INC,NSQ,True,True
NPKI,NPK INTERNATIONAL INC,NYSE,True,True
MGPI,MGP INGREDIENTS INC NEW,NSQ,False,False
MLAB,MESA LABS INC,NSQ,False,False
MNKD,MANNKIND CORP,NMS,False,False
NRG,NRG ENERGY INC,NYSE,True,True
MGYR,MAGYAR BANCORP INC,NMS,False,False
NSC,NORFOLK SOUTHN CORP,NYSE,True,True
MKTX,MARKETAXESS HLDGS INC,NSQ,False,False
MORN,MORNINGSTAR INC,NSQ,False,False
PRSO,PERASO INC,NAS,False,False
MSEX,MIDDLESEX WTR CO,NSQ,False,False
MSTR,STRATEGY INC,NSQ,True,True
ES,EVERSOURCE ENERGY,NYSE,True,True
MLCO,MELCO RESORTS AND ENTMNT LTD,NSQ,False,False
MRTN,MARTEN TRANS LTD,NSQ,True,True
NTZ,NATUZZI S P A,NYSE,False,False
NUE,NUCOR CORP,NYSE,True,True
MSFT,MICROSOFT CORP,NSQ,True,True
MRCY,MERCURY SYS INC,NSQ,True,True
NVO,NOVO-NORDISK A S,NYSE,True,True
NUS,NU SKIN ENTERPRISES INC,NYSE,False,False
NVR,NVR INC,NYSE,False,False
MRVL,MARVELL TECHNOLOGY INC,NSQ,True,True
NVS,NOVARTIS AG,NYSE,False,False
MYGN,MYRIAD GENETICS INC,NSQ,False,False
NWE,NORTHWESTERN ENERGY GROUP INC,NSQ,True,True
MVIS,MICROVISION INC DEL,NAS,False,False
NWL,NEWELL BRANDS INC,NSQ,False,False
MMSI,MERIT MED SYS INC,NSQ,True,True
NWN,NORTHWEST NAT HLDG CO,NYSE,False,False
MNDO,MIND C T I LTD,NMS,False,False
MTRX,MATRIX SVC CO,NSQ,False,False
NX,QUANEX BLDG PRODS CORP,NYSE,False,False
FLG,FLAGSTAR BANK NATIONAL ASSOCIA,NYSE,True,True
NYT,NEW YORK TIMES CO MTN BE,NYSE,True,True
O,REALTY INCOME CORP,NYSE,True,True
ONIT,ONITY GROUP INC,NYSE,False,False
ODC,OIL DRI CORP AMER,NYSE,False,False
MKSI,MKS INC.,NSQ,True,True
OFG,OFG BANCORP,NYSE,False,False
MPAA,MOTORCAR PTS AMER INC,NSQ,False,False
MTEX,MANNATECH INC,NAS,False,False
OC,OWENS CORNING NEW,NYSE,True,True
PLUS,EPLUS INC,NSQ,False,False
ADI,ANALOG DEVICES INC,NSQ,True,True
OI,O-I GLASS INC,NYSE,False,False
OGE,OGE ENERGY CORP,NYSE,True,True
CAR,AVIS BUDGET GROUP INC,NSQ,False,False
OHI,OMEGA HEALTHCARE INVS INC,NYSE,True,True
OII,OCEANEERING INTL INC,NYSE,True,True
OKE,ONEOK INC NEW,NYSE,True,True
OIS,OIL STS INTL INC,NYSE,False,False
CSX,CSX CORP,NSQ,True,True
OLN,OLIN CORP,NYSE,True,True
ACH,ACCENDRA HEALTH INC,NYSE,False,False
OLP,ONE LIBERTY PPTYS INC,NYSE,False,False
OMC,OMNICOM GROUP INC,NYSE,True,True
DOX,AMDOCS LTD,NSQ,True,True
GT,GOODYEAR TIRE & RUBR CO,NSQ,False,False
HAS,HASBRO INC,NSQ,True,True
ORA,ORMAT TECHNOLOGIES INC,NYSE,False,False
OPY,OPPENHEIMER HLDGS INC,NYSE,False,False
ORI,OLD REP INTL CORP,NYSE,True,True
JACK,JACK IN THE BOX INC,NSQ,False,False
OSK,OSHKOSH CORP,NYSE,True,True
OXY,OCCIDENTAL PETE CORP,NYSE,True,True
MDLZ,MONDELEZ INTL INC,NSQ,True,True
MAR,MARRIOTT INTL INC NEW,NSQ,True,True
OXM,OXFORD INDS INC,NYSE,False,False
MAT,MATTEL INC,NSQ,True,True
PAC,GRUPO AEROPORTUNARIO DEL PACIF,NYSE,False,False
MU,MICRON TECHNOLOGY INC,NSQ,True,True
ONB,OLD NATL BANCORP IND,NSQ,True,True
PAG,PENSKE AUTOMOTIVE GRP INC,NYSE,False,False
TMUS,T-MOBILE US INC,NSQ,True,True
PBH,PRESTIGE CONSMR HEALTHCARE INC,NYSE,False,False
SLM,SLM CORP,NSQ,True,True
PBI,PITNEY BOWES INC,NYSE,True,True
PBR,PETROLEO BRASILEIRO S A,NYSE,True,True
PCG,PG&E CORP,NYSE,True,True
TXN,TEXAS INSTRS INC,NSQ,True,True
WDC,WESTERN DIGITAL CORP,NSQ,True,True
WEN,WENDYS CO,NSQ,False,False
TPC,TUTOR PERINI CORP,NYSE,False,False
WTW,WILLIS TOWERS WATSON PLC LTD,NSQ,True,True
SCCO,SOUTHERN COPPER CORP,NYSE,True,True
FTFT,FUTURE FINTECH GROUP INC,NAS,False,False
GURE,GULF RES INC,NAS,False,False
PRIM,PRIMORIS SVCS CORP,NYSE,True,True
PEP,PEPSICO INC,NSQ,True,True
PEG,PUBLIC SVC ENTERPRISE GROUP,NYSE,True,True
PFE,PFIZER INC,NYSE,True,True
PFS,PROVIDENT FINL SVCS INC,NYSE,True,True
MD,PEDIATRIX MEDICAL GROUP INC,NYSE,True,True
PG,PROCTER & GAMBLE CO,NYSE,True,True
PFG,PRINCIPAL FINANCIAL GROUP INC,NSQ,True,True
TAOP,TAOPING INC,NAS,False,False
PH,PARKER-HANNIFIN CORP,NYSE,True,True
PGR,PROGRESSIVE CORP,NYSE,True,True
PHG,KONINKLIJKE PHILIPS N V,NYSE,False,False
ADAM,ADAMAS TRUST INC.,NSQ,False,False
DCOM,DIME COML BANCSHARES INC,NYSE,False,False
PHI,PLDT INC,NYSE,False,False
OCSL,OAKTREE SPECIALTY LENDING,NSQ,False,False
PHM,PULTE GROUP INC,NYSE,True,True
ERII,ENERGY RECOVERY INC,NSQ,False,False
PII,POLARIS INC,NYSE,True,True
NTIC,NORTHERN TECHNOLOGIES INTL COR,NMS,False,False
PIPR,PIPER SANDLER COMPANIES,NYSE,True,True
PKE,PARK AEROSPACE CORP,NYSE,False,False
PKG,PACKAGING CORP AMER,NYSE,True,True
PXLW,PIXELWORKS INC,NAS,False,False
RVTY,REVVITY INC,NYSE,True,True
AGNC,AGNC INVT CORP,NSQ,True,True
PKX,POSCO HOLDINGS INC,NYSE,False,False
TXNM,TXNM ENERGY INC,NYSE,True,True
MYRG,MYR GROUP INC,NSQ,False,False
TREE,LENDINGTREE INC,NSQ,False,False
PNR,PENTAIR PLC,NYSE,True,True
PM,PHILIP MORRIS INTL INC,NYSE,True,True
HBCP,HOMEBANCORP INC,NSQ,False,False
PNW,PINNACLE WEST CAP CORP,NYSE,True,True
LOPE,GRAND CANYON ED INC,NSQ,False,False
PNC,PNC FINL SVCS GROUP INC,NYSE,True,True
AVNT,AVIENT CORPORATION,NYSE,True,True
VRTS,VIRTUS INVT PARTNERS INC,NYSE,False,False
POR,PORTLAND GEN ELEC CO,NYSE,True,True
PPG,PPG INDS INC,NYSE,True,True
PPL,PPL CORP,NYSE,True,True
PSA,PUBLIC STORAGE,NYSE,True,True
PRU,PRUDENTIAL FINL INC,NYSE,True,True
PSO,PEARSON PLC,NYSE,False,False
PAR,PAR TECHNOLOGY CORP,NYSE,False,False
PUK,PRUDENTIAL PLC,NYSE,False,False
PVH,PVH CORPORATION,NYSE,False,False
PWR,QUANTA SVCS INC,NYSE,True,True
ASPS,ALTISOURCE PORTFOLIO SOLUTIONS,NSQ,False,False
RDIB,READING INTL INC,NAS,False,False
CPIX,CUMBERLAND PHARMACEUTICALS INC,NSQ,False,False
SANM,SANMINA CORP,NSQ,False,False
VRSK,VERISK ANALYTICS INC,NSQ,True,True
OMER,OMEROS CORP,NMS,False,False
ADUS,ADDUS HOMECARE CORP,NSQ,False,False
QMCO,QUANTUM CORP,NMS,False,False
R,RYDER SYS INC,NYSE,False,False
FTNT,FORTINET INC,NSQ,True,True
PPC,PILGRIMS PRIDE CORP,NSQ,False,False
IRWD,IRONWOOD PHARMACEUTICALS INC,NSQ,False,False
SLRC,SLR INVESTMENT CORP,NSQ,False,False
QNST,QUINSTREET INC,NSQ,False,False
REG,REGENCY CTRS CORP,NSQ,True,True
NWG,NATWEST GROUP PLC,NYSE,False,False
RDN,RADIAN GROUP INC,NYSE,True,True
FIBK,FIRST INTST BANCSYSTEM INC,NSQ,True,True
HTHT,H WORLD GROUP LTD,NSQ,True,True
RCL,ROYAL CARIBBEAN GROUP,NYSE,True,True
SSNC,SS&C TECH HLDGS,NSQ,True,True
EBMT,EAGLE BANCORP MONT INC,NMS,False,False
GBDC,GOLUB CAP BDC INC,NSQ,False,False
RRX,REGAL REXNORD CORPORATION,NYSE,True,True
RES,RPC INC,NYSE,False,False
SBRA,SABRA HEALTH CARE REIT INC,NSQ,True,True
RF,REGIONS FINANCIAL CORP NEW,NYSE,True,True
RDY,DR REDDYS LABS LTD,NYSE,False,False
RGR,STURM RUGER & CO INC,NYSE,False,False
RHI,ROBERT HALF INC.,NYSE,True,True
RIG,TRANSOCEAN LTD,NYSE,False,False
VALE,VALE S A,NYSE,True,True
RGS,REGIS CORPORATION,NMS,False,False
RJF,RAYMOND JAMES FINL INC,NYSE,True,True
RL,RALPH LAUREN CORP,NYSE,False,False
RLI,RLI CORP,NYSE,True,True
RMD,RESMED INC,NYSE,True,True
RNR,RENAISSANCERE HLDGS LTD,NYSE,False,False
PRG,PROG HOLDINGS INC,NYSE,False,False
ROG,ROGERS CORP,NYSE,False,False
ROK,ROCKWELL AUTOMATION INC,NYSE,True,True
ROL,ROLLINS INC,NYSE,True,True
ROP,ROPER TECHNOLOGIES INC,NSQ,True,True
RPM,RPM INTL INC,NYSE,True,True
RRC,RANGE RES CORP,NYSE,True,True
REX,REX AMERICAN RES CORP,NYSE,False,False
RSG,REPUBLIC SVCS INC,NYSE,True,True
RS,RELIANCE INC,NYSE,True,True
ACR,ACRES COMMERCIAL REALTY CORP,NYSE,False,False
RIO,RIO TINTO PLC,NYSE,False,False
RELX,RELX PLC,NYSE,False,False
RWT,REDWOOD TRUST INC,NYSE,False,False
RYN,RAYONIER INC,NYSE,True,True
SAH,SONIC AUTOMOTIVE INC,NYSE,False,False
BSAC,BANCO SANTANDER CHILE NEW,NYSE,False,False
SBH,SALLY BEAUTY HLDGS INC,NYSE,True,True
SAM,BOSTON BEER INC,NYSE,False,False
SAP,SAP SE,NYSE,False,False
LDOS,LEIDOS HOLDINGS INC,NYSE,True,True
SBS,COMPANHIA DE SANEAMENTO BASICO,NYSE,False,False
SCI,SERVICE CORP INTL,NYSE,True,True
SCL,STEPAN CO,NYSE,False,False
SF,STIFEL FINL CORP,NYSE,True,True
SFL,SFL CORPORATION LTD,NYSE,True,True
SHO,SUNSTONE HOTEL INVS INC NEW,NYSE,True,True
SHG,SHINHAN FINANCIAL GROUP CO LTD,NYSE,False,False
SID,COMPANHIA SIDERURGICA NACIONAL,NYSE,False,False
SIG,SIGNET JEWELERS LTD,NYSE,False,False
SHW,SHERWIN WILLIAMS CO,NYSE,True,True
HTO,H2O AMERICA,NSQ,False,False
SJM,SMUCKER J M CO,NYSE,True,True
SKM,SK TELECOM CO LTD,NYSE,False,False
SLG,SL GREEN RLTY CORP,NYSE,True,True
SKT,TANGER INC,NYSE,True,True
SLB,SLB LIMITED,NYSE,True,True
SMP,STANDARD MTR PRODS INC,NYSE,False,False
SMG,SCOTTS MIRACLE-GRO CO,NYSE,False,False
SONY,SONY GROUP CORP,NYSE,True,True
SM,SM ENERGY COMPANY,NYSE,True,True
SNA,SNAP ON INC,NYSE,False,False
SNN,SMITH & NEPHEW PLC,NYSE,False,False
BH,BIGLARI HLDGS INC,NYSE,False,False
SNX,TD SYNNEX CORPORATION,NYSE,True,True
SNY,SANOFI SA,NSQ,False,False
SO,SOUTHERN CO,NYSE,True,True
SON,SONOCO PRODS CO,NYSE,True,True
SPG,SIMON PPTY GROUP INC NEW,NYSE,True,True
SPXC,SPX TECHNOLOGIES INC,NYSE,True,True
SRI,STONERIDGE INC,NYSE,False,False
SRE,SEMPRA,NYSE,True,True
SQM,SOCIEDAD QUIMICA Y MINERA DE,NYSE,False,False
SSD,SIMPSON MFG INC,NYSE,False,False
SSL,SASOL LTD,NYSE,False,False
SAN,BANCO SANTANDER SA,NYSE,True,True
SSP,SCRIPPS E W CO OHIO,NSQ,False,False
STC,STEWART INFORMATION SVCS CORP,NYSE,False,False
STM,STMICROELECTRONICS N V,NYSE,True,True
EQNR,EQUINOR ASA,NYSE,False,False
STZ,CONSTELLATION BRANDS INC,NYSE,True,True
STT,STATE STR CORP,NYSE,True,True
SUI,SUN CMNTYS INC,NYSE,True,True
SWK,STANLEY BLACK & DECKER INC,NYSE,True,True
MATV,MATIV HOLDINGS INC,NYSE,True,True
SXI,STANDEX INTL CORP,NYSE,False,False
SWX,SOUTHWEST GAS HLDGS INC,NYSE,True,True
SYK,STRYKER CORPORATION,NYSE,True,True
GIC,GLOBAL INDUSTRIAL COMPANY,NYSE,False,False
SXT,SENSIENT TECHNOLOGIES CORP,NYSE,False,False
T,AT&T INC,NYSE,True,True
SYY,SYSCO CORP,NYSE,True,True
TAP,MOLSON COORS BEVERAGE CO,NYSE,True,True
TAP A,MOLSON COORS BEVERAGE CO,NYSE,False,False
TBI,TRUEBLUE INC,NYSE,False,False
TCI,TRANSCONTINENTAL RLTY INVS,NYSE,False,False
TDC,TERADATA CORP DEL,NYSE,True,True
TDY,TELEDYNE TECHNOLOGIES INC,NYSE,False,False
TDW,TIDEWATER INC NEW,NYSE,False,False
TDG,TRANSDIGM GROUP INC,NYSE,True,True
TEO,TELECOM ARGENTINA SA,NYSE,False,False
TEL,TE CONNECTIVITY PLC,NYSE,True,True
TER,TERADYNE INC,NSQ,True,True
TEX,TEREX CORP NEW,NYSE,True,True
TG,TREDEGAR CORP,NYSE,False,False
TFX,TELEFLEX INCORPORATED,NYSE,False,False
TGT,TARGET CORP,NYSE,True,True
TGS,TRANSPORTADORA DE GAS DEL SUR,NYSE,False,False
THC,TENET HEALTHCARE CORP,NYSE,True,True
THG,HANOVER INS GROUP INC,NYSE,False,False
THO,THOR INDS INC,NYSE,False,False
TIIAY,TELECOM ITALIA S P A,PINL,False,False
TKC,TURKCELL ILETISIM,NYSE,False,False
TJX,TJX COS INC NEW,NYSE,True,True
TK,TEEKAY CORPORATION LTD,NYSE,False,False
TKR,TIMKEN CO,NYSE,True,True
TLK,TELEKOMUNIKASI IND,NYSE,False,False
TM,TOYOTA MOTOR CORP,NYSE,False,False
GL,GLOBE LIFE INC,NYSE,True,True
TMO,THERMO FISHER SCIENTIFIC INC,NYSE,True,True
TNC,TENNANT CO,NYSE,False,False
TNK,TEEKAY TANKERS LTD,NYSE,False,False
TEN,TSAKOS ENERGY NAVIGATION LTD,NYSE,False,False
TOL,TOLL BROTHERS INC,NYSE,True,True
TPL,TEXAS PACIFIC LAND CORPORATION,NYSE,False,False
SGI,SOMNIGROUP INTERNATIONAL INC,NYSE,True,True
TR,TOOTSIE ROLL INDS INC,NYSE,False,False
TRC,TEJON RANCH CO,NYSE,False,False
TRN,TRINITY INDS INC,NYSE,True,True
TRV,TRAVELERS COMPANIES INC,NYSE,True,True
TS,TENARIS S A,NYSE,False,False
TSN,TYSON FOODS INC,NYSE,True,True
TSM,TAIWAN SEMICONDUCTOR MANUFACT,NYSE,True,True
TTC,TORO CO,NYSE,True,True
TTI,TETRA TECHNOLOGIES INC DEL,NYSE,False,False
VIV,TELEFONICA BRASIL SA,NYSE,False,False
TV,GRUPO TELEVISA S A B,NYSE,False,False
TWI,TITAN INTL INC ILL,NYSE,False,False
TX,TERNIUM SA,NYSE,False,False
TREX,TREX INC,NYSE,True,True
TXT,TEXTRON INC,NYSE,True,True
TYL,TYLER TECHNOLOGIES INC,NYSE,False,False
UA,UNDER ARMOUR INC,NYSE,False,False
UDR,UDR INC,NYSE,True,True
UFI,UNIFI INC,NYSE,False,False
UGP,ULTRAPAR PARTICIPACOES SA,NYSE,False,False
UGI,UGI CORP NEW,NYSE,True,True
UHS,UNIVERSAL HLTH SVCS INC,NYSE,True,True
UIS,UNISYS CORP,NYSE,False,False
UL,UNILEVER PLC,NYSE,True,True
UMC,UNITED MICROELECTRONICS CORP,NYSE,True,True
UNH,UNITEDHEALTH GROUP INC,NYSE,True,True
UNF,UNIFIRST CORP MASS,NYSE,False,False
UNM,UNUM GROUP,NYSE,True,True
UNP,UNION PAC CORP,NYSE,True,True
UPS,UNITED PARCEL SVCS INC,NYSE,True,True
URI,UNITED RENTALS INC,NYSE,True,True
USB,US BANCORP,NYSE,True,True
UTI,UNIVERSAL TECHNICAL INST INC,NYSE,False,False
KMPR,KEMPER CORP,NYSE,True,True
UVV,UNIVERSAL CORP VA MTNS BK ENT,NYSE,False,False
RTX,RTX Corp,NYSE,True,True
V,VISA INC,NYSE,True,True
VFC,V F CORP,NYSE,True,True
VHI,VALHI INC NEW,NYSE,False,False
VLO,VALERO ENERGY CORP,NYSE,True,True
VMC,VULCAN MATLS CO,NYSE,True,True
VMI,VALMONT INDS INC,NYSE,False,False
VLY,VALLEY NATL BANCORP,NSQ,True,True
VSH,VISHAY INTERTECHNOLOGY INC,NYSE,True,True
VTR,VENTAS INC,NYSE,True,True
VZ,VERIZON COMMUNICATIONS INC,NYSE,True,True
PRSU,PURSUIT ATTRACTIONS AND HOSPIT,NYSE,False,False
WAB,WABTEC,NYSE,True,True
WAT,WATERS CORP,NYSE,True,True
WAL,WESTERN ALLIANCE BANCORP,NYSE,True,True
WCC,WESCO INTL INC,NYSE,False,False
WEC,WEC ENERGY GROUP INC,NYSE,True,True
WFC,WELLS FARGO & CO,NYSE,True,True
WF,WOORI FINL GROUP INC,NYSE,False,False
WFRD,WEATHERFORD INTL PLC,NSQ,True,True
WGO,WINNEBAGO INDS INC,NYSE,False,False
WHR,WHIRLPOOL CORP,NYSE,False,False
WHG,WESTWOOD HLDGS GROUP INC,NYSE,False,False
WIT,WIPRO LTD,NYSE,False,False
WLK,WESTLAKE CORPORATION,NYSE,False,False
ELV,ELEVANCE HEALTH INC FORMERLY A,NYSE,True,True
WMB,WILLIAMS COS INC,NYSE,True,True
WM,WASTE MGMT INC DEL,NYSE,True,True
WMT,WALMART INC,NSQ,True,True
WMK,WEIS MKTS INC,NYSE,False,False
WNC,WABASH NATL CORP,NYSE,False,False
WPC,WP CAREY INC,NYSE,True,True
WOR,WORTHINGTON ENTERPRISES INC,NYSE,False,False
GHC,GRAHAM HLDGS CO,NYSE,False,False
WRB,BERKLEY W R CORP,NYSE,True,True
WSM,WILLIAMS SONOMA INC,NYSE,True,True
WSO,WATSCO INC,NYSE,False,False
WST,WEST PHARMACEUTICAL SVSC INC,NYSE,True,True
WTRG,ESSENTIAL UTILS INC,NYSE,True,True
WU,WESTERN UN CO,NYSE,False,False
WTS,WATTS WATER TECHNOLOGIES INC,NYSE,False,False
WTM,WHITE MTNS INS GROUP LTD,NYSE,False,False
TKO,TKO GROUP HOLDINGS INC,NYSE,True,True
WTI,W & T OFFSHORE INC,NYSE,False,False
WWW,WOLVERINE WORLD WIDE INC,NYSE,True,True
WEX,WEX INC,NYSE,False,False
WY,WEYERHAEUSER CO,NYSE,True,True
TNL,TRAVEL PLUS LEISURE CO,NYSE,True,True
XEL,XCEL ENERGY INC,NSQ,True,True
XRX,XEROX HOLDINGS CORP,NSQ,False,False
XOM,EXXONMOBIL HOLDINGS CORP,NYSE,True,True
YPF,YPF SOCIEDAD ANONIMA,NYSE,False,False
CUBE,CUBESMART,NYSE,True,True
YUM,YUM BRANDS INC,NYSE,True,True
ZBH,ZIMMER BIOMET HOLDINGS INC,NYSE,True,True
ENOV,ENOVIS CORPORATION,NYSE,True,True
KDP,KEURIG DR PEPPER INC,NSQ,True,True
SB,SAFE BULKERS INC,NYSE,False,False
BMI,BADGER METER INC,NYSE,False,False
L,LOEWS CORP,NYSE,True,True
JBTM,JBT MAREL CORPORATION,NYSE,False,False
AD,ARRAY DIGITAL INFRASTRUCTURE I,NYSE,False,False
EC,ECOPETROL S A,NYSE,False,False
HCI,HCI GROUP INC,NYSE,False,False
LXU,LSB INDS INC,NYSE,False,False
NGS,NATURAL GAS SVCS GROUP INC,NYSE,False,False
RGA,REINSURANCE GROUP AMER INC,NYSE,True,True
CLW,CLEARWATER PAPER CORP,NYSE,False,False
LRN,STRIDE INC,NYSE,False,False
CHT,CHUNGHWA TELECOM CO LTD,NYSE,False,False
IVR,INVESCO MORTGAGE CAPITAL INC,NYSE,False,False
PMT,PENNYMAC MTG INVT TR,NYSE,False,False
STWD,STARWOOD PPTY TR INC,NYSE,True,True
BUD,ANHEUSER BUSCH INBEV SA NV,NYSE,False,False
DBRG,DIGITALBRIDGE GROUP INC,NYSE,False,False
ARI,APOLLO COML REAL ESTATE FIN,NYSE,False,False
BSBR,BANCO SANTANDER BRASIL S A,NYSE,False,False
PAM,PAMPA ENERGIA SA,NYSE,False,False
MG,MISTRAS GROUP INC,NYSE,False,False
H,HYATT HOTELS CORP,NYSE,False,False
LEA,LEAR CORP,NYSE,True,True
DG,DOLLAR GEN CORP,NYSE,True,True
PEB,PEBBLEBROOK HOTEL TR,NYSE,True,True
CCM,CONCORD MED SVCS HLDGS LTD,NYSE,False,False
OPLN,OPENLANE INC,NYSE,True,True
TRNO,TERRENO RLTY CORP,NYSE,True,True
JKS,JINKOSOLAR HLDG CO LTD,NYSE,False,False
PDM,PIEDMONT REALTY TRUST INC,NYSE,False,False
GNRC,GENERAC HLDGS INC,NYSE,True,True
ST,SENSATA TECHNOLOGIES HLDG PLC,NYSE,True,True
SPB,SPECTRUM BRANDS HOLDINGS INC,NYSE,False,False
MXL,MAXLINEAR INC,NSQ,True,True
CALX,CALIX INC,NYSE,True,True
STNG,SCORPIO TANKERS INC,NYSE,False,False
PRI,PRIMERICA INC,NYSE,False,False
CLDT,CHATHAM LODGING TR,NYSE,False,False
ARR,ARMOUR RESIDENTIAL REIT INC,NYSE,True,True
EG,EVEREST GROUP LTD,NYSE,False,False
TCX,TUCOWS INC,NAS,False,False
NAK,NORTHERN DYNASTY MINERALS LTD,ASE,False,False
TSEM,TOWER SEMICONDUCTOR LTD,NSQ,False,False
NTNX,NUTANIX INC,NSQ,True,True
GAU,GALIANO GOLD INC,ASE,False,False
ASM,AVINO SILVER & GOLD MINES LTD,ASE,False,False
GRDX,GRIDAI TECHNOLOGIES CORP,NAS,False,False
BMRA,BIOMERICA INC,NAS,False,False
MRAM,EVERSPIN TECHNOLOGIES INC,NMS,False,False
DNN,DENISON MINES CORP,ASE,False,False
TGB,TREKOR METALS LTD,ASE,False,False
THM,INTERNATIONAL TOWER HILL MINES,ASE,False,False
TRX,TRX GOLD CORPORATION,ASE,False,False
PR,PERMIAN RESOURCES CORP,NYSE,True,True
URG,UR-ENERGY INC,ASE,False,False
LOGI,LOGITECH INTL S A,NSQ,False,False
IMO,IMPERIAL OIL LTD,ASE,True,True
FLNT,FLUENT INC,NAS,False,False
CNXN,PC CONNECTION INC,NSQ,False,False
PLG,PLATINUM GROUP METALS LTD,ASE,False,False
WSC,WILLSCOT HLDGS CORP,NAS,True,True
FLGT,FULGENT GENETICS INC,NMS,False,False
CGEN,COMPUGEN LTD,NAS,False,False
TTD,THE TRADE DESK INC,NMS,True,True
MEOH,METHANEX CORP,NSQ,False,False
PTGX,PROTAGONIST THERAPEUTICS INC,NMS,True,True
FHB,FIRST HAWAIIAN INC,NSQ,True,True
PAAS,PAN AMERN SILVER CORP,NYSE,True,True
BB,BLACKBERRY LTD,NYSE,False,False
SSRM,SSR MINING IN,NSQ,True,True
NG,NOVAGOLD RESOURCES INC,ASE,False,False
DSGX,DESCARTES SYS GROUP INC,NSQ,True,True
OTEX,OPEN TEXT CORP,NSQ,True,True
HIND,VYOME HOLDINGS INC,NAS,False,False
CIGI,COLLIERS INTL GROUP INC,NSQ,False,False
ACIU,AC IMMUNE SA,NMS,False,False
FUSB,FIRST US BANCSHARES INC,NAS,False,False
IRTC,IRHYTHM HOLDINGS INC,NSQ,False,False
BLDP,BALLARD PWR SYS INC NEW,NMS,False,False
CAMT,CAMTEK LTD,NMS,False,False
ESLT,ELBIT SYS LTD,NSQ,False,False
OTLK,OUTLOOK THERAPEUTICS INC,NAS,False,False
TUSK,MAMMOTH ENERGY SVCS INC,NSQ,False,False
WNEB,WESTERN NEW ENG BANCORP INC,NSQ,False,False
CRSP,CRISPR THERAPEUTICS AG,NMS,False,False
AMPY,AMPLIFY ENERGY CORP NEW,NYSE,False,False
ZTO,ZTO EXPRESS CAYMAN INC,NYSE,False,False
BL,BLACKLINE INC,NSQ,False,False
GDS,GDS HLDGS LTD,NMS,False,False
B,BARRICK MNG CORP,NYSE,True,True
EGO,ELDORADO GOLD CORP NEW,NYSE,True,True
SND,SMART SAND INC,NSQ,False,False
GOLF,ACUSHNET HLDGS CORP,NYSE,False,False
ASIX,ADVANSIX INC,NYSE,False,False
AMN,AMN HEALTHCARE SVCS INC,NYSE,False,False
BRK A,BERKSHIRE HATHAWAY INC DEL,NYSE,False,False
HWM,HOWMET AEROSPACE INC,NYSE,True,True
XBIO,XENETIC BIOSCIENCES INC,NAS,False,False
CWH,CAMPING WORLD HLDGS INC,NYSE,False,False
BOXL,BOXLIGHT CORP,NAS,False,False
DFIN,DONNELLEY FINL SOLUTIONS INC,NYSE,False,False
ELF,E L F BEAUTY INC,NYSE,False,False
CCS,CENTURY COMMUNITIES INC,NYSE,False,False
ICMB,INVESTCORP CR MGMT BDC INC,NSQ,False,False
FRBA,FIRST BK WILLIAMSTOWN NEW JERS,NMS,False,False
FBK,FB FINL CORP,NYSE,False,False
GECC,GREAT ELM CAP CORP,NMS,False,False
CLPT,CLEARPOINT NEURO INC,NAS,False,False
SD,SANDRIDGE ENERGY INC,NYSE,False,False
BANX,ARROWMARK FINANCIAL CORP,NSQ,False,False
TPVG,TRIPLEPOINT VENTURE GROWTH BDC,NYSE,False,False
VVV,VALVOLINE INC,NYSE,False,False
YUMC,YUM CHINA HLDGS INC,NYSE,True,True
BHC,BAUSCH HEALTH COS INC,NYSE,False,False
ADNT,ADIENT PLC,NYSE,True,True
AEM,AGNICO EAGLE MINES LTD,NYSE,True,True
KWY,KINGSWAY CORP,NYSE,False,False
KGC,KINROSS GOLD CORP,NYSE,True,True
GRCE,GRACE THERAPEUTICS INC,NAS,False,False
MGA,MAGNA INTL INC,NYSE,True,True
MFC,MANULIFE FINL CORP,NYSE,True,True
ALLT,ALLOT LTD,NSQ,False,False
BMO,BANK MONTREAL MEDIUM,NYSE,True,True
NTB,BANK OF N T BUTTERFIELD & SON,NYSE,False,False
BNS,BANK NOVA SCOTIA B C,NYSE,True,True
BTE,BAYTEX ENERGY CORP,NYSE,False,False
BCE,BCE INC,NYSE,True,True
BRK B,BERKSHIRE HATHAWAY INC DEL,NYSE,True,True
TMQ,TRILOGY METALS INC NEW,ASE,False,False
BN,BROOKFIELD CORP,NYSE,True,True
SILC,SILICOM LTD,NSQ,False,False
NOA,NORTH AMERN CONSTR GROUP LTD,NYSE,False,False
CCJ,CAMECO CORP,NYSE,True,True
CM,CANADIAN IMPERIAL BANK OF COMM,NYSE,True,True
CNI,CANADIAN NATL RY CO,NYSE,True,True
CNQ,CANADIAN NAT RES LTD MED TERM,NYSE,True,True
CP,CANADIAN PACIFIC KANSAS CITY,NYSE,True,True
CLS,CELESTICA INC,NYSE,True,True
CVE,CENOVUS ENERGY INC,NYSE,True,True
GIB,CGI INC,NYSE,True,True
BUR,BURFORD CAPITAL LIMITED,NYSE,False,False
PHUN,PHUNWARE INC,NAS,False,False
CNH,CNH INDL N V,NYSE,True,True
PRMB,PRIMO BRANDS CORPORATION,NYSE,True,True
OBE,OBSIDIAN ENERGY LTD,ASE,False,False
DB,DEUTSCHE BK AG,NYSE,False,False
PDS,PRECISION DRILLING CORP,NYSE,False,False
WPRT,WESTPORT FUEL SYSTEMS INC,NSQ,False,False
ENB,ENBRIDGE INC,NYSE,True,True
OVV,OVINTIV INC,NYSE,True,True
EXK,ENDEAVOUR SILVER CORP,NYSE,True,True
QSR,RESTAURANT BRANDS INTL INC,NYSE,True,True
RBA,RB GLOBAL INC,NYSE,True,True
CMBT,CMB.TECH NV,NYSE,False,False
RCI,ROGERS COMMUNICATIONS INC,NYSE,True,True
RY,ROYAL BK CDA,NYSE,True,True
STLA,STELLANTIS N.V,NYSE,False,False
AG,FIRST MAJESTIC SILVER CORP,NYSE,True,True
SA,SEABRIDGE GOLD INC,NYSE,True,True
WPM,WHEATON PRECIOUS METALS CORP,NYSE,True,True
FRO,FRONTLINE PLC,NYSE,False,False
STN,STANTEC INC,NYSE,True,True
GIL,GILDAN ACTIVEWEAR INC,NYSE,True,True
SLF,SUN LIFE FINANCIAL INC.,NYSE,True,True
SU,SUNCOR ENERGY INC NEW,NYSE,True,True
GSBD,GOLDMAN SACHS BDC INC,NYSE,False,False
FSV,FIRSTSERVICE CORP NEW,NSQ,False,False
TECK,TECK RESOURCES LTD,NYSE,True,True
TU,TELUS CORPORATION,NYSE,False,False
IAG,IAMGOLD CORP,NYSE,True,True
TD,TORONTO DOMINION BK ONT,NYSE,True,True
TAC,TRANSALTA CORP,NYSE,True,True
TRP,TC ENERGY CORP,NYSE,True,True
UBS,UBS GROUP AG,NYSE,False,False
WCN,WASTE CONNECTIONS INC,NYSE,True,True
INDP,INDAPTUS THERAPEUTICS INC,NAS,False,False
KMDA,KAMADA LTD,NSQ,False,False
LIVN,LIVANOVA PLC,NSQ,True,True
MRKR,MARKER THERAPEUTICS INC,NAS,False,False
SNES,SENESTECH INC,NAS,False,False
INSG,INSEEGO CORP,NSQ,False,False
CRVO,CERVOMED INC,NAS,False,False
ABTS,ABITS GROUP INC,NAS,False,False
LMB,LIMBACH HLDGS INC,NAS,False,False
VET,VERMILION ENERGY INC,NYSE,True,True
NEGG,NEWEGG COMMERCE INC,NAS,False,False
TOON,KARTOON STUDIOS INC.,ASE,False,False
MBOT,MICROBOT MED INC,NAS,False,False
POLA,POLAR PWR INC.,NAS,False,False
SNOA,SONOMA PHARMACEUTICALS INC,NAS,False,False
ICHR,ICHOR HOLDINGS,NSQ,False,False
UAA,UNDER ARMOUR INC,NYSE,False,False
UUUU,ENERGY FUELS INC,ASE,True,True
RIOT,RIOT PLATFORMS INC,NAS,True,True
SNGX,SOLIGENIX INC,NAS,False,False
AUPH,AURINIA PHARMACEUTICALS INC,NMS,False,False
BTG,B2GOLD CORP,ASE,False,False
YTRA,YATRA ONLINE INC,NAS,False,False
AIOS,AIOS TECHNOLOGY INC,NAS,False,False
INSE,INSPIRED ENTMT INC,NAS,False,False
VIVO,VIVOPOWER PLC,NAS,False,False
SWBI,SMITH & WESSON BRANDS INC,NSQ,False,False
FCFS,FIRSTCASH HOLDINGS INC,NSQ,False,False
PBYI,PUMA BIOTECHNOLOGY INC,NSQ,False,False
IIPR,INNOVATIVE INDL PPTYS INC,NYSE,False,False
GEG,GREAT ELM GROUP INC,NSQ,False,False
FWONA,LIBERTY MEDIA CORP DEL,NSQ,False,False
FWONK,LIBERTY MEDIA CORP DEL,NSQ,True,True
ANAB,ANAPTYSBIO INC,NSQ,False,False
JELD,JELD-WEN HLDG INC,NYSE,False,False
VREX,VAREX IMAGING CORP,NSQ,False,False
CYPH,CYPHERPUNK TECHNOLOGIES INC,NAS,False,False
METC,RAMACO RES INC,NSQ,False,False
INVH,INVITATION HOMES INC,NYSE,True,True
LAUR,LAUREATE ED INC,NSQ,True,True
SACH,SACHEM CAP CORP,ASE,False,False
VRDN,VIRIDIAN THERAPEUTICS INC,NAS,True,True
NTRP,NEXTTRIP INC,NAS,False,False
ADEA,ADEIA INC,NSQ,True,True
UNIT,UNITI GROUP LLC,NSQ,True,True
SNAP,SNAP INC,NYSE,False,False
XTIA,XTI AEROSPACE INC,NAS,False,False
ATOM,ATOMERA INC,NAS,False,False
HLNE,HAMILTON LANE INC,NSQ,False,False
MTNB,MATINAS BIOPHARMA HLDGS INC,ASE,False,False
JILL,J JILL INC,NYSE,False,False
BYSI,BEYONDSPRING INC,NAS,False,False
PUMP,PROPETRO HLDG CORP,NYSE,True,True
GOOS,CANADA GOOSE HLDGS INC,NYSE,False,False
AQN,ALGONQUIN POWER & UTILITIES CO,NYSE,False,False
CLPR,CLIPPER RLTY INC,NYSE,False,False
FTS,FORTIS INC,NYSE,True,True
ORGO,ORGANOGENESIS HLDGS INC,NAS,False,False
PRTH,PRIORITY TECHNOLOGY HLDGS INC,NAS,False,False
TRVG,TRIVAGO N V,NSQ,False,False
IMXI,INTERNATIONAL MONEY EXPRESS,NAS,False,False
VRRM,VERRA MOBILITY CORP,NAS,False,False
NODK,NI HLDGS INC,NAS,False,False
MI,NFT LIMITED,ASE,False,False
FNMA,FEDERAL NATL MTG ASSN,OTCB,False,False
OKTA,OKTA INC,NSQ,True,True
CZFS,CITIZENS FINL SVCS INC,NAS,False,False
FNWD,FINWARD BANCORP,NAS,False,False
SOTK,SONO TEK CORP,NAS,False,False
SNDR,SCHNEIDER NATIONAL INC,NYSE,False,False
RIME,ALGORHYTHM HLDGS INC,NAS,False,False
KRMD,KORU MEDICAL SYSTEMS INC,NAS,False,False
QNBC,QNB CORP,NAS,False,False
POCI,PRECISION OPTICS CORP INC MASS,NAS,False,False
IDR,IDAHO STRATEGIC RESOURCES,ASE,False,False
GTBP,GT BIOPHARMA INC,NAS,False,False
CAPS,CAPSTONE HLDG CORP,NAS,False,False
INTZ,INTRUSION INC,NAS,False,False
MUEL,MUELLER PAUL CO,OTCID,False,False
HGBL,HERITAGE GLOBAL INC,NAS,False,False
SLNH,SOLUNA HOLDINGS INC,NAS,False,False
FRHC,FREEDOM HOLDING CORP,NAS,False,False
AIFF,FIREFLY NEUROSCIENCE INC,NAS,False,False
FKWL,FRANKLIN WIRELESS CORP,NAS,False,False
FRAF,FRANKLIN FINL SVCS CORP,NAS,False,False
FMCC,FEDERAL HOME LN MTG CORP,OTCB,False,False
GOVX,GEOVAX LABS INC,NAS,False,False
ACFN,ACORN ENERGY INC,NAS,False,False
CCEL,CRYO-CELL INTL INC,ASE,False,False
RCAT,RED CAT HLDGS INC,NAS,False,False
BHRB,BURKE HERBERT FINL SVCS CORP,NAS,False,False
EP,EMPIRE PETE CORP,ASE,False,False
OPRX,OPTIMIZERX CORP,NAS,False,False
SMID,SMITH MIDLAND CORP,NAS,False,False
CMTV,COMMUNITY BANCORP INC VT,NAS,False,False
SCWO,374WATER INC,NAS,False,False
FXNC,FIRST NATL CORP VA,NAS,False,False
SMTI,SANARA MEDTECH INC,NAS,False,False
AIMD,AINOS INC,NAS,False,False
BSEM,BIOSTEM TECHNOLOGIES INC,NAS,False,False
BCDA,BIOCARDIA INC,NAS,False,False
PAAI,PARADIUMAI INC,ASE,False,False
GIFT,GIFTIFY INC,NAS,False,False
SIGA,SIGA TECHNOLOGIES INC,NMS,False,False
POWW,OUTDOOR HOLDING CO,NAS,False,False
SLSN,SOLESENCE INC,NAS,False,False
LWLG,LIGHTWAVE LOGIC INC,NAS,False,False
BRTX,BIORESTORATIVE THERAPIES INC,NAS,False,False
CXDO,CREXENDO INC,NAS,False,False
WKSP,WORKSPORT LTD,NAS,False,False
VABK,VIRGINIA NATL BK CHRLOTSVLE VA,NAS,False,False
BESS,BIMERGEN ENERGY CORP,ASE,False,False
COFS,CHOICEONE FINANCIA,NAS,False,False
FLUX,FLUX PWR HLDGS INC,NAS,False,False
ISBA,ISABELLA BK CORP,NAS,False,False
FNRN,FIRST NORTHN CMNTY BANCORP,NAS,False,False
VRME,VERIFYME INC,NAS,False,False
INLX,INTELLINETICS INC,ASE,False,False
HQI,HIREQUEST INC,NAS,False,False
BFC,BANK FIRST CORP,NAS,False,False
EFSI,EAGLE FINL SVCS INC,NAS,False,False
PMCB,PHARMACYTE BIOTECH INC,NAS,False,False
BCHT,BIRCHTECH CORP,ASE,False,False
DYAI,DYADIC INTL INC DEL,NAS,False,False
STXS,STEREOTAXIS INC,ASE,False,False
ABVC,ABVC BIOPHARMA INC,NAS,False,False
BCAL,CALIFORNIA BANCORP,NAS,False,False
OLB,OLB GROUP INC,NAS,False,False
TSSI,TSS INC DEL,NAS,False,False
MNSB,MAINSTREET BANCSHARES INC,NAS,False,False
MODD,MODULAR MED INC,NAS,False,False
CETY,CLEAN ENERGY TECHNOLOGIES INC,NAS,False,False
NECB,NORTHEAST CMNTY BANCORP INC,NAS,False,False
ASTI,ASCENT SOLAR TECHNOLOGIES INC,NAS,False,False
ESOA,ENERGY SERVICES OF AMER CORP,NAS,False,False
LEXX,LEXARIA BIOSCIENCE CORP,NAS,False,False
WFCF,WHERE FOOD COMES FROM INC,NAS,False,False
CREX,CREATIVE REALITIES INC,NAS,False,False
CARE,CARTER BANKSHARES INC,NSQ,False,False
SURG,SURGEPAYS INC,NAS,False,False
SBFM,SUNSHINE BIOPHARMA INC,NAS,False,False
NMAD,NOMAD PWR SOLUTIONS INC,NAS,False,False
FTLF,FITLIFE BRANDS INC,NAS,False,False
OPXS,OPTEX SYS HLDGS INC,NAS,False,False
TPCS,TECHPRECISION CORP,NAS,False,False
DTST,DATA STORAGE CORP,NAS,False,False
AYTU,AYTU BIOPHARMA INC,NAS,False,False
BEEM,BEAM GLOBAL,NAS,False,False
TOMZ,TOMI ENVIRONMENTAL SOLUTIONS I,NAS,False,False
RSSS,RESEARCH SOLUTIONS INC,NAS,False,False
DUOT,DUOS TECHNOLOGIES GROUP INC,NAS,False,False
BTCS,BTCS INC,NAS,False,False
SNWV,SANUWAVE HEALTH INC,NMS,False,False
MRDN,MERIDIAN HOLDINGS INC,NAS,False,False
SOBR,SOBR SAFE INC,NAS,False,False
SUIG,SUI GROUP HOLDINGS LIMITED,NAS,False,False
CELZ,CREATIVE MED TECHNOLOGY HLDGS,NAS,False,False
VIVK,VIVAKOR INC,NAS,False,False
COPR,IDAHO COPPER CORP,ASE,False,False
FIEE,FIEE INC,NAS,False,False
SRXH,SRX GLOBAL INC,ASE,False,False
COSM,COSMOS HEALTH INC,NAS,False,False
SOWG,SOW GOOD INC,NAS,False,False
SABS,SAB BIOTHERAPEUTICS INC,NAS,False,False
CTGO,CONTANGO SILVER & GOLD INC,ASE,False,False
BNC,CEA INDUSTRIES INC,NAS,False,False
CLSK,CLEANSPARK INC,NAS,True,True
CTM,CASTELLUM INC,ASE,False,False
BRFH,BARFRESH FOOD GROUP INC,NAS,False,False
RZLT,REZOLUTE INC,NAS,False,False
SILO,SILO PHARMA INC,NAS,False,False
MAMA,MAMAS CREATIONS INC,NAS,False,False
ATLX,ATLAS LITHIUM CORP,NAS,False,False
NMTC,NEUROONE MED TECHNOLOGIES CORP,NAS,False,False
FUBO,FUBOTV INC,NYSE,False,False
GCTK,GLUCOTRACK INC,NAS,False,False
AMPG,AMPLITECH GROUP INC,NAS,False,False
CIIT,TIANCI INTL INC,NAS,False,False
AEYE,AUDIOEYE INC,NAS,False,False
BLNE,BEELINE HOLDINGS INC,NAS,False,False
SNYR,SYNERGY CHC CORP,NAS,False,False
BIVI,BIOVIE INC,NAS,False,False
ODYS,ODYSIGHT AI INC,NAS,False,False
TONX,TON STRATEGY CO,NAS,False,False
SKYE,SKYE BIOSCIENCE INC,NAS,False,False
RLMD,RELMADA THERAPEUTICS INC,NAS,False,False
RDNW,RIDENOW GROUP INC,NAS,False,False
FCUV,FOCUS UNVL INC,NAS,False,False
FNGR,FINGERMOTION INC,NAS,False,False
EZRA,RELIANCE GLOBAL GROUP INC,NAS,False,False
GRNQ,GREENPRO CAP CORP,NAS,False,False
GWAV,GREENWAVE TECHNOLOGY SOLUTIONS,NAS,False,False
ALOY,REALLOYS INC,NAS,False,False
AREC,AMERICAN RES CORP,NAS,False,False
ARTL,ARTELO BIOSCIENCES INC,NAS,False,False
ABAT,AMERICAN BATTERY TECHNOLOGY,NAS,False,False
DTSS,DATASEA INTELLIGENT TECHNOLOGY,NAS,False,False
BBLG,BONE BIOLOGICS CORP,NAS,False,False
XAIR,BEYOND AIR INC,NAS,False,False
ATXG,ADDENTAX GROUP CORP,NAS,False,False
DUKR,DUKE ROBOTICS CORP,NAS,False,False
GRWG,GROWGENERATION CORP,NAS,False,False
BTU,PEABODY ENGR CORP,NYSE,True,True
YEXT,YEXT INC,NYSE,False,False
HCC,WARRIOR MET COAL INC,NYSE,True,True
PROP,PRAIRIE OPER CO,NAS,False,False
USAS,AMERICAS GOLD AND SILVER CORP,ASE,False,False
WRN,WESTERN COPPER & GOLD CORP,ASE,False,False
QXO,QXO INC,NYSE,True,True
WTTR,SELECT WATER SOLUTIONS INC,NYSE,True,True
EVGN,EVOGENE LTD,NAS,False,False
NTDOY,NINTENDO LTD,PINL,False,False
FND,FLOOR & DECOR HLDGS INC,NYSE,True,True
WDS,WOODSIDE ENERGY GROUP LTD,NYSE,False,False
VLEEY,VALEO SE,PINL,False,False
TKOMY,TOKIO MARINE HLDGS INC,PINL,False,False
TSCDY,TESCO PLC,OTCQ,False,False
SPKKY,SPARK NEW ZEALAND LTD,PINL,False,False
TTDKY,TDK CORP,PINL,False,False
SWRAY,SWIRE PAC LTD,PINL,False,False
SUHJY,SUN HUNG KAI PPTYS LTD,OTCID,False,False
SIEGY,SIEMENS A G,PINL,False,False
SSDOY,SHISEIDO CO LTD,PINL,False,False
SKHSY,SEKISUI HOUSE LTD,OTCID,False,False
SOMLY,SECOM CO LTD,PINL,False,False
SDVKY,SANDVIK AB,PINL,False,False
SKFRY,AB SKF,PINL,False,False
RYCEY,ROLLS ROYCE HOLDINGS PLC,PINL,False,True
REPYY,REPSOL S A,OTCQ,False,False
RTO,RENTOKIL INITIAL PLC,NYSE,False,False
RWEOY,RWE AG,PINL,False,False
NHYDY,NORSK HYDRO A S,OTCQ,False,False
NSANY,NISSAN MOTOR CO LTD,PINL,False,False
NINOY,NIKON CORP,PINL,False,False
NSRGY,NESTLE S A,OTCID,False,False
NDBKY,NEDBANK GROUP LIMITED,PINL,False,False
NABZY,NATIONAL AUSTRALIA BK LTD144A,PINL,False,False
MITSY,MITSUI & CO LTD,PINL,False,False
MIELY,MITSUBISHI ELEC CORP,PINL,False,False
MARUY,MARUBENI CORP,PINL,False,False
MKTAY,MAKITA CORP,PINL,False,False
LGGNY,LEGAL & GEN GROUP PLC,PINL,False,False
LVMUY,LVMH MOET HENNESSY LOUIS,PINL,False,False
KUBTY,KUBOTA CORP,PINL,False,False
ADRNY,KONINKLIJKE AHOLD DELHAIZE N,OTCQ,False,False
KMTUY,KOMATSU LTD,PINL,False,False
KNBWY,KIRIN HLDGS CO LTD,PINL,False,False
KGFHY,KINGFISHER PLC,OTCQ,False,False
KCDMY,KIMBERLY-CLARK DE MEXICO,OTCID,False,False
IMPUY,IMPALA PLATINUM HOLDINGS LTD,OTCQ,False,False
HLDCY,HENDERSON LD DEV LTD,PINL,False,False
HEINY,HEINEKEN NV,OTCQ,False,False
DANOY,DANONE SA,OTCQ,False,False
FJTSY,FUJITSU LTD,PINL,False,False
FUJIY,FUJIFILM HLDGS CORP,PINL,False,False
FUJHY,SUBARU CORP,PINL,False,False
DBSDY,DBS GROUP HOLDINGS LTD,PINL,False,False
CTTAY,CONTINENTAL AG,PINL,False,False
CRZBY,COMMERZBANK AG,PINL,False,False
WMMVY,WAL-MART DE MEXICO S A DE C V,OTCQ,False,False
CLPHY,CLP HOLDINGS LTD,PINL,False,False
BRDCY,BRIDGESTONE CORP,PINL,False,False
BASFY,BASF SE,OTCQ,False,False
AKZOY,AKZO NOBEL N V,OTCQ,False,False
AJNMY,AJINOMOTO CO INC,PINL,False,False
ELUXY,ELECTROLUX AB,PINL,False,False
HLPPY,HANG LUNG PPTYS LTD,OTCID,False,False
KKPNY,KONINKLIJKE KPN N.V,PINL,False,False
TATYY,TATE & LYLE PLC,OTCQ,False,False
UOVEY,UNITED OVERSEAS BK LTD,PINL,False,False
AXAHY,AXA SA,OTCQ,False,False
DASTY,DASSAULT SYSTEMES,PINL,False,False
IMBBY,IMPERIAL BRANDS PLC,OTCQ,False,False
SCRYY,SCOR SE,PINL,False,False
HCMLY,HOLCIM LTD NEW,PINL,False,False
DTEGY,DEUTSCHE TELEKOM AG,OTCQ,False,False
ANGPY,VALTERRA PLATINUM LTD,PINL,False,False
SSEZY,SSE PLC,PINL,False,False
SCGLY,SOCIETE GENERALE,OTCID,False,False
TTNDY,TECHTRONIC INDS LTD,OTCQ,False,False
TMRAY,TOMRA SYSTEMS ASA,PINL,False,False
ASBFY,ASSOCIATED BRITISH FOODS PLC,PINL,False,False
ATLKY,ATLAS COPCO AB,PINL,False,False
CRHKY,CHINA RES BEER HLDGS CO LTD,PINL,False,False
EONGY,E ON SE DISC COML PAPER 4/2,PINL,False,False
DWAHY,DAIWA HOUSE INDUSTRY CO LTD,PINL,False,False
DLAKY,DEUTSCHE LUFTHANSA AG,OTCQ,False,False
VIVHY,VIVENDI SE,PINL,False,False
SUZ,SUZANO S A,NYSE,False,False
LNVGY,LENOVO GROUP LTD,PINL,False,False
NPNYY,NIPPON YUSEN KABUSHIKI KAISHA,PINL,False,False
OMRNY,OMRON CORP,PINL,False,False
MITEY,MITSUBISHI ESTATE LTD,PINL,False,False
HVRRY,HANNOVER RUECKVERSICHERUNG AG,PINL,False,False
UUGRY,UNITED UTILITIES GROUP PLC,PINL,False,False
YZCAY,YANKUANG ENERGY GROUP CO LTD,OTCQ,False,False
ORKLY,ORKLA ASA,PINL,False,False
LRLCY,LOREAL S.A.,PINL,False,False
JMPLD,JOHNSON MATTHEY PUB LTD CO,PINL,False,False
JSAIY,J SAINSBURY PLC,OTCQ,False,False
SCMWY,SWISSCOM AG,OTCID,False,False
HLTOY,HELLENIC TELECOM ORG S A,PINL,False,False
AGESY,AGEAS,PINL,False,False
BAESY,BAE SYSTEMS PLC,PINL,False,False
SEOAY,STORA ENSO OYJ,OTCQ,False,False
NGLOY,ANGLO AMERICAN PLC,OTCQ,False,False
TMICY,TREND MICRO INC,PINL,False,False
BKHYY,BANK HAPOALIM B M,PINL,False,False
ADDYY,ADIDAS AG,OTCQ,False,False
BNPQY,BNP PARIBAS,OTCQ,False,False
MTNOY,MTN GROUP LTD,PINL,False,False
LLESY,LENDLEASE CORP LTD,PINL,False,False
ZURVY,ZURICH INSURANCE GROUP AG,OTCQ,False,False
IBDRY,IBERDROLA S A,OTCID,False,False
CABGY,CARLSBERG AS,PINL,False,False
CMSQY,COMPUTERSHARE LTD,OTCID,False,False
SWDBY,SWEDBANK AB,PINL,False,False
AFLYY,AIR FRANCE KLM,OTCID,False,False
MKKGY,MERCK KGAA,PINL,False,False
YAMCY,YAMAHA CORP,PINL,False,False
IFNNY,INFINEON TECHNOLOGIES AG,OTCQ,False,False
SGSOY,SGS SA,PINL,False,False
TAK,TAKEDA PHARMACEUTICAL CO LTD,NYSE,True,True
ATEYY,ADVANTEST CORP,PINL,False,False
SSUMY,SUMITOMO CORP,PINL,False,False
KRYAY,KERRY GROUP PLC,OTCID,False,False
PUBGY,PUBLICIS GROUPE SA,OTCQ,False,False
AIQUY,AIR LIQUIDE,PINL,False,False
VEOEY,VEOLIA ENVIRONNEMENT,PINL,False,False
DHLGY,DHL AG,OTCID,False,False
TELNY,TELENOR ASA,OTCQ,False,False
NVZMY,NOVONESIS (NOVOZYMES) B,PINL,False,False
EBKDY,ERSTE GROUP BK A G,PINL,False,False
SMGZY,SMITHS GROUP PLC,PINL,False,False
HOCPY,HOYA CORP,PINL,False,False
CUVL,CLINUVEL PHARMACEUTICALS LTD,NSQ,False,False
NJDCY,NIDEC CORP,EXPM,False,False
RCEL,AVITA MEDICAL INC,NAS,False,False
MAKSY,MARKS & SPENCER GROUP P L C,OTCQ,False,False
SDXAY,SODEXO,PINL,False,False
IDCBY,INDUSTRIAL & COML BK CHINA LTD,PINL,False,False
JRONY,JERONIMO MARTINS SGPS SA,PINL,False,False
EVO,EVOTEC AG,NSQ,False,False
MQBKY,MACQUARIE GROUP LIMITED,PINL,False,False
BHKLY,BOC HONG KONG HLDGS LTD,PINL,False,False
NPSNY,NASPERS LIMITED,PINL,False,False
CGEMY,CAPGEMINI SE,PINL,False,False
ESLOY,ESSILOR LUXOTTICA,PINL,False,False
RNECY,RENESAS ELECTRONICS CORP,PINL,False,False
BTLCY,BRITISH LAND COMPANY PLC,PINL,False,False
YARIY,YARA INTL ASA,OTCID,False,False
EDPFY,EDP SA,PINL,False,False
TCEHY,TENCENT HLDGS LTD,PINL,False,False
CSUAY,CHINA SHENHUA ENERGY CO LTD,PINL,False,False
EXPGY,EXPERIAN PLC,OTCQ,False,False
ISNPY,INTESA SANPAOLO S P A,OTCID,False,False
HSQVY,HUSQVARNA AB,PINL,False,False
RBGLY,RECKITT BENCKISER GROUP PLC,OTCQ,False,False
MSADY,MS&AD INS GROUP HLDGS,PINL,False,False
ARZGY,ASSICURAZIONI GENERALI SPA,PINL,False,False
SSREY,SWISS RE LTD,PINL,False,False
CCHGY,COCA-COLA HBC AG,PINL,False,False
NTTYY,NTT INC,PINL,False,False
CVNA,CARVANA CO,NYSE,True,True
SOS,SOS LIMITED,NYSE,False,False
ZYME,ZYMEWORKS INC,NSQ,False,False
KNTK,KINETIK HOLDINGS INC,NYSE,True,True
SVRA,SAVARA INC,NSQ,False,False
URGN,UROGEN PHARMA LTD,NMS,False,False
KREF,KKR REAL ESTATE FIN TR INC,NYSE,False,False
OVID,OVID THERAPEUTICS INC,NAS,False,False
ALT,ALTIMMUNE INC,NMS,False,False
FPH,FIVE POINT HOLDINGS LLC,NYSE,False,False
AM,ANTERO MIDSTREAM CORP,NYSE,True,True
FMAO,FARMERS & MERCHANTS BANCORP IN,NAS,False,False
IR,INGERSOLL RAND INC,NYSE,True,True
VST,VISTRA CORP,NYSE,True,True
SEI,SOLARIS ENERGY INFRAS INC,NYSE,False,False
VERI,VERITONE INC,NMS,False,False
SVM,SILVERCORP METALS INC,ASE,True,True
CARS,CARS COM INC,NYSE,False,False
NXE,NEXGEN ENERGY LTD,NYSE,True,True
AAGIY,AIA GROUP LTD HONG KONG,PINL,False,False
ACGBY,AGRICULTURAL BK CHINA LTD,PINL,False,False
ACB,AURORA CANNABIS INC,NAS,False,False
AHEXY,ADECCO GROUP AG,PINL,False,False
AHCHY,ANHUI CONCH CEMENT,PINL,False,False
AHKSY,ASAHI KASEI CORP,PINL,False,False
ALPMY,ASTELLAS PHARMA INC,PINL,False,False
ALM,ALMONTY INDS INC,NAS,True,True
ALSMY,ALSTOM SA,PINL,False,False
ALFVY,ALFA LAVAL AB SWEDEN,PINL,False,False
AMADY,AMADEUS IT GROUP S A,PINL,False,False
AMKBY,A P MOELLER MAERSK A S,PINL,False,False
APLD,APPLIED DIGITAL CORP,NSQ,True,True
AONNY,AEON CO LTD,PINL,False,False
AEC,ANFIELD ENERGY INC,NAS,False,False
PMN,PROMIS NEUROSCIENCES INC,NAS,False,False
AUGO,AURA MINERALS INC,NSQ,False,False
ASAZY,ASSA ABLOY AB,PINL,False,False
AZN,ASTRAZENECA PLC,NYSE,True,True
ASMVY,ASMPT LTD,PINL,False,False
ATLCY,ATLAS COPCO AB,PINL,False,False
ASXFY,ASX LTD,PINL,False,False
ASOMY,ASOS PLC,PINL,False,False
BAYRY,BAYER AG,OTCQ,False,False
BACHY,BANK OF CHINA LTD,PINL,False,False
BCTX,BRIACELL THERAPEUTICS CORP,NAS,False,False
BBSEY,BB SEGURIDADE PARTICIPACOES SA,PINL,False,False
BDORY,BANCO DO BRASIL S A,OTCID,False,False
BDOUY,BDO UNIBANK INC.,PINL,False,False
BDRFY,BEIERSDORF AG,PINL,False,False
BRAG,BRAGG GAMING GROUP INC,NSQ,False,False
BTDPY,BARRATT REDROW PLC,PINL,False,False
BXBLY,BRAMBLES LTD,PINL,False,False
GLXY,GALAXY DIGITAL INC.,NSQ,True,True
BYDDY,BYD CO LTD,PINL,False,False
BNTGY,BRENNTAG SE,PINL,False,False
CHGCY,CHUGAI PHARMACEUTICAL CO LTD,PINL,False,False
CHEOY,COCHLEAR LTD,PINL,False,False
KGEI,KOLIBRI GLOBAL ENERGY INC,NAS,False,False
BWLP,BW LPG LTD,NYSE,False,False
BMRRY,B&M EUROPEAN VALUE RETAIL PLC,PINL,False,False
CGHLY,CHINA GAS HLDGS LTD,PINL,False,False
CBGPY,CLOSE BROS GROUP PLC,PINL,False,False
CFRUY,COMPAGNIE FINANCIERE RICHEMONT,PINL,False,False
BKRKY,PT BK RAKYAT INDONESIA PERSERO,PINL,False,False
BKKLY,BANGKOK BK PLC,PINL,False,False
BURBY,BURBERRY GROUP PLC,PINL,False,False
BVNRY,BAVARIAN NORDIC,PINL,False,False
CCOEY,CAPCOM CO LTD,PINL,False,False
CIADY,CHINA MENGNIU DAIRY CO LTD,PINL,False,False
CGAU,CENTERRA GOLD INC,NYSE,True,True
CJPRY,CENTRAL JAPAN RY CO,PINL,False,False
CICHY,CHINA CONSTRUCTION BANK CORP,PINL,False,False
CKHUY,CK HUTCHISON HLDGS LTD,PINL,False,False
CJEWY,CHOW TAI FOOK JEWELLERY GROUP,PINL,False,False
CIHKY,CHINA MERCHANTS BK CO LTD,PINL,False,False
CTXAY,AMPOL LTD,PINL,False,False
CZMWY,CARL ZEISS MEDITEC AG,PINL,False,False
CRRFY,CARREFOUR SA,PINL,False,False
ELEZY,ENDESA S A,PINL,False,False
DBOEY,DEUTSCHE BOERSE AG,PINL,False,False
DNNGY,ORSTED A/S,PINL,False,False
ENLAY,ENEL SOCIETA PER AZIONI,PINL,False,False
DNBBY,DNB BANK ASA,PINL,False,False
CODYY,COMPAGNIE DE ST GOBAIN,PINL,False,False
ENGGY,ENAGAS S A,PINL,False,False
EMA,EMERA INC,NYSE,True,True
DSNKY,DAIICHI SANKYO CO LTD,PINL,False,False
ESYJY,EASYJET PLC,PINL,False,False
EVVTY,EVOLUTION AB,PINL,False,False
MTA,METALLA RTY & STREAMING LTD,ASE,False,False
CSLLY,CSL LTD,OTCQ,False,False
COVTY,COVESTRO AG,PINL,False,False
GNNDY,GN STORE NORD A S,PINL,False,False
COIHY,CRODA INTL PLC,PINL,False,False
CLPXY,CHINA LONGYUAN POWER GROUP,PINL,False,False
CITR,CITROTECH INC,ASE,False,False
GLDG,GOLDMINING INC,ASE,False,False
EJPRY,EAST JAPAN RAILWAY CO,PINL,False,False
FSNUY,FRESENIUS SE & CO KGAA,PINL,False,False
MBGYY,MERCEDES BENZ GROUP AG,PINL,False,False
GLPEY,GALP ENERGIA SGPS SA,PINL,False,False
DSCSY,DISCO CORP,PINL,False,False
DSDVY,DSV A/S,PINL,False,False
AMR,ALPHA METALLURGICAL RESOUR INC,NYSE,False,False
EFXT,ENERFLEX LTD,NYSE,True,True
ELVA,ELECTROVAYA INC,NAS,False,False
DUFRY,AVOLTA AG,PINL,False,False
EADSY,AIRBUS SE,PINL,False,False
DNTUY,DENTSU GROUP INC,PINL,False,False
EPSN,EPSILON ENERGY LTD,NMS,False,False
DQJCY,PAN PACIFIC INTL HLDGS CORP,PINL,False,False
DIFTY,DAITO TRUST CONSTRUCTION CO,PINL,False,False
CRARY,CREDIT AGRICOLE S A,PINL,False,False
CRH,CRH PLC,NYSE,False,False
FSUGY,FORTESCUE LTD,OTCQ,False,False
GNGBY,GETINGE AB,PINL,False,False
GORO,GOLDGROUP MNG INC,ASE,False,False
FANUY,FANUC CORPORATION,PINL,False,False
GBERY,GEBERIT AG,PINL,False,False
FLNG,FLEX LNG LTD,NYSE,False,False
GLNCY,GLENCORE PLC,PINL,False,False
FRCOY,FAST RETAILING CO LTD,PINL,False,False
MAKO,MAKO MNG CORP,NAS,False,False
GVDNY,GIVAUDAN SA,PINL,False,False
GXYYY,GALAXY ENTMT GROUP LTD,PINL,False,False
GWLLY,GREAT WALL MOTOR CO LTD,PINL,False,False
HENKY,HENKEL AG & CO. KGAA,PINL,False,False
HESAY,HERMES INTL SCA CDR BMO,PINL,False,False
HEGIY,HENGAN INTL GROUP CO LTD,PINL,False,False
HKHHY,HEINEKEN HOLDINGS NV,OTCQ,False,False
HKXCY,HONG KONG EXCHANGES & CLEARING,PINL,False,False
HSDT,SOLANA CO,NAS,False,False
PCSA,PROCESSA PHARMACEUTICALS INC,NAS,False,False
HXGBY,HEXAGON AKTIEBOLAG,PINL,False,False
MSLE,SATELLOS BIOSCIENCE INC,NMS,False,False
AUID,AUTHID INC,NAS,False,False
IDEXY,INDUSTRIA DE DISENO TEXTIL IND,PINL,False,False
IFJPY,INFORMA PLC,PINL,False,False
IHICY,IHI CORP,PINL,False,False
IVDA,IVEDA SOLUTIONS INC,NAS,False,False
LTGHY,LIFE HEALTHCARE GRP HLDGS LTD,PINL,False,False
NDEKY,NITTO DENKO CORP,PINL,False,False
MRAAY,MURATA MFG CO LTD,PINL,False,False
PPTA,PERPETUA RESOURCES CORP,NAS,True,True
LGFRY,LONGFOR GROUP HLDGS LTD,PINL,False,False
LGO,LARGO INC,NSQ,False,False
LGRDY,LEGRAND S A,PINL,False,False
JBAXY,JULIUS BAER GRUPPE,PINL,False,False
MDIBY,MEDIOBANCA - BANCA DI CREDITO,PINL,False,False
KGSPY,KINGSPAN GROUP PLC,PINL,False,False
NCBDY,BANDAI NAMCO HLDGS INC,PINL,False,False
STKE,SOL STRATEGIES INC,NSQ,False,False
KHNGY,KUEHNE & NAGEL INTL AG,PINL,False,False
IVF,INVO FERTILITY INC.,NAS,False,False
PTAIY,PT ASTRA INTL TBK,PINL,False,False
JMHLY,JARDINE MATHESON HLDGS LTD,PINL,False,False
PRNDY,PERNOD RICARD SA,PINL,False,False
PTKFY,PT KALBE FARMA TBK,PINL,False,False
PNGAY,PING AN INS GROUP CO CHINA LTD,PINL,False,False
OGI,ORGANIGRAM GLOBAL INC,NSQ,False,False
PTXKY,PT XLSMART TELECOM SEJAHTERA T,PINL,False,False
PPCCY,PICC PPTY & CAS CO LTD,PINL,False,False
OGC,OCEANAGOLD CORP,NYSE,True,True
OCDDY,OCADO GROUP PLC,PINL,False,False
NEWP,NEW PAC METALS CORP,ASE,False,False
SANG,SANGOMA TECHNOLOGIES CORP,NSQ,False,False
SLLDY,SANLAM LTD,PINL,False,False
EU,ENCORE ENERGY CORP,NAS,False,False
REMYY,REMY COINTREAU S A,PINL,False,False
BMNR,BITMINE IMMERSION TECHS INC,NYSE,True,True
STRNY,SEVERN TRENT PLC,PINL,False,False
SKE,SKEENA RES LTD NEW,NYSE,True,True
SKLTY,SEEK LTD,PINL,False,False
SII,SPROTT INC,NYSE,False,False
SCOR,COMSCORE INC,NSQ,False,False
TKAMY,THYSSENKRUPP AG,PINL,False,False
TEZNY,TERNA RETE ELETTRICA NAZIONALE,PINL,False,False
SOUHY,SOUTH32 LTD,PINL,False,False
SUTNY,SUMITOMO MITSUI TRUST GROUP IN,OTCID,False,False
SMNNY,SHIMANO INC,PINL,False,False
SOTGY,SUNNY OPTICAL TECH GRP CO LTD,PINL,False,False
SAXPY,SAMPO OYJ,PINL,False,False
TOELY,TOKYO ELECTRON LTD,PINL,False,False
SBGSY,SCHNEIDER ELECTRIC SE,PINL,False,False
SMMYY,SUMITOMO METAL MINING CO LTD,PINL,False,False
TMSNY,TEMENOS AG,PINL,False,False
TIGR,UP FINTECH HLDG LTD,NSQ,False,False
UCBJY,UCB S A,PINL,False,False
VS,VERSUS SYSTEMS INC,NAS,False,False
YUEIY,YUE YUEN INDL HLDGS LTD,PINL,False,False
UBSFY,UBISOFT ENTERTAIN,PINL,False,False
FERG,FERGUSON ENTERPRISES INC,NYSE,True,True
VONOY,VONOVIA SE,PINL,False,False
NB,NIOCORP DEVS LTD,NMS,False,False
JSGRY,LIXIL CORPORATION,PINL,False,False
MRPLY,MR PRICE GROUP LTD,PINL,False,False
KNYJY,KONE OYJ,PINL,False,False
LZAGY,LONZA GROUP AG,PINL,False,False
NMG,NOUVEAU MONDE GRAPHITE INC,NYSE,False,False
MTSFY,MITSUI FUDOSAN CO LTD,PINL,False,False
NEXOY,NEXON CO LTD,PINL,False,False
MTUAY,MTU AERO ENGINES H,PINL,False,False
MZDAY,MAZDA MTR CORP,PINL,False,False
MGDDY,CIE GENERALE DES ETABLISSEMENT,PINL,False,False
JPXGY,JAPAN EXCHANGE GROUP INC,PINL,False,False
LNNGY,LI NING CO LTD,PINL,False,False
TIGO,MILLICOM INTL CELLULAR S A,NSQ,False,False
INDV,INDIVIOR PHARMACEUTICALS INC,NSQ,True,True
MDXH,MDXHEALTH SA,NAS,False,False
NTOIY,NESTE OYJ,PINL,False,False
WEGRY,WEIR PLC,PINL,False,False
WEGZY,WEG SA BRAZIL,OTCID,False,False
POET,POET TECHNOLOGIES INC,NAS,False,False
CGC,CANOPY GROWTH CORPORATION,NSQ,False,False
WLMIY,WILMAR INTERNATIONAL LTD,PINL,False,False
VCISY,VINCI SA,PINL,False,False
TFII,TFI INTERNATIONAL INC,NYSE,True,True
SHTDY,SINOPHARM GROUP CO LTD,PINL,False,False
TRYIY,TORAY INDS INC,PINL,False,False
XNGSY,ENN ENERGY HLDGS LTD,PINL,False,False
XPEL,XPEL INC,NAS,False,False
SGIOY,SHIONOGI & CO LTD,PINL,False,False
RDEIY,REDEIA CORPORACION S A,PINL,False,False
PSMMY,PERSIMMON,PINL,False,False
PSIX,POWER SOLUTIONS INTL INC,NAS,False,False
VDMCY,VODACOM GROUP LIMITED,PINL,False,False
WFAFY,WESFARMERS LTD,PINL,False,False
SGPYY,SAGE GROUP PLC,PINL,False,False
NRILY,NOMURA RESEARCH INSTITUTE LTD,PINL,False,False
WJRYY,WEST JAPAN RAILYAY CO,PINL,False,False
SVNLY,SVENSKA HANDELSBANKEN AB NY BR,PINL,False,False
OLCLY,ORIENTAL LAND CO LTD,PINL,False,False
SGBLY,STANDARD BANK GROUP LTD,PINL,False,False
SVNDY,SEVEN & I HLDGS CO LTD,PINL,False,False
SNMRY,SNAM S.P.A.,PINL,False,False
WRDLY,WORLDLINE SA,PINL,False,False
RKUNY,RAKUTEN GROUP INC,PINL,False,False
SHECY,SHIN ETSU CHEMICAL CO LTD,PINL,False,False
FLUT,FLUTTER ENTMT PLC,NYSE,True,True
SYIEY,SYMRISE AG,PINL,False,False
TTE,TOTALENERGIES SE,NYSE,True,True
PPERY,PT BK MANDIRI PERSERO TBK,PINL,False,False
DEFT,DEFI TECHNOLOGIES INC,NAS,False,False
YASKY,YASKAWA ELEC CORP,PINL,False,False
QBIEY,QBE INS GROUP LTD,PINL,False,False
ALP,ALPHA COMPUTE CORP,NAS,False,False
SSMXY,SYSMEX CORP,PINL,False,False
QABSY,QANTAS AIRWAYS LTD,PINL,False,False
TGOPY,3I GROUP PLC,PINL,False,False
SAFRY,SAFRAN,PINL,False,False
TPRKY,TRAVIS PERKINS PLC,PINL,False,False
TLSNY,TELIA COMPANY A B,PINL,False,False
NXTS,NEXENTIS TECHNOLOGIES INC,NAS,False,False
RANJY,RANDSTAD HLDG NV,PINL,False,False
WFG,WEST FRASER TIMBER CO LTD,NYSE,False,False
SHZHY,SHENZHOU INTL GROUP HLDGS LTD,PINL,False,False
PBCRY,PT BANK CENTRAL ASIA TBK,PINL,False,False
ZLNDY,ZALANDO SE,PINL,False,False
JAPAY,JAPAN TOBACCO INC,PINL,False,False
JAPSY,JAPAN AIRLINES CO LTD JAL,PINL,False,False
ISUZY,ISUZU MTRS LTD,PINL,False,False
KPCPY,KASIKORNBANK PUBLIC CO LTD,PINL,False,False
KIGRY,KION GROUP AG,PINL,False,False
KKOYY,KESKO OYJ,PINL,False,False
KOTMY,KOITO MANUFACTURING CO LTD,PINL,False,False
KDDIY,KDDI CORP,PINL,False,False
KSRYY,KOSE HOLDINGS CORP,PINL,False,False
KBCSY,KBC GROUP NV,PINL,False,False
IPXHY,INPEX CORP,PINL,False,False
ITVPY,ITV PLC,PINL,False,False
SMTOY,SUMITOMO ELECTRIC INDS,PINL,False,False
VLVLY,VOLVO AB,PINL,False,False
PRYMY,PRYSMIAN SPA,PINL,False,False
SCZM,SANTACRUZ SILVER MNG LTD,NAS,False,False
NUR,NURAN WIRELESS INC,NAS,False,False
SCHYY,SANDS CHINA LTD,PINL,False,False
RNMBY,RHEINMETALL AG,PINL,False,False
SGAPY,SINGAPORE TELECOMMUNICATNS LTD,PINL,False,False
NPSCY,NIPPON STEEL CORP,PINL,False,False
SFTBY,SOFTBANK GROUP CORP,PINL,False,False
SUOPY,SUMCO CORP,PINL,False,False
SMPNY,SOMPO HOLDINGS INC,PINL,False,False
SMSGY,SAMSONITE GROUP SA,PINL,False,False
SEKEY,SEIKO EPSON CORP,PINL,False,False
OPHLY,ONO PHARMACEUTICAL CO LTD,PINL,False,False
SOMMY,SUMITOMO CHEMICAL CO LTD,PINL,False,False
SONVY,SONOVA HLDG AG,PINL,False,False
SINGY,SINGAPORE AIRLINES LIMITED,PINL,False,False
OTSKY,OTSUKA HLDGS CO LTD,PINL,False,False
OVCHY,OVERSEA CHINESE BK,PINL,False,False
PROF,PROFOUND MED CORP,NAS,False,False
SWGAY,SWATCH GROUP AG,PINL,False,False
MONOY,MONOTARO CO LTD,PINL,False,False
STBFY,SUNTORY BEVERAGE & FOOD LTD,PINL,False,False
RYKKY,RYOHIN KEIKAKU CO LTD,PINL,False,False
PPRUY,KERING SA,PINL,False,False
RMVEY,RIGHTMOVE PLC,PINL,False,False
BMM,BLUE MOON METALS INC,NAS,False,False
SXYAY,SIKA AG,PINL,False,False
SAUHY,STRAUMANN HOLDING AG,PINL,False,False
BYRN,BYRNA TECHNOLOGIES INC,NAS,False,False
SKHHY,SONIC HEALTHCARE LTD,PINL,False,False
SKBSY,SKANSKA AB,PINL,False,False
SFRGY,SALVATORE FERRAGAMO S P A,PINL,False,False
OGG,OSISKO GOLD GROUP INC,NYSE,False,False
SMCAY,SMC CORP,PINL,False,False
TRUMY,TERUMO CORP,PINL,False,False
WTBDY,WHITBREAD PLC,PINL,False,False
VFF,VILLAGE FARMS INTL INC,NAS,False,False
TKGSY,TOKYO GAS CO LTD,PINL,False,False
VWDRY,VESTAS WIND SYS AS,PINL,False,False
TSRYY,TREASURY WINE ESTATES LTD,PINL,False,False
UMICY,UMICORE GROUP,PINL,False,False
TLPFY,TELEPERFORMANCE SE,PINL,False,False
NEXM,NEXMETALS MINING CORP.,NAS,False,False
YAHOY,L Y CORPORATION,PINL,False,False
THKLY,THK CO LTD,PINL,False,False
PENG,PENGUIN SOLUTIONS INC,NSQ,True,True
ARGX,ARGENX SE,NSQ,False,False
APPN,APPIAN CORP,NMS,False,False
CELH,CELSIUS HLDGS INC,NAS,True,True
PPCB,PROPANC BIOPHARMA INC,NAS,False,False
FNV,FRANCO NEV CORP,NYSE,True,True
SSTI,SOUNDTHINKING INC,NAS,False,False
ARIS,ARIS MINING CORPORATION,NYSE,True,True
AZIO,AZIO AI HOLDINGS INC,NAS,False,False
AQB,AQUABOUNTY TECHNOLOGIES INC,NAS,False,False
IMRN,IMMURON LTD,NAS,False,False
CGBD,CARLYLE SECURED LENDING INC,NSQ,False,False
OLOX,OLENOX INDUSTRIES INC,NAS,False,False
SAFE,SAFEHOLD INC,NYSE,True,True
GPMT,GRANITE PT MTG TR INC,NYSE,False,False
OPTU,OPTIMUM COMMUNICATIONS INC,NYSE,False,False
NDRA,ENDRA LIFE SCIENCES INC,NAS,False,False
FRMM,FORUM MARKETS INC,NAS,False,False
ESQ,ESQUIRE FINL HLDGS INC,NAS,False,False
CODX,CO-DIAGNOSTICS INC,NAS,False,False
RNTX,REIN THERAPEUTICS INC,NAS,False,False
BY,BYLINE BANCORP INC,NYSE,False,False
JMSB,JOHN MARSHALL BANCORP INC,NAS,False,False
HYFT,MINDWALK HOLDINGS CORP,NAS,False,False
NUTX,NUTEX HEALTH INC,NAS,False,False
IVT,INVENTRUST PPTYS CORP,NYSE,True,True
GBOOY,GRUPO FINANCIERO BANORTE S A B,OTCQ,False,False
ELBM,ELECTRA BATTERY MATERIALS CORP,NAS,False,False
FMST,FOREMOST CLEAN ENERGY LTD,NAS,False,False
BAFN,BAYFIRST FINANCIAL CORP,NAS,False,False
THRY,THRYV HLDGS INC,NAS,False,False
CBC,CENTRAL BANCOMPANY,NSQ,False,False
BRBS,BLUE RIDGE BANKSHARES INC VA,ASE,False,False
NESR,NATIONAL ENERGY SERVICES REUNI,NAS,True,True
FRSX,FORESIGHT AUTONOMOUS HLDGS LTD,NAS,False,False
WHGLY,WH GROUP LTD,PINL,False,False
NCPL,NETCAPITAL INC,NAS,False,False
VBNK,VERSABANK NEW,NSQ,False,False
SLI,STANDARD LITHIUM CORP,ASE,False,False
CHAI,CORE AI HOLDINGS INC,NAS,False,False
RCBC,RIVER CITY BK SACRAMENTO CALIF,NAS,False,False
RCRUY,RECRUIT HLDGS CO LTD,PINL,False,False
HIVE,HIVE DIGITAL TECHNOLOGIES LTD,NAS,False,False
PBAM,PRIVATE BANCORP OF AMER INC,NSQ,False,False
OBT,ORANGE CNTY BANCORP INC,NAS,False,False
NTRB,NUTRIBAND INC,NAS,False,False
NNGRY,NN GROUP N V,PINL,False,False
NCRA,NOCERA INC,NAS,False,False
GOAI,EVA LIVE INC,NAS,False,False
MHGVY,MOWI ASA,PINL,False,False
MCBS,METROCITY BANKSHARES INC,NSQ,False,False
WETH,WETOUCH TECHNOLOGY INC,NAS,False,False
AVBH,AVIDBANK HLDGS INC,NSQ,False,False
CHGA,CHANGE AGENTS CORP,NAS,False,False
ALRS,ALERUS FINL CORP,NAS,False,False
MYO,MYOMO INC,ASE,False,False
MGY,MAGNOLIA OIL & GAS CORP,NYSE,True,True
IOR,INCOME OPPORTUNITY RLTY INVS I,ASE,False,False
MSSMY,MISUMI GROUP INC,PINL,False,False
CLLNY,CELLNEX TELECOM S A,PINL,False,False
PRPO,PRECIPIO INC,NAS,False,False
JBGS,JBG SMITH PPTYS,NYSE,False,False
SMPL,SIMPLY GOOD FOODS CO,NAS,True,True
BHF,BRIGHTHOUSE FINL INC,NSQ,False,False
TRTX,TPG RE FIN TR INC,NYSE,False,False
KALA,KALA BIO INC,NAS,False,False
CODA,CODA OCTOPUS GROUP INC,NAS,False,False
CBUS,CIBUS INC,NAS,False,False
RBB,RBB BANCORP,NSQ,False,False
CMCL,CALEDONIA MNG CORP,ASE,False,False
IMTE,INTEGRATED MEDIA TECHNLOGY LTD,NAS,False,False
WHWK,WHITEHAWK THERAPEUTICS INC,NAS,False,False
RNGR,RANGER ENERGY SVCS INC,NYSE,False,False
ACEL,ACCEL ENTERTAINMENT INC,NYSE,False,False
BBCP,CONCRETE PUMPING HLDGS INC,NAS,False,False
COSO,COASTALSOUTH BANCSHARES INC,NYSE,False,False
MBIO,MUSTANG BIO INC,NAS,False,False
ZKIN,ZK INTL GROUP CO LTD,NAS,False,False
COHN,COHEN & CO INC NEW,ASE,False,False
HFFG,HF FOODS GROUP INC,NAS,False,False
FSM,FORTUNA MNG CORP,NYSE,True,True
PBA,PEMBINA PIPELINE CORP,NYSE,True,True
LW,LAMB WESTON HLDGS INC,NYSE,True,True
HGV,HILTON GRAND VACATIONS INC,NYSE,False,False
SMHI,SEACOR MARINE HLDGS INC,NYSE,False,False
CAE,CAE INC,NSQ,True,True
HBM,HUDBAY MINERALS INC,NYSE,True,True
PK,PARK HOTELS & RESORTS INC,NYSE,True,True
CNDT,CONDUENT INC,NSQ,False,False
INSW,INTERNATIONAL SEAWAYS INC,NYSE,False,False
AGI,ALAMOS GOLD INC,NYSE,True,True
ICL,ICL GROUP LTD,NYSE,False,False
UNCRY,UNICREDIT S.P.A,PINL,False,False
CELC,CELCUITY INC,NAS,False,False
FENC,FENNEC PHARMACEUTICALS INC,NAS,False,False
KRYS,KRYSTAL BIOTECH INC,NSQ,False,False
PETZ,TDH HLDGS INC,NAS,False,False
ZLAB,ZAI LAB LTD,NMS,False,False
MYND,MYND AI INC,ASE,False,False
ROKU,ROKU INC,NSQ,True,True
NCNA,NUCANA PLC,NAS,False,False
ECVT,ECOVYST INC,NYSE,True,True
HBB,HAMILTON BEACH BRANDS HLDG CO,NYSE,False,False
RYTM,RHYTHM PHARMACEUTICALS INC,NMS,True,True
KIDS,ORTHOPEDIATRICS CORP,NMS,False,False
CARG,CARGURUS INC,NSQ,True,True
APG,API GROUP CORP,NYSE,True,True
HTT,HIGH TEMPLAR TECHNOLOGY LTD,NYSE,False,False
MDB,MONGODB INC,NMS,True,True
CTOS,CUSTOM TRUCK ONE SOURCE INC,NYSE,False,False
NAAS,NAAS TECHNOLOGY INC,NAS,False,False
SE,SEA LTD,NYSE,True,True
MATH,METALPHA TECHN HOLDING LTD,NAS,False,False
BVVBY,BUREAU VERITAS SA,PINL,False,False
ERO,ERO COPPER CORP,NYSE,True,True
EYE,NATIONAL VISION HLDGS INC,NSQ,True,True
NEXA,NEXA RES S A,NYSE,False,False
MBIN,MERCHANTS BANCORP IND,NAS,False,False
AIFA,ALL IN FUTURETECH ALLIANCE INC,NAS,False,False
LOMA,LOMA NEGRA C I A S A MTN  144A,NYSE,False,False
PUMSY,PUMA SE,PINL,False,False
SPRO,SPERO THERAPEUTICS INC,NSQ,False,False
FNKO,FUNKO INC,NSQ,False,False
ACMR,ACM RESH INC,NMS,True,True
AHG,AKSO HEALTH GROUP,NAS,False,False
FEDU,FOUR SEASONS ED CAYMAN INC,NYSE,False,False
IFRX,INFLARX NV,NSQ,False,False
MCB,METROPOLITAN BK HLDG CORP,NYSE,False,False
FINV,FINVOLUTION GROUP,NYSE,False,False
BAND,BANDWIDTH INC,NSQ,False,False
XFOR,X4 PHARMACEUTICALS INC,NAS,False,False
SFIX,STITCH FIX INC,NSQ,False,False
YCBD,CBDMD INC,ASE,False,False
ENVB,ENVERIC BIOSCIENCES INC,NAS,False,False
LX,LEXINFINTECH HLDGS LTD,NSQ,False,False
VAI,VALOR ENERGY INC,NAS,False,False
AMBO,AMBOW ED HLDG LTD,ASE,False,False
AMBR,AMBER INTL HLDG LTD,NMS,False,False
KXIN,KAIXIN HLDGS,NAS,False,False
MRBK,MERIDIAN CORP,NSQ,False,False
CNNE,CANNAE HLDGS INC,NYSE,False,False
LOOP,LOOP INDS INC,NMS,False,False
THLLY,THALES,PINL,False,False
ADIL,ADIAL PHARMACEUTICALS INC,NAS,False,False
DNLI,DENALI THERAPEUTICS INC,NSQ,True,True
QTRX,QUANTERIX CORP,NMS,False,False
CNR,CORE NATURAL RESOURCES INC,NYSE,False,False
RETO,RETO ECO SOLUTIONS INC,NAS,False,False
GAME,GAMESQUARE HLDGS INC,NAS,False,False
NRXP,NRX PHARMACEUTICALS INC,NAS,False,False
NMRK,NEWMARK GROUP INC,NSQ,True,True
ITRG,INTEGRA RES CORP,ASE,False,False
TRMD,TORM PLC,NSQ,False,False
NVNO,ENVVENO MEDICAL CORPORATION,NAS,False,False
DGXX,DIGI PWR X INC,NAS,False,False
DOGZ,DOGNESS INTL CORP,NAS,False,False
DLPN,DOLPHIN ENTMT INC,NAS,False,False
HESM,HESS MIDSTREAM LP,NYSE,False,False
CUE,CUE BIOPHARMA INC,NAS,False,False
ENSC,ENSYSCE BIOSCIENCES INC,NAS,False,False
NTR,NUTRIEN LTD,NYSE,True,True
VMD,VIEMED HEALTHCARE INC,NAS,False,False
LBRT,LIBERTY ENERGY INC,NYSE,True,True
ENTX,ENTERA BIO LTD,NAS,False,False
ADT,ADT INC DEL,NYSE,False,False
COLD,AMERICOLD REALTY TRUST INC,NYSE,True,True
PAGS,PAGSEGURO DIGITAL LTD,NYSE,False,False
GTES,GATES INDL CORP LTD,NYSE,True,True
ACET,ADICET BIO INC,NAS,False,False
CAAP,CORPORACION AMER ARPTS S A,NYSE,False,False
YARW,YARROW BIOSCIENCE INC,NAS,False,False
CEPU,CENTRAL PUERTO S A,NYSE,False,False
HYPD,HYPERION DEFI INC,NAS,False,False
SLGL,SOL-GEL TECHNOLOGIES LTD,NAS,False,False
SLDB,SOLID BIOSCIENCES INC,NSQ,True,True
CDLX,CARDLYTICS INC,NMS,False,False
WHD,CACTUS INC,NYSE,True,True
ZEPP,ZEPP HEALTH CORPORATION,NYSE,False,False
OSS,ONE STOP SYS INC,NAS,False,False
AGPU,AXE COMPUTE INC,NAS,False,False
CLGN,COLLPLANT BIOTECHNOLOGIES LTD,NAS,False,False
BRSP,BRIGHTSPIRE CAPITAL INC,NYSE,False,False
VCTR,VICTORY CAP HLDGS INC DEL,NSQ,False,False
EOLS,EVOLUS INC,NMS,False,False
FAMI,FARMMI INC,NAS,False,False
BLNK,BLINK CHARGING CO,NAS,False,False
LVO,LIVEONE INC,NAS,False,False
BKNG,BOOKING HOLDINGS INC,NSQ,True,True
CRON,CRONOS GROUP INC,NMS,False,False
BTAI,BIOXCEL THERAPEUTICS INC,NAS,False,False
DXF,EASON TECHNOLOGY LIMITED,ASE,False,False
ZS,ZSCALER INC,NSQ,True,True
RCUS,ARCUS BIOSCIENCES INC,NYSE,True,True
QXL,QUANTUM X LABS INC,NAS,False,False
HYMC,HYCROFT MINING HOLDING CORP,NAS,False,False
IPM,INTELLIGENT PROTECTION MANAGEM,NAS,False,False
PRPL,PURPLE INNOVATION INC,NSQ,False,False
DBX,DROPBOX INC,NSQ,True,True
BWB,BRIDGEWATER BANCSHARES INC,NAS,False,False
PYPD,POLYPID LTD,NAS,False,False
GHG,GREENTREE HOSPITALITY GROUP,NYSE,False,False
STG,SUNLANDS TECHNOLOGY GROUP,NYSE,False,False
LNAI,LUNAI BIOWORKS INC,NAS,False,False
SPOT,SPOTIFY TECHNOLOGY S A,NYSE,True,True
CBRE,CBRE GROUP INC,NYSE,True,True
QTTB,Q32 BIO INC,NAS,False,False
COGT,COGENT BIOSCIENCES INC,NSQ,True,True
IQ,IQIYI INC,NSQ,False,False
IBEX,IBEX LTD,NMS,False,False
BILI,BILIBILI INC,NSQ,False,False
BIOX,BIOCERES CROP SOLUTIONS CORP,NSQ,False,False
SSLZY,SANTOS LTD,PINL,False,False
BTBT,BIT DIGITAL INC,NAS,False,False
AAMI,ACADIAN ASSET MANAGEMENT INC,NYSE,False,False
OXSQ,OXFORD SQUARE CAP CORP,NSQ,False,False
RDVT,RED VIOLET INC,NAS,False,False
RFL,RAFAEL HLDGS INC,NYSE,False,False
OPBK,OP BANCORP,NMS,False,False
BGDE,BIG DIGITAL ENERGY INC,NAS,False,False
EYPT,EYEPOINT INC,NMS,False,False
AYA,AYA GOLD & SILVER INC,NSQ,True,True
EAF,GRAFTECH INTL LTD SR NT,NYSE,False,False
CSPCY,CSPC PHARMACEUTICAL GROUP LTD,PINL,False,False
PAYS,PAYSIGN INC,NAS,False,False
NXPL,NEXTPLAT CORP,NAS,False,False
NEPH,NEPHROS INC,NAS,False,False
BVFL,BV FINL INC,NAS,False,False
MREO,MEREO BIOPHARMA GROUP PLC,NAS,False,False
ORIO,ORION DIGITAL CORP,NAS,False,False
AGMH,AGM GROUP HOLDINGS INC,NAS,False,False
TH,TARGET HOSPITALITY CORP,NAS,False,False
REKR,REKOR SYSTEMS INC,NAS,False,False
GNPX,GENPREX INC,NAS,False,False
AHCO,ADAPTHEALTH CORP,NAS,False,False
CLBK,COLUMBIA FINL INC,NSQ,True,True
FEED,ENVUE MEDICAL INC.,NAS,False,False
FDBC,FIDELITY D & D BANCORP INC,NMS,False,False
MVBF,MVB FINL CORP,NAS,False,False
COCP,COCRYSTAL PHARMA INC,NAS,False,False
CTXR,CITIUS PHARMACEUTICALS INC,NAS,False,False
IGIC,INTL GNRL INSURANCE HLDNGS LTD,NAS,False,False
VTSI,VIRTRA INC,NAS,False,False
MUFG,MITSUBISHI UFJ FINANCIAL GROUP,NYSE,True,True
BKYI,BIO-KEY INTL INC,NAS,False,False
BOC,BOSTON OMAHA CORP,NYSE,False,False
BPRN,PRINCETON BANCORP INC,NSQ,False,False
SPCE,VIRGIN GALACTIC HOLDINGS INC,NYSE,False,False
BFST,BUSINESS FIRST BANCSHARES INC,NSQ,False,False
VICI,VICI PPTYS INC,NYSE,True,True
ASTH,ASTRANA HEALTH INC,NAS,False,False
GSHD,GOOSEHEAD INS INC,NSQ,False,False
DOCU,DOCUSIGN INC,NSQ,True,True
ROAD,CONSTRUCTION PARTNERS INC,NSQ,False,False
LASR,NLIGHT INC,NSQ,False,False
INSP,INSPIRE MED SYS INC,NYSE,False,False
OBK,ORIGIN BANCORP INC,NYSE,False,False
EQH,EQUITABLE HLDGS INC,NYSE,True,True
ELOX,ELOXX PHARMACEUTICALS INC,NAS,False,False
BCML,BAYCOM CORP,NSQ,False,False
HUYA,HUYA INC,NYSE,False,False
JRSH,JERASH HLDGS US INC,NAS,False,False
BH A,BIGLARI HLDGS INC,NYSE,False,False
NVT,NVENT ELEC PLC,NYSE,True,True
TALO,TALOS ENERGY INC,NYSE,True,True
AMRX,AMNEAL PHARMACEUTICALS INC,NSQ,True,True
SRRK,SCHOLAR ROCK HLDG CORP,NSQ,True,True
KNSA,KINIKSA PHARMACEUTICALS INTL P,NSQ,False,False
CLPS,CLPS INCORPORATION,NMS,False,False
AGNT,AGNT INC,NMS,False,False
CMRE,COSTAMARE INC,NYSE,False,False
ECOR,ELECTROCORE INC,NAS,False,False
VRCA,VERRICA PHARMACEUTICALS INC,NAS,False,False
AUTL,AUTOLUS THERAPEUTICS LTD,NSQ,False,False
MGTX,MEIRAGTX HLDGS PLC,NSQ,False,False
BJ,BJS WHSL CLUB HLDGS INC,NYSE,True,True
XERS,XERIS BIOPHARMA HOLDINGS INC,NSQ,False,False
DNTH,DIANTHUS THERAPEUTICS INC,NAS,False,False
LOVE,LOVESAC CO,NMS,False,False
EPRT,ESSENTIAL PPTYS RLTY TR INC,NYSE,True,True
TECX,TECTONIC THERAPEUTIC INC,NMS,False,False
IIIV,I3 VERTICALS INC,NSQ,False,False
UXIN,UXIN LTD,NSQ,False,False
BV,BRIGHTVIEW HLDGS INC,NYSE,True,True
EDRY,EURODRY LTD,NAS,False,False
STIM,NEURONETICS INC,NMS,False,False
ONCY,ONCOLYTICS BIOTECH INC,NAS,False,False
EVRG,EVERGY INC,NSQ,True,True
SKY,CHAMPION HOMES INC,NYSE,True,True
WH,WYNDHAM HOTELS & RESORTS INC,NYSE,True,True
BE,BLOOM ENERGY CORP,NYSE,True,True
DOMO,DOMO INC,NMS,False,False
CCB,COASTAL FINL CORP WA,NSQ,False,False
TLRY,TILRAY BRANDS INC,NSQ,False,False
MYFW,FIRST WESTN FINL INC,NSQ,False,False
ESTA,ESTABLISHMENT LABS HLDGS INC,NAS,False,False
CANG,CANGO INC,NYSE,False,False
REPL,REPLIMUNE GROUP INC,NSQ,True,True
AQST,AQUESTIVE THERAPEUTICS INC,NMS,False,False
LQDA,LIQUIDIA CORPORATION,NAS,False,False
PDD,PDD HOLDINGS INC,NSQ,True,True
BNGO,BIONANO GENOMICS INC,NAS,False,False
TENB,TENABLE HLDGS INC,NSQ,True,True
OPRA,OPERA LTD,NSQ,False,False
DAVA,ENDAVA PLC,NYSE,False,False
JG,AURORA MOBILE LTD,NAS,False,False
ARLO,ARLO TECHNOLOGIES INC,NYSE,True,True
SONO,SONOS INC,NSQ,True,True
RJET,REPUBLIC AWYS HLDGS INC,NSQ,False,False
CWK,CUSHMAN AND WAKEFIELD LTD,NYSE,True,True
JF,J & FRIENDS HOLDINGS LTD,NMS,False,False
VTAK,CATHETER PRECISION INC,ASE,False,False
PCB,PCB BANCORP,NSQ,False,False
ALAR,ALARUM TECHNOLOGIES LTD,NAS,False,False
DVLT,DATAVAULT AI INC,NAS,False,False
TLSA,TIZIANA LIFE SCIENCES LTD,NAS,False,False
CNF,CNFINANCE HLDGS LTD,NYSE,False,False
ELAN,ELANCO ANIMAL HEALTH INC,NYSE,True,True
GTEC,GREENLAND TECHNOLOGIES HLDG,NAS,False,False
AMAL,AMALGAMATED FINANCIAL CORP,NMS,False,False
ETON,ETON PHARMACEUTICALS INC,NMS,False,False
NIO,NIO INC,NYSE,False,False
YI,111 INC,NMS,False,False
SXTC,CHINA SXT PHARMACEUTICALS INC,NAS,False,False
FVCB,FVCBANKCORP INC,NAS,False,False
BSVN,BANK7 CORP,NSQ,False,False
SGRX,SANGRIX INC,NAS,False,False
VIOT,VIOMI TECHNOLOGY CO LTD,NSQ,False,False
XYF,X FINL,NYSE,False,False
STRO,SUTRO BIOPHARMA INC,NMS,False,False
MDRR,MEDALIST DIVERSIFIED INC,NAS,False,False
ARVN,ARVINAS INC,NSQ,False,False
INMB,INMUNE BIO INC,NAS,False,False
CBNK,CAPITAL BANCORP INC MD,NSQ,False,False
ESTC,ELASTIC N V,NYSE,True,True
NIKI,NIKI BIOSOLUTIONS INC,NAS,False,False
GH,GUARDANT HEALTH INC,NSQ,True,True
UPWK,UPWORK INC,NSQ,False,False
MSC,STUDIO CITY INTL HLDGS LTD,NYSE,False,False
KOD,KODIAK SCIENCES INC,NMS,False,False
QNTM,QUANTUM BIOPHARMA LTD,NAS,False,False
ALLO,ALLOGENE THERAPEUTICS INC,NSQ,False,False
SSII,SS INNOVATIONS INTERNATIONAL I,NAS,False,False
STEX,STREAMEX CORP,NAS,False,False
EDVA,ENDOVIA HEALTH SCIENCES INC,ASE,False,False
LFMD,LIFEMD INC,NMS,False,False
EQX,EQUINOX GOLD CORP,ASE,True,True
RTB,RTB DIGITAL INC,NAS,False,False
IQST,IQSTEL INC,NAS,False,False
ATCX,ATLAS CRITICAL MINERALS CORP,NAS,False,False
KAOOY,KAO CORP,PINL,False,False
USBC,USBC INC.,ASE,False,False
KULR,KULR TECHNOLOGY GROUP INC,ASE,False,False
QNC,QUANTUM EMOTION CORP,ASE,False,False
QUBT,QUANTUM COMPUTING INC,NAS,False,False
AXIL,AXIL BRANDS INC,ASE,False,False
SGML,SIGMA LITHIUM CORPORATION,NAS,True,True
SMMNY,SIEMENS HEALTHINEERS AG,PINL,False,False
TII,TITAN MNG CORP,ASE,False,False
VWAGY,VOLKSWAGEN AG,PINL,False,False
WKEY,WISEKEY INTERNATIONAL HLDS LTD,NMS,False,False
WRAP,WRAP TECHNOLOGIES INC,NAS,False,False
XCUR,EXICURE INC,NAS,False,False
XIACY,XIAOMI CORP,PINL,False,False
XRTX,XORTX THERAPEUTICS INC,NAS,False,False
EQ,EQUILLIUM INC,NAS,False,False
SIBN,SI BONE INC,NMS,False,False
NIU,NIU TECHNOLOGIES,NMS,False,False
ATPC,AGAPE ATP CORP,NAS,False,False
TRLV,TRULIEVE CANNABIS CORP,NYSE,False,False
RVLV,REVOLVE GROUP INC,NYSE,False,False
STNE,STONECO LTD,NSQ,True,True
TME,TENCENT MUSIC ENTMT GROUP,NYSE,False,False
TWST,TWIST BIOSCIENCE CORP,NSQ,True,True
AMTB,AMERANT BANCORP INC,NYSE,False,False
RKTO,ROCKET ONE INC,NAS,False,False
GTX,GARRETT MOTION INC,NSQ,True,True
YETI,YETI HLDGS INC,NYSE,True,True
AI,C3 AI INC,NYSE,True,True
DEC,DIVERSIFIED ENERGY CO,NYSE,False,False
MPNGY,MEITUAN,PINL,False,False
NRDBY,NORDEA BK ABP MED TERM NTS,OTCQ,False,False
ONDS,ONDAS INC,NAS,False,False
SCBFY,STANDARD CHARTERED PLC,PINL,False,False
PEW,GRABAGUN DIGITAL HLDGS INC,NYSE,False,False
MTC,MMTEC INC,NAS,False,False
TC,TOKEN CAT LTD,NAS,False,False
KLXE,KLX ENERGY SERVICES HOLDINGS,NSQ,False,False
QFIN,QFIN HOLDINGS INC,NSQ,False,False
ITP,IT TECH PACKAGING INC,ASE,False,False
REZI,RESIDEO TECHNOLOGIES INC,NYSE,True,True
HELP,CYBIN INC,NMS,False,False
SALRY,SALMAR ASA,PINL,False,False
LIN,LINDE PLC,NSQ,True,True
OCCI,OFS CREDIT COMPANY INC,NAS,False,False
ACA,ARCOSA INC,NYSE,False,False
BWMX,BETTERWARE DE MEXC S A P I DE,NYSE,False,False
VRT,VERTIV HOLDINGS CO,NYSE,True,True
FTDR,FRONTDOOR INC,NSQ,True,True
CHR,CHEER HLDG INC,NAS,False,False
LEGH,LEGACY HOUSING CORP,NSQ,False,False
RPAY,REPAY HLDGS CORP,NAS,False,False
SEGG,SPORTS ENTMT GAMING GLOBAL,NMS,False,False
GDYN,GRID DYNAMICS HLDGS INC,NAS,False,False
DOO,BRP INC,NSQ,False,False
MRNA,MODERNA INC,NSQ,True,True
BCSF,BAIN CAP SPECIALTY FIN INC,NYSE,False,False
DMAC,DIAMEDICA THERAPEUTICS INC,NAS,False,False
MOGU,MOGU INC,NYSE,False,False
NFE,NEW FORTRESS ENERGY INC,NSQ,False,False
YQ,17 ED & TECHNOLOGY GROUP INC,NSQ,False,False
BYND,BEYOND MEAT INC,NSQ,False,False
HKIT,HITEK GLOBAL INC,NAS,False,False
MAAS,MAASE INC.,NMS,False,False
UTZ,UTZ BRANDS INC,NYSE,True,True
SER,SERINA THERAPEUTICS INC,ASE,False,False
ARDT,ARDENT HEALTH INC,NYSE,False,False
OBDC,BLUE OWL CAPITAL CORPORATION,NYSE,True,True
AUC,ATIF HOLDINGS LIMITED,NAS,False,False
JFIN,JIAYIN GROUP INC,NMS,False,False
GOSS,GOSSAMER BIO INC,NSQ,False,False
SMXT,SOLARMAX TECHNOLOGY INC,NAS,False,False
DELL,DELL TECHNOLOGIES INC,NYSE,True,True
FUTU,FUTU HLDGS LTD,NMS,False,False
SLE,SUPER LEAGUE ENTERPRISE INC,NAS,False,False
ALEC,ALECTOR INC,NSQ,False,False
CMMB,CHEMOMAB THERAPEUTICS LTD,NAS,False,False
NXGL,NEXGEL INC,NAS,False,False
BWAY,BRAINSWAY LTD,NMS,False,False
RBKB,RHINEBECK BANCORP INC,NAS,False,False
CTRM,CASTOR MARITIME INC,NAS,False,False
LEVI,LEVI STRAUSS & CO NEW,NYSE,True,True
ASLE,AERSALE CORPORATION,NAS,False,False
LYFT,LYFT INC,NSQ,True,True
DTIL,PRECISION BIOSCIENCES INC,NAS,False,False
TW,TRADEWEB MKTS INC,NSQ,True,True
PAVS,PARANOVUS ENTERTNMNT TECH LTD,NAS,False,False
SJ,SCIENJOY HOLDING CORP,NAS,False,False
JMIA,JUMIA TECHNOLOGIES AG,NYSE,False,False
PBFS,PIONEER BANCORP INC MD,NAS,False,False
PHGE,BIOMX INC,ASE,False,False
FOX,FOX CORP,NSQ,True,True
FOXA,FOX CORP,NSQ,True,True
PD,PAGERDUTY INC,NYSE,True,True
PLMR,PALOMAR HLDGS INC,NSQ,False,False
AVTR,AVANTOR INC,NYSE,True,True
CYCN,CYCLERION THERAPEUTICS INC,NAS,False,False
DOW,DOW HLDGS INC,NYSE,True,True
OSW,ONESPAWORLD HOLDINGS LIMITED,NAS,True,True
GNLN,GREENLANE HLDGS INC,NAS,False,False
YJ,YUNJI INC,NAS,False,False
ZM,ZOOM COMMUNICATIONS INC,NSQ,True,True
PINS,PINTEREST INC,NYSE,True,True
MVST,MICROVAST HOLDINGS INC,NAS,False,False
PSTL,POSTAL REALTY TRUST INC,NYSE,False,False
TMDX,TRANSMEDICS GROUP INC,NMS,False,False
TRVI,TREVI THERAPEUTICS INC,NMS,True,True
SY,SO YOUNG INTERNATIONAL INC,NAS,False,False
ALC,ALCON AG,NYSE,False,False
RRBI,RED RIVER BANCSHARES INC,NSQ,False,False
UBER,UBER TECHNOLOGIES INC,NYSE,True,True
PSN,PARSONS CORP DEL,NYSE,True,True
NXTC,NEXTCURE INC,NSQ,False,False
MEC,MAYVILLE ENGR CO INC,NYSE,False,False
MIST,MILESTONE PHARMACEUTICALS INC,NSQ,False,False
QNCX,QUINCE THERAPEUTICS INC,NSQ,False,False
SPFI,SOUTH PLAINS FINANCIAL INC,NSQ,False,False
SONM,DNA X INC,NAS,False,False
FSLY,FASTLY INC,NSQ,True,True
FOA,FINANCE OF AMERICA COMPAN,NYSE,False,False
HYLN,HYLIION HOLDINGS CORP,ASE,False,False
DOYU,DOUYU INTL HLDGS LTD,NSQ,False,False
LKNCY,LUCKIN COFFEE INC,OTCID,False,False
CIRC,CIRCLE8 GROUP INC,NMS,False,False
ALTG,ALTA EQUIPMENT GROUP INC,NYSE,False,False
BCYC,BICYCLE THERAPEUTICS PLC,NSQ,False,False
IDYA,IDEAYA BIOSCIENCES INC,NSQ,True,True
CHWY,CHEWY INC,NYSE,True,True
WAFU,WAH FU EDUCATION GROUP LIMITED,NAS,False,False
GOTU,GAOTU TECHEDU INC,NYSE,False,False
KTB,KONTOOR BRANDS INC,NYSE,False,False
ATER,ATERIAN INC,NAS,False,False
GO,GROCERY OUTLET HLDG CORP,NSQ,True,True
CRWD,CROWDSTRIKE HLDGS INC,NSQ,True,True
FVRR,FIVERR INTL LTD,NYSE,False,False
STOK,STOKE THERAPEUTICS INC,NSQ,False,False
PSNL,PERSONALIS INC,NMS,False,False
CTVA,CORTEVA INC,NYSE,True,True
BBIO,BRIDGEBIO PHARMA INC,NSQ,True,True
GMAB,GENMAB A/S,NSQ,False,False
ADPT,ADAPTIVE BIOTECHNOLOGIES CORP,NSQ,True,True
REAL,THE REALREAL INC,NSQ,True,True
PACK,RANPAK HOLDINGS CORP,NYSE,False,False
AMCR,AMCOR PLC,NYSE,True,True
ABTC,AMERICAN BITCOIN CORP.,NAS,False,False
AMTD,AMTD IDEA GROUP,NYSE,False,False
IMVT,IMMUNOVANT INC,NSQ,True,True
MIRM,MIRUM PHARMACEUTICALS INC,NMS,False,False
FULC,FULCRUM THERAPEUTICS INC,NMS,False,False
PHR,PHREESIA INC,NYSE,False,False
AFYA,AFYA LTD,NSQ,False,False
CSTL,CASTLE BIOSCIENCES INC,NMS,False,False
HCAT,HEALTH CATALYST INC,NSQ,False,False
CNSP,CNS PHARMACEUTICALS INC,NAS,False,False
RMBI,RICHMOND MUT BANCORPORATION,NAS,False,False
ANVS,ANNOVIS BIO INC,NYSE,False,False
KRUS,KURA SUSHI USA INC,NMS,False,False
IFS,INTERCORP FINL SVCS INC,NYSE,False,False
DT,DYNATRACE INC,NYSE,True,True
INBS,INTELLIGENT BIO SOLUTIONS INC,NAS,False,False
SNDL,SNDL INC,NAS,False,False
BORR,BORR DRILLING LTD,NYSE,False,False
INMD,INMODE LTD,NSQ,False,False
ONEW,ONEWATER MARINE INC,NMS,False,False
CELU,CELULARITY INC,NAS,False,False
ILLR,TRILLER GROUP INC,NAS,False,False
OPRT,OPORTUN FINL CORP,NSQ,False,False
IHRT,IHEARTMEDIA INC,NSQ,False,False
GFL,GFL ENVIRONMENTAL INC,NYSE,True,True
NVST,ENVISTA HOLDINGS CORPORATION,NYSE,True,True
VIST,VISTA ENERGY S.A.B. DE C.V.,NYSE,False,False
MITQ,MOVING IMAGE TECHNOLOGIES INC,ASE,False,False
JFU,9F INC,NMS,False,False
INDO,INDONESIA ENERGY CORP LTD,ASE,False,False
NET,CLOUDFLARE INC,NYSE,True,True
MNPR,MONOPAR THERAPEUTICS INC,NAS,False,False
TXG,10X GENOMICS INC,NSQ,True,True
DDOG,DATADOG INC,NSQ,True,True
XGN,EXAGEN INC,NMS,False,False
PTON,PELOTON INTERACTIVE INC,NSQ,False,False
SPRU,SPRUCE POWER HOLDING CORP,NYSE,False,False
VIR,VIR BIOTECHNOLOGY INC,NSQ,True,True
HUIZ,HUIZE HLDG LTD,NMS,False,False
KRRO,KORRO BIO INC,NAS,False,False
ADCT,ADC THERAPEUTICS SA,NYSE,False,False
APRE,APREA THERAPEUTICS INC,NAS,False,False
HIMS,HIMS & HERS HEALTH INC,NYSE,True,True
ADV,ADVANTAGE SOLUTIONS INC,NSQ,False,False
BSBK,BOGOTA FINL CORP,NAS,False,False
BNTX,BIONTECH SE,NSQ,False,False
HBT,HBT FINL INC.,NSQ,False,False
EPOW,E-POWER INC,NAS,False,False
CRNC,CERENCE INC,NSQ,False,False
CHPT,CHARGEPOINT HOLDINGS INC,NYSE,False,False
KRT,KARAT PACKAGING INC,NSQ,False,False
PNTG,PENNANT GROUP INC,NSQ,False,False
IPHA,INNATE PHARMA S A,NSQ,False,False
BWIN,THE BALDWIN INSURANCE GRP INC,NSQ,True,True
PGNY,PROGYNY INC,NSQ,True,True
BEAM,BEAM THERAPEUTICS INC,NSQ,True,True
KRKR,36KR HOLDINGS INC,NAS,False,False
DAO,YOUDAO INC,NYSE,False,False
CABA,CABALETTA BIO INC,NSQ,False,False
PHAT,PHATHOM PHARMACEUTICALS INC,NSQ,False,False
FDMT,4D MOLECULAR THERAPEUTICS INC,NSQ,False,False
INDI,INDIE SEMICONDUCTOR INC,NAS,False,False
XHG,XCHANGE TEC.INC,NAS,False,False
DUO,FANGDD NETWORK GROUP LTD,NAS,False,False
TELA,TELA BIO INC,NMS,False,False
VEL,VELOCITY FINL INC,NYSE,False,False
SITM,SITIME CORP,NMS,False,False
PINE,ALPINE INCOME PPTY TR INC,NYSE,False,False
SPT,SPROUT SOCIAL INC,NAS,False,False
SOGP,SOUND GROUP INC,NAS,False,False
CAN,CANAAN INC,NAS,False,False
NBP,NOVABRIDGE BIOSCIENCES,NMS,False,False
EH,EHANG HLDGS LTD,NMS,False,False
SRTA,STRATA CRITICAL MEDICAL INC,NAS,False,False
ASTS,AST SPACEMOBILE INC,NSQ,False,False
BGM,BGM GROUP LTD,NAS,False,False
AVPT,AVEPOINT INC,NSQ,True,True
UK,UCOMMUNE INTERNATIONAL LTD,NAS,False,False
OCG,ORIENTAL CULTURE HOLDING LTD,NAS,False,False
XP,XP INC,NSQ,True,True
BILL,BILL HOLDINGS INC,NYSE,True,True
REYN,REYNOLDS CONSUMER PRODS INC,NSQ,True,True
ZCMD,ZHONGCHAO INC,NAS,False,False
SDOT,SADOT GROUP INC,NAS,False,False
ADXN,ADDEX THERAPEUTICS LTD,NAS,False,False
SCNX,SCIENTURE HLDGS INC,NAS,False,False
BKSY,BLACKSKY TECHNOLOGY INC,NYSE,False,False
JBI,JANUS INTERNATIONAL GROUP INC,NYSE,False,False
KPLT,KATAPULT HOLDINGS INC,NMS,False,False
AEI,ALSET INC,NAS,False,False
NREF,NEXPOINT REAL ESTATE FIN INC,NYSE,False,False
MNTS,MOMENTUS INC,NAS,False,False
MDIA,MEDIACO HLDG INC,NAS,False,False
BDTX,BLACK DIAMOND THERAPEUTICS INC,NSQ,False,False
CURI,CURIOSITYSTREAM INC,NAS,False,False
ARQT,ARCUTIS BIOTHERAPEUTICS INC,NSQ,True,True
TE,T1 ENERGY INC,NYSE,False,False
JSPR,JASPER THERAPEUTICS INC,NAS,False,False
SDGR,SCHRODINGER INC,NSQ,False,False
AUUD,AUDDIA INC,NAS,False,False
DKNG,DRAFTKINGS INC NEW,NSQ,True,True
PRCH,PORCH GROUP INC,NAS,True,True
RVMD,REVOLUTION MEDICINES INC,NSQ,True,True
FTHM,FATHOM HOLDINGS INC,NAS,False,False
CCAP,CRESCENT CAP BDC INC,NMS,False,False
PASG,PASSAGE BIO INC,NAS,False,False
GP,GREENPOWER MTR CO INC,NAS,False,False
WMG,WARNER MUSIC GROUP CORP,NSQ,True,True
BATL,BATTALION OIL CORP,ASE,False,False
ELVN,ENLIVEN THERAPEUTICS INC,NSQ,False,False
SLQT,SELECTQUOTE INC,NYSE,False,False
AEVA,AEVA TECHNOLOGIES INC,NSQ,False,False
GTM,ZOOMINFO TECHNOLOGIES INC,NSQ,False,False
LUNG,PULMONX CORP,NSQ,False,False
NCEL,NEWCELX LTD,NAS,False,False
PCOR,PROCORE TECHNOLOGIES INC,NYSE,True,True
ORIC,ORIC PHARMACEUTICALS INC,NSQ,True,True
ZNTL,ZENTALIS PHARMACEUTICALS INC,NMS,False,False
ACI,ALBERTSONS COMPANIES INC,NYSE,True,True
UWMC,UWM HOLDINGS CORPORATION,NYSE,False,False
KROS,KEROS THERAPEUTICS INC,NMS,False,False
AIIO,ROBO.AI INC.,NAS,False,False
OTIS,OTIS WORLDWIDE CORP,NYSE,True,True
CARR,CARRIER GLOBAL CORPORATION,NYSE,True,True
FXHO,UTIME LTD,NAS,False,False
BIPC,BROOKFIELD INFRASTRUCTURE CORP,NYSE,False,False
BTCT,BTC DIGITAL LTD,NAS,False,False
CTEV,CLARITEV CORPORATION,NYSE,False,False
SPHR,SPHERE ENTERTAINMENT CO,NYSE,False,False
RSI,RUSH STREET INTERACTIVE INC,NYSE,True,True
LTRN,LANTERN PHARMA INC,NAS,False,False
KC,KINGSOFT CLOUD HLDGS LTD,NSQ,False,False
EDTK,SKILLFUL CRAFTSMAN ED TECH LTD,NAS,False,False
EBON,EBANG INTL HLDGS INC,NSQ,False,False
FIRY,FIRY INC,NYSE,False,False
STLN,STARLING ONCOLOGY INC,NAS,False,False
UCL,UCLOUDLINK GROUP INC,NMS,False,False
PLRX,PLIANT THERAPEUTICS INC,NSQ,False,False
LEGN,LEGEND BIOTECH CORP,NSQ,False,False
FOUR,SHIFT4 PMTS INC,NYSE,False,False
BNR,BURNING ROCK BIOTECH LTD,NMS,False,False
RPRX,ROYALTY PHARMA PLC,NSQ,True,True
PCVX,VAXCYTE INC,NSQ,True,True
ADYEY,ADYEN N V,PINL,False,False
GLSI,GREENWICH LIFESCIENCES INC,NAS,False,False
DDI,DOUBLEDOWN INTERACTIVE CO LTD,NSQ,False,False
EOSE,EOS ENERGY ENTERPRISES INC,NAS,False,False
QH,QUHUO LTD,NAS,False,False
API,AGORA INC,NSQ,False,False
LMND,LEMONADE INC,NYSE,False,False
PCT,PURECYCLE TECHNOLOGIES INC,NAS,False,False
LGHL,LION GROUP HOLDING LTD,NAS,False,False
EBC,EASTERN BANKSHARES INC,NSQ,True,True
INVZ,INNOVIZ TECHNOLOGIES LTD,NAS,False,False
NKTX,NKARTA INC,NSQ,False,False
IVA,INVENTIVA SA,NMS,False,False
INM,INMED PHARMACEUTICALS INC,NAS,False,False
MP,MP MATERIALS CORP,NYSE,False,False
NCNO,NCINO INC,NSQ,True,True
RLAY,RELAY THERAPEUTICS INC,NMS,True,True
TMC,TMC THE METALS COMPANY INC,NSQ,False,False
ALXO,ALX ONCOLOGY HLDGS INC,NSQ,False,False
SQFT,PRESIDIO PPTY TR INC,NAS,False,False
PRFX,PRF TECHNOLOGIES LTD,NAS,False,False
IMTX,IMMATICS N.V,NAS,False,False
VERX,VERTEX INC,NMS,False,False
NRIX,NURIX THERAPEUTICS INC,NMS,True,True
CNEY,CN ENERGY GROUP INC,NAS,False,False
ANNX,ANNEXON INC,NSQ,False,False
KLRS,KALARIS THERAPEUTICS INC,NMS,False,False
RKT,ROCKET COS INC,NYSE,True,True
VITL,VITAL FARMS INC,NMS,False,False
BAOS,BAOSHENG MEDIA GROUP HLDNG LTD,NAS,False,False
LI,LI AUTO INC,NSQ,False,False
BFLY,BUTTERFLY NETWORK INC,NYSE,False,False
CMRC,COMMERCE.COM INC,NMS,False,False
CLOV,CLOVER HEALTH INVESTMENTS CORP,NSQ,False,False
OPEN,OPENDOOR TECHNOLOGIES INC,NSQ,False,False
SKIL,SKILLSOFT CORP,NYSE,False,False
ALIT,ALIGHT INC,NYSE,False,False
OBIO,ORCHESTRA BIOMED HLDGS INC,NMS,False,False
NAUT,NAUTILUS BIOTECHNOLOGY INC,NAS,False,False
ONT,ONTERRIS INC,NYSE,False,False
IKT,INHIBIKASE THERAPEUTICS INC,NAS,False,False
BEPC,BROOKFIELD RENEWABLE CORP,NYSE,False,False
BEKE,KE HLDGS INC,NYSE,False,False
IRON,DISC MEDICINE INC,NMS,False,False
RXT,RACKSPACE TECHNOLOGY INC,NSQ,False,False
HRMY,HARMONY BIOSCIENCES HLDGS INC,NMS,True,True
TNGX,TANGO THERAPEUTICS INC,NMS,True,True
KYMR,KYMERA THERAPEUTICS INC,NMS,True,True
NNOX,NANO X IMAGING LTD,NMS,False,False
NTST,NETSTREIT CORP,NYSE,False,False
BNL,BROADSTONE NET LEASE INC,NYSE,True,True
SST,SYSTEM1 INC,NYSE,False,False
XPEV,XPENG INC,NYSE,False,False
AOUT,AMERICAN OUTDOOR BRANDS INC,NSQ,False,False
CMPX,COMPASS THERAPEUTICS INC,NAS,False,False
QS,QUANTUMSCAPE CORP,NSQ,False,False
AMST,AMESITE INC,NAS,False,False
UPC,UNIVERSE PHARMACEUTICALS INC,NAS,False,False
NYC,AMERICAN STRATEGIC INVEST CO,NYSE,False,False
MIR,MIRION TECHNOLOGIES INC,NYSE,True,True
ANGH,ANGHAMI INC,NAS,False,False
OM,OUTSET MED INC,NSQ,False,False
BSY,BENTLEY SYS INC,NSQ,True,True
CRSR,CORSAIR GAMING INC,NSQ,False,False
HPK,HIGHPEAK ENERGY INC,NMS,False,False
U,UNITY SOFTWARE INC,NYSE,True,True
FROG,JFROG LTD,NSQ,True,True
ASAN,ASANA INC,NYSE,True,True
AMWL,AMERICAN WELL CORP,NYSE,False,False
STEP,STEPSTONE GROUP INC,NSQ,True,True
DYN,DYNE THERAPEUTICS INC,NSQ,True,True
PLTR,PALANTIR TECHNOLOGIES INC,NSQ,True,True
LONA,LEONABIO INC,NAS,False,False
PLBY,PLAYBOY INC,NMS,False,False
JZXN,JIUZI HOLDINGS INC,NAS,False,False
DWTX,DOGWOOD THERAPEUTICS INC,NAS,False,False
FFAI,FARADAY FUTURE INTLGT ELEC INC,NAS,False,False
GDRX,GOODRX HLDGS INC,NSQ,False,False
CMPS,COMPASS PATHWAYS PLC,NSQ,False,False
LSF,LAIRD SUPERFOOD INC,ASE,False,False
TSHA,TAYSHA GENE THERAPIES INC,NSQ,False,False
AVO,MISSION PRODUCE INC,NSQ,False,False
CALC,CALCIMEDICA INC,NAS,False,False
PMVP,PMV PHARMACEUTICALS INC,NSQ,False,False
PRLD,PRELUDE THERAPEUTICS INC,NSQ,False,False
SLN,SILENCE THERAPEUTICS PLC,NMS,False,False
YALA,YALLA GROUP LTD,NYSE,False,False
IH,IHUMAN INC,NYSE,False,False
ASO,ACADEMY SPORTS & OUTDOORS INC,NSQ,False,False
ILAG,INTELLIGENT LIVING APPLICATION,NAS,False,False
IMNM,IMMUNOME INC,NAS,True,True
LXEH,LIXIANG ED HLDG CO LTD,NMS,False,False
LSPD,LIGHTSPEED COMMERCE INC,NYSE,False,False
CCCC,C4 THERAPEUTICS INC,NSQ,False,False
SNOW,SNOWFLAKE INC,NYSE,True,True
ABX,ABACUS GLOBAL MGMT INC,NYSE,False,False
MKTW,MARKETWISE INC,NMS,False,False
ELUT,ELUTIA INC,NAS,False,False
TRIN,TRINITY CAP INC,NYSE,False,False
WNW,MEIWU TECHNOLOGY COMPANY LTD,NAS,False,False
LCID,LUCID GROUP INC,NSQ,False,False
HUDI,HUADI INTERNATIONAL GRP CO LTD,NAS,False,False
STTK,SHATTUCK LABS INC,NSQ,False,False
SPRB,SPRUCE BIOSCIENCES INC,NAS,False,False
LNSR,LENSAR INC,NAS,False,False
GETY,GETTY IMAGES HOLDINGS INC,NYSE,False,False
EVLV,EVOLV TECHNOLOGIES HLDNGS INC,NAS,False,False
ARRY,ARRAY TECHNOLOGIES INC,NMS,False,False
VLN,VALENS SEMICONDUCTOR LTD,NYSE,False,False
MNSO,MINISO GROUP HLDG LTD,NYSE,False,False
VNT,VONTIER CORPORATION,NYSE,True,True
TMVWY,TEAMVIEWER SE,PINL,False,False
PROSY,PROSUS N V,PINL,False,False
NIXX,NIXXY INC,NAS,False,False
KSPI,KASPI KZ JSC,NSQ,False,False
IMCC,IM CANNABIS CORP,NAS,False,False
NGEN,NERVGEN PHARMA CORP,NAS,False,False
AZ,A2Z CUST2MATE SOLUTIONS CORP,NAS,False,False
CRDL,CARDIOL THERAPEUTICS INC,NAS,False,False
NFGC,NEW FOUND GOLD CORP,ASE,False,False
CISO,CISO GLOBAL INC,NAS,False,False
NXTT,NEXT TECHNOLOGY HOLDING INC,NAS,False,False
ENLT,ENLIGHT RENEWABLE ENERGY LTD,NSQ,False,False
SLSR,SOLARIS RES INC,ASE,False,False
DFKUY,DAIFUKU CO LTD,PINL,False,False
ERNXY,BOURSE DE PARIS INDICES F,PINL,False,False
OTGLY,CD PROJEKT RED SA,PINL,False,False
AAVMY,ABN AMRO BANK N.V.,PINL,False,False
ICCM,ICECURE MED LTD,NAS,False,False
DPRO,DRAGANFLY INC.,NAS,False,False
ECO,OKEANIS ECO TANKERS COR,NYSE,False,False
BDWBY,BUDWEISER BREWING CO APAC LTD,PINL,False,False
DCBO,DOCEBO INC,NSQ,False,False
NEOV,NEOVOLTA INC,NAS,False,False
HAFN,HAFNIA LTD,NYSE,False,False
INCR,INTERCURE LTD,NMS,False,False
KEEL,KEEL INFRASTRUCTURE CORP,NMS,False,False
BGLC,BIONEXUS GENE LAB CORP,NAS,False,False
SOBKY,SOFTBANK CORP,PINL,False,False
HITI,HIGH TIDE INC,NAS,False,False
GFAI,GUARDFORCE AI CO LTD,NAS,False,False
GIPR,GENERATION INCOME PPTYS INC,NAS,False,False
LSRCY,LASERTEC CORP,PINL,False,False
MXCT,MAXCYTE INC,NSQ,False,False
VOXR,VOX ROYALTY CORP,NAS,False,False
DETX,LIBERTY DEFENSE HLDGS LTD,NAS,False,False
UPMMY,UPM KYMMENE CORP,PINL,False,False
KNRRY,KNORR BREMSE AG,PINL,False,False
GLAS,GLASS HOUSE BRANDS INC,NYSE,False,False
DFTX,DEFINIUM THERAPEUTICS INC,NSQ,True,True
BGSI,BOYD GROUP SERVICES INC,NYSE,False,False
UROY,URANIUM RTY CORP,NAS,False,False
VZLA,VIZSLA SILVER CORP,ASE,False,False
ALIZY,ALLIANZ SE,PINL,False,False
ELE,ELEMENTAL RTY CORP,NAS,False,False
MTHRY,M3 INC,PINL,False,False
GMVHY,ENTAIN PLC,PINL,False,False
REAX,REAL REMAX GROUP INC,NAS,False,False
BTBD,BT BRANDS INC,NAS,False,False
XISHY,XINYI SOLAR HOLDINGS LIMITED,PINL,False,False
BHST,BIOHARVEST SCIENCES INC,NMS,False,False
PRAX,PRAXIS PRECISION MEDICINES INC,NSQ,False,False
TARS,TARSUS PHARMACEUTICALS INC,NSQ,False,False
ALGS,ALIGOS THERAPEUTICS INC,NAS,False,False
NUVB,NUVATION BIO INC,NYSE,False,False
AMBP,ARDAGH METAL PACKAGING S A,NYSE,False,False
AUNA,AUNA S A,NYSE,False,False
MLTX,MOONLAKE IMMUNOTHERAPEUTICS,NAS,False,False
GDEV,GDEV INC,NMS,False,False
BDSX,BIODESIX INC,NMS,False,False
FHTX,FOGHORN THERAPEUTICS INC,NMS,False,False
GENI,GENIUS SPORTS LIMITED,NYSE,False,False
CCC,CCC INTELLIGENT SOLUTIONS HLD,NSQ,False,False
MAX,MEDIAALPHA INC,NYSE,False,False
ROOT,ROOT INC,NSQ,False,False
TLS,TELOS CORP MD,NMS,False,False
ALGM,ALLEGRO MICROSYSTEMS INC,NSQ,True,True
LU,LUFAX HOLDING LTD,NYSE,False,False
DMRA,DAMORA THERAPEUTICS INC,NAS,False,False
LESL,LESLIES INC,NSQ,False,False
STEM,STEM INC,NYSE,False,False
OUST,OUSTER INC,NSQ,False,False
PSFE,PAYSAFE LIMITED,NYSE,False,False
AVIR,ATEA PHARMACEUTICALS INC,NSQ,False,False
VVOS,VIVOS THERAPEUTICS INC,NAS,False,False
FURY,FURY GOLD MINES LIMITED,ASE,False,False
BNKK,BONK INC,NAS,False,False
TIMB,TIM S A,NYSE,False,False
SEAT,VIVID SEATS INC,NSQ,False,False
PAYO,PAYONEER GLOBAL INC,NMS,False,False
INAB,IN8BIO INC,NAS,False,False
GRI,GRI BIO INC,NAS,False,False
SHC,SOTERA HEALTH CO,NSQ,True,True
WGS,GENEDX HOLDINGS CORP,NSQ,False,False
QSI,QUANTUM SI INC,NMS,False,False
TBLA,TABOOLA.COM LTD,NSQ,False,False
CRC,CALIFORNIA RES CORP,NYSE,True,True
EZGO,EZGO TECHNOLOGIES LTD,NAS,False,False
MRVI,MARAVAI LIFESCIENCES HLDGS INC,NSQ,False,False
ARBE,ARBE ROBOTICS LTD,NAS,False,False
YSG,YATSEN HLDG LTD,NYSE,False,False
OLMA,OLEMA PHARMACEUTICALS INC,NSQ,False,False
NN,NEXTNAV INC,NAS,False,False
CLBT,CELLEBRITE DI LTD,NSQ,True,True
EVTL,VERTICAL AEROSPACE LTD,NYSE,False,False
SPIR,SPIRE GLOBAL INC,NYSE,False,False
DFSC,DEFSEC TECHNOLOGIES INC,NAS,False,False
OWLT,OWLET INC,NYSE,False,False
UPST,UPSTART HLDGS INC,NSQ,False,False
GRNT,GRANITE RIDGE RESOURCES INC,NYSE,False,False
HUMA,HUMACYTE INC,NSQ,False,False
ALVO,ALVOTECH,NMS,False,False
JOBY,JOBY AVIATION INC,NYSE,False,False
GWH,ESS TECH INC,NYSE,False,False
SPRY,ARS PHARMACEUTICALS INC,NMS,False,False
SMERY,SIEMENS ENERGY AG,OTCQ,False,False
VTRS,VIATRIS INC,NSQ,True,True
HYFM,HYDROFARM HLDGS GROUP INC,NAS,False,False
PWP,PERELLA WEINBERG PARTNERS,NSQ,False,False
BKKT,BAKKT INC,NYSE,False,False
UP,WHEELS UP EXPERIENCE INC,NYSE,False,False
SEER,SEER INC,NSQ,False,False
DASH,DOORDASH INC,NSQ,True,True
RKLB,ROCKET LAB CORP,NSQ,True,True
REVB,REVELATION BIOSCIENCES INC,NAS,False,False
CNXC,CONCENTRIX CORP,NSQ,False,False
ABNB,AIRBNB INC,NSQ,True,True
PUBM,PUBMATIC INC,NMS,False,False
GCMG,GCM GROSVENOR INC,NMS,False,False
GPGI,GPGI INC,NYSE,True,True
RBLX,ROBLOX CORP,NYSE,True,True
OPFI,OPPFI INC,NYSE,False,False
EVGO,EVGO INC,NSQ,False,False
SKIN,SKINHEALTH SYSTEMS INC,NAS,False,False
AFRM,AFFIRM HLDGS INC,NSQ,True,True
CERT,CERTARA INC,NSQ,False,False
CHRD,CHORD ENERGY CORPORATION,NSQ,True,True
SGHC,SUPER GROUP SGHC LIMITED,NYSE,True,True
GBTG,GLOBAL BUSINESS TRAVEL GROUP,NYSE,False,False
LVWR,LIVEWIRE GROUP INC,NYSE,False,False
NBTX,NANOBIOTIX,NSQ,False,False
MRM,MEDIROM HEALTHCARE TECH INC,NAS,False,False
JWEL,JOWELL GLOBAL LTD,NAS,False,False
ABCL,ABCELLERA BIOLOGICS INC,NSQ,True,True
MASS,908 DEVICES INC,NMS,False,False
HLMN,HILLMAN SOLUTIONS CORP,NMS,False,False
NRDY,NERDY INC,NYSE,False,False
HLLY,HOLLEY INC,NYSE,False,False
PHAR,PHARMING GROUP NV,NMS,False,False
GRAB,GRAB HOLDINGS LIMITED,NSQ,False,False
ROIV,ROIVANT SCIENCES LTD,NSQ,True,True
WOOF,PETCO HEALTH & WELLNESS CO INC,NSQ,False,False
SOFI,SOFI TECHNOLOGIES INC,NSQ,True,True
CIFR,CIPHER DIGITAL INC,NSQ,True,True
XOS,XOS INC,NAS,False,False
MNY,MONEYHERO LIMITED,NMS,False,False
BON,BON NATURAL LIFE LIMITED,NAS,False,False
SKYH,SKY HARBOUR GROUP CORPORATION,NYSE,False,False
SMR,NUSCALE PWR CORP,NYSE,False,False
TAOX,TAO SYNERGIES INC,NAS,False,False
HTOO,FUSION FUEL GREEN PLC,NAS,False,False
COOT,AUSTRALIAN OILSEEDS HLDGS LTD,NAS,False,False
DCGO,DOCGO INC,NAS,False,False
MYPS,PLAYSTUDIOS INC,NAS,False,False
OPAD,OFFERPAD SOLUTIONS INC,NAS,False,False
IFBD,INFOBIRD CO LTD,NAS,False,False
MNTK,MONTAUK RENEWABLES INC,NAS,False,False
OWL,BLUE OWL CAPITAL INC,NYSE,False,False
EEIQ,EPICQUEST EDUCATN GRP INTL LTD,NAS,False,False
AVX,AVAX ONE TECHNOLOGY LTD,NAS,False,False
ZSQR,Z SQUARED INC,NMS,False,False
ACHR,ARCHER AVIATION INC,NYSE,False,False
BARK,BARK INC,NYSE,False,False
MSGM,MOTORSPORT GAMES INC,NAS,False,False
CGEM,CULLINAN THERAPEUTICS INC,NSQ,False,False
PLTK,PLAYTIKA HLDG CORP,NSQ,False,False
RYM,RYTHM INC,NAS,False,False
DRVN,DRIVEN BRANDS HLDGS INC,NSQ,False,False
DFH,DREAM FINDERS HOMES INC,NYSE,False,False
ARKO,ARKO CORP,NAS,False,False
YDES,YD BIO LTD,NMS,False,False
LUXE,LUXEXPERIENCE BV,NYSE,False,False
AFCG,ADVANCED FLOWER CAP INC,NMS,False,False
PAX,PATRIA INVESTMENTS LIMITED,NSQ,False,False
SHLS,SHOALS TECHNOLOGIES GROUP INC,NMS,False,False
CLNN,CLENE INC,NAS,False,False
ZIM,ZIM INTEGRATED SHIPPING SERV,NYSE,False,False
RLX,RLX TECHNOLOGY INC,NYSE,False,False
ISPC,ISPECIMEN INC,NAS,False,False
ENVX,ENOVIX CORPORATION,NSQ,False,False
LIDR,AEYE INC,NAS,False,False
IONQ,IONQ INC,NYSE,True,True
RSVR,RESERVOIR MEDIA INC,NMS,False,False
VINP,VINCI COMPASS INVESTMENTS LTD,NSQ,False,False
EVEX,Eve Holding Inc,NYSE,False,False
GBFH,GBANK FINL HLDGS INC,NAS,False,False
HIPO,HIPPO HLDGS INC,NYSE,False,False
SRZN,SURROZEN INC,NAS,False,False
ZGN,ERMENEGILDO ZEGNA N V,NYSE,True,True
HYPR,HYPERFINE INC,NMS,False,False
GROY,GOLD ROYALTY CORP,ASE,False,False
EVAX,EVAXION AS,NAS,False,False
GRND,GRINDR INC,NYSE,False,False
RDW,REDWIRE CORPORATION,NYSE,True,True
SANA,SANA BIOTECHNOLOGY INC,NSQ,False,False
DSP,VIANT TECHNOLOGY INC,NSQ,False,False
BODI,THE BEACHBODY COMPANY INC,NAS,False,False
BMBL,BUMBLE INC,NSQ,False,False
CDTG,CDT ENVIRONMENTAL TECHNOLOGY I,NAS,False,False
FTH,FAETH THERAPEUTICS INC,NAS,False,False
PHVS,PHARVARIS N V,NSQ,False,False
BOLT,BOLT BIOTHERAPEUTICS INC,NAS,False,False
IMCR,IMMUNOCORE HLDGS PLC,NSQ,False,False
ELTX,ELICIO THERAPEUTICS INC,NAS,False,False
VOR,VOR BIOPHARMA INC,NSQ,False,False
ADAG,ADAGENE INC,NMS,False,False
LGVN,LONGEVERON INC,NAS,False,False
BVS,BIOVENTUS INC,NSQ,False,False
CION,CION INVT CORP,NYSE,False,False
SMRT,SMARTRENT INC,NYSE,False,False
VELO,VELO3D INC,NAS,False,False
NVTS,NAVITAS SEMICONDUCTOR CORP,NMS,True,True
CGNT,COGNYTE SOFTWARE LTD,NSQ,False,False
CDRO,CODERE ONLINE LUXEMBOURG S A,NAS,False,False
IDAI,T STAMP INC,NAS,False,False
RNW,RENEW ENERGY GLOBAL PLC,NSQ,False,False
IPW,IPOWER INC,NAS,False,False
MOVE,CORVEX INC,NAS,False,False
LDI,LOANDEPOT INC,NYSE,False,False
CXAI,CXAPP INC,NAS,False,False
AFRI,FORAFRIC GLOBAL PLC,NAS,False,False
SYM,SYMBOTIC INC,NMS,False,False
OSCR,OSCAR HEALTH INC,NYSE,True,True
TLSI,TRISALUS LIFE SCIENCES INC,NMS,False,False
NAMS,NEWAMSTERDAM PHARMA COMPANY NV,NMS,False,False
INNV,INNOVAGE HLDG CORP,NSQ,False,False
DELKY,DELEK GROUP LTD,PINL,False,False
ADGM,ADAGIO MED HLDGS INC,NAS,False,False
EXE,EXPAND ENERGY CORPORATION,NSQ,True,True
ZSTK,ZEROSTACK CORP,NAS,False,False
PARA,BANZAI INTERNATIONAL INC,NAS,False,False
CPNG,COUPANG INC,NYSE,True,True
NXDR,NEXTDOOR HOLDINGS INC,NYSE,False,False
CRCT,CRICUT INC,NSQ,False,False
HAYW,HAYWARD HLDGS INC,NYSE,True,True
BCG,BINAH CAP GROUP INC,NMS,False,False
STKH,STEAKHOLDER FOODS LTD,NAS,False,False
GANX,GAIN THERAPEUTICS INC,NMS,False,False
THNPY,TECHNIP ENERGIES N V,PINL,False,False
COIN,COINBASE GLOBAL INC,NSQ,True,True
DOCN,DIGITALOCEAN HLDGS INC,NYSE,True,True
GGR,GOGORO INC,NAS,False,False
TUYA,TUYA INC,NYSE,False,False
BVC,BITVENTURES LTD,NAS,False,False
RNAZ,TRANSCODE THERAPEUTICS INC,NAS,False,False
TIL,INSTIL BIO INC,NAS,False,False
ACVA,ACV AUCTIONS INC,NYSE,False,False
KARO,KAROOOOO LTD,NAS,False,False
CNTB,CONNECT BIOPHARMA HLDGS LTD,NMS,False,False
SES,SES AI CORPORATION,NYSE,False,False
PMGM,PRIVETERRA ACQUISITION CORP II,NAS,False,False
PERF,PERFECT CORP,NYSE,False,False
KLTR,KALTURA INC,NSQ,False,False
COMP,COMPASS INC,NYSE,True,True
MLEC,MOOLEC SCIENCE SA,NAS,False,False
CPOP,POP CULTURE GROUP CO LTD,NAS,False,False
LPA,LOGISTIC PROPERTIES OF THE AME,ASE,False,False
APP,APPLOVIN CORP,NSQ,True,True
SCLX,SCILEX HOLDING CO,NAS,False,False
ALHC,ALIGNMENT HEALTHCARE INC,NSQ,False,False
TDUP,THREDUP INC,NSQ,False,False
ASTL,ALGOMA STL GROUP INC,NMS,False,False
SDST,STARDUST PWR INC,NAS,False,False
BZFD,BUZZFEED INC,NAS,False,False
HELFY,HELLOFRESH SE,PINL,False,False
ZH,ZHIHU INC,NYSE,False,False
QTEX,QTREX QUANTUM LTD,NAS,False,False
IMA,IMAGENEBIO INC,NAS,False,False
EWTX,EDGEWISE THERAPEUTICS INC,NSQ,True,True
COUR,COURSERA INC,NYSE,False,False
DSGN,DESIGN THERAPEUTICS INC,NSQ,False,False
OST,OSTIN TECHNOLOGY GROUP CO LTD,NAS,False,False
CSAN,COSAN S A,NYSE,False,False
PDYN,PALLADYNE AI CORP,NMS,False,False
DRTS,Alpha Tau Medical Ltd,NAS,False,False
THCH,TH INTERNATIONAL LIMITED,NAS,False,False
NYXH,NYXOAH S A,NMS,False,False
ULCC,FRONTIER GROUP HLDGS INC,NSQ,False,False
GLBE,GLOBAL E ONLINE LTD,NSQ,True,True
ADSE,ADS TEC ENERGY PLC,NAS,False,False
DRUG,BRIGHT MINDS BIOSCIENCES INC,NAS,False,False
TCBS,TEXAS COMMUNITY BANCSHARES INC,NAS,False,False
ATCH,ATLASCLEAR HOLDINGS INC,ASE,False,False
DELHY,DELIVERY HERO SE,PINL,False,False
ALKT,ALKAMI TECHNOLOGY INC,NSQ,False,False
CLST,CATALYST BANCORP INC,NAS,False,False
OKLO,OKLO INC,NYSE,True,True
LANV,LANVIN GROUP HOLDINGS LIMITED,NYSE,False,False
SWVL,SWVL HOLDINGS CORP,NAS,False,False
BAER,BRIDGER AEROSPACE GRP HLDGS IN,NMS,False,False
DV,DOUBLEVERIFY HLDGS INC,NYSE,True,True
ICU,SEASTAR MEDICAL HOLDING CORP,NAS,False,False
AGL,AGILON HEALTH INC,NYSE,False,False
OKUR,ONKURE THERAPEUTICS INC,NMS,False,False
SATL,SATELLOGIC INC,NAS,False,False
SNTG,SENTAGE HOLDINGS INC,NAS,False,False
RGC,REGENCELL BIOSCIENCE HLDGS LTD,NAS,False,False
RXRX,RECURSION PHARMACEUTICALS INC,NSQ,False,False
AENT,ALLIANCE ENTERTAINMENT HOLDING,NAS,False,False
NPCE,NEUROPACE INC,NMS,False,False
PATH,UIPATH INC,NYSE,True,True
MDAI,SPECTRAL AI INC,NAS,False,False
FNUC,FRONTIER NUCLEAR & MINERALS,NAS,False,False
BMEA,BIOMEA FUSION INC,NSQ,False,False
FTCI,FTC SOLAR INC,NAS,False,False
NRGV,ENERGY VAULT HOLDINGS INC,NYSE,False,False
ARQQ,ARQIT QUANTUM INC,NAS,False,False
ECX,ECARX HOLDINGS INC,NMS,False,False
TMCI,TREACE MED CONCEPTS INC,NSQ,False,False
CHSN,CHANSON INTL HLDG,NAS,False,False
SWIM,LATHAM GROUP INC,NSQ,False,False
BBAI,BIGBEAR AI HLDGS INC,NYSE,False,False
OPTH,OPTIMI HEALTH CORP,NAS,False,False
AVAH,AVEANNA HEALTHCARE HLDGS INC,NSQ,False,False
PIII,P3 HEALTH PARTNERS INC,NAS,False,False
BTLN,BRIGHTLINE INTERACTIVE INC,NAS,False,False
BWMN,BOWMAN CONSULTING GROUP LTD,NMS,False,False
SLXN,SILEXION THERAPEUTICS CORP,NAS,False,False
PRVA,PRIVIA HEALTH GROUP INC,NSQ,True,True
VEEE,TWIN VEE POWERCATS CO,NAS,False,False
HOWL,WEREWOLF THERAPEUTICS INC,NAS,False,False
FSBC,FIVE STAR BANCORP,NSQ,False,False
HNST,HONEST CO INC,NSQ,False,False
VALN,VALNEVA SE,NSQ,False,False
BRNS,BARINTHUS BIOTHERAPEUTICS PLC,NAS,False,False
RUM,RUM GROUP INC,NMS,False,False
AEON,AEON BIOPHARMA INC,ASE,False,False
TASK,TASKUS INC,NSQ,False,False
DBGI,DIGITAL BRANDS GROUP INC,NAS,False,False
MLGO,MICROALGO INC,NAS,False,False
KTTA,PASITHEA THERAPEUTICS CORP,NAS,False,False
UPXI,UPEXI INC,NAS,False,False
SMWB,SIMILARWEB LTD,NYSE,False,False
SDA,SUNCAR TECHNOLOGY GROUP INC,NAS,False,False
BEEP,MOBILE INFRASTRUCTURE CORP,NMS,False,False
WDH,WATERDROP INC,NYSE,False,False
SGMT,SAGIMET BIOSCIENCES INC,NMS,False,False
SOC,SABLE OFFSHORE CORP,NYSE,False,False
WBX,WALLBOX NV,NYSE,False,False
DNA,GINKGO BIOWORKS HOLDINGS INC,NYSE,False,False
LOCL,LOCAL BOUNTI CORP,NYSE,False,False
BRCC,BRC INC,NYSE,False,False
SPWR,SUNPOWER INC,NMS,False,False
PGY,PAGAYA TECHNOLOGIES LTD,NAS,False,False
ACT,ENACT HLDGS INC,NSQ,False,False
OTLY,OATLY GROUP AB,NSQ,False,False
ATAI,ATAIBECKLEY INC,NMS,False,False
PICS,PICS NV,NSQ,False,False
BNAI,BRAND ENGAGEMENT NETWORK INC,NAS,False,False
RGTI,RIGETTI COMPUTING INC,NAS,True,True
COCH,ENVOY MEDICAL INC,NAS,False,False
MOLN,MOLECULAR PARTNERS AG,NSQ,False,False
LUCK,LUCKY STRIKE ENTERTAINMENT COR,NYSE,False,False
OZ,BELPOINTE PREP LLC,ASE,False,False
ZIP,ZIPRECRUITER INC,NYSE,False,False
VERA,VERA THERAPEUTICS INC,NMS,False,False
TCRX,TSCAN THERAPEUTICS INC,NMS,False,False
BETR,BETTER HOME & FINANCE HOLDING,NMS,False,False
PL,PLANET LABS PBC,NYSE,True,True
DAVE,DAVE INC,NMS,False,False
IAUX,I-80 GOLD CORP,ASE,False,False
ZETA,ZETA GLOBAL HOLDINGS CORP,NYSE,False,False
RMCO,ROYALTY MGMT HLDG CORP,NAS,False,False
PAY,PAYMENTUS HOLDINGS INC,NYSE,True,True
FLYW,FLYWIRE CORPORATION,NSQ,True,True
VAL,VALARIS LTD,NYSE,True,True
LOT,LOTUS TECHNOLOGY INC,NSQ,False,False
XBP,XBP GLOBAL HOLDINGS INC,NAS,False,False
FIGS,FIGS INC,NYSE,True,True
DLO,DLOCAL LTD,NSQ,False,False
AUR,AURORA INNOVATION INC,NSQ,False,False
VEEA,VEEA INC,NAS,False,False
GSUN,GOLDEN SUN TECHNOLOGY GROUP,NAS,False,False
SNTI,SENTI BIOSCIENCES HOLDINGS INC,NAS,False,False
WALD,WALDENCAST PLC,NAS,False,False
AISP,AIRSHIP AI HLDGS INC,NMS,False,False
ALZN,ALZAMEND NEURO INC,NAS,False,False
TYCMY,TINGYI CAYMAN ISLANDS HLDGS CO,PINL,False,False
OCS,OCULIS HOLDING AG,NMS,False,False
GROV,GROVE COLLABORATIVE HOLD INC,NYSE,False,False
PSNY,POLESTAR AUTOMOTIVE HLDG UK PL,NMS,False,False
OGN,ORGANON & CO,NYSE,True,True
MQ,MARQETA INC,NSQ,True,True
FEMY,FEMASYS INC,NAS,False,False
MNDY,MONDAY COM LTD,NSQ,False,False
SLDP,SOLID POWER INC,NSQ,False,False
DIBS,1STDIBS COM INC,NMS,False,False
LFST,LIFESTANCE HEALTH GROUP INC,NSQ,True,True
LIMN,LIMINATUS PHARMA INC.,NAS,False,False
GPOR,GULFPORT ENERGY CORP,NYSE,False,False
OPAL,OPAL FUELS INC,NAS,False,False
MDA,MDA SPACE LTD,NYSE,True,True
JANX,JANUX THERAPEUTICS INC,NMS,False,False
AOMR,ANGEL OAK MORTGAGE REIT INC,NYSE,False,False
HKD,AMTD DIGITAL INC,NYSE,False,False
UNCY,UNICYCIVE THERAPEUTICS INC,NAS,False,False
CNM,CORE & MAIN INC,NYSE,True,True
BZ,KANZHUN LIMITED,NSQ,True,True
NEXN,NEXXEN INTL LTD,NMS,False,False
LYEL,LYELL IMMUNOPHARMA INC,NSQ,False,False
HCWB,HCW BIOLOGICS INC,NAS,False,False
WAVE,ECO WAVE POWER GLOBAL AB,NAS,False,False
ACXP,ACURX PHARMACEUTICALS INC,NAS,False,False
CNTX,CONTEXT THERAPEUTICS INC,NAS,False,False
YMM,FULL TRUCK ALLIANCE CO LTD,NYSE,False,False
DOCS,DOXIMITY INC,NYSE,True,True
FA,FIRST ADVANTAGE CORP NEW,NSQ,True,True
RERE,ATRENEW INC,NYSE,False,False
CXM,SPRINKLR INC,NYSE,False,False
HEPS,D MARKET ELECTR SVCS & TRADING,NSQ,False,False
EVCM,EVERCOMMERCE INC,NSQ,False,False
IPSC,CENTURY THERAPEUTICS INC,NAS,False,False
DNUT,KRISPY KREME INC,NSQ,False,False
HGTY,HAGERTY INC,NYSE,False,False
NXXT,NEXTNRG INC,NAS,False,False
PROK,PROKIDNEY CORP,NAS,False,False
S,SENTINELONE INC,NYSE,True,True
XMTR,XOMETRY INC,NSQ,False,False
NE,NOBLE CORP PLC,NYSE,True,True
GLUE,MONTE ROSA THERAPEUTICS INC,NSQ,True,True
LZ,LEGALZOOM COM INC,NSQ,False,False
GHRS,GH RESEARCH PLC,NMS,False,False
TKNO,ALPHA TEKNOVA INC,NMS,False,False
CVRX,CVRX INC,NSQ,False,False
LENZ,LENZ THERAPEUTICS INC,NSQ,False,False
INTA,INTAPP INC,NSQ,False,False
YOU,CLEAR SECURE INC,NYSE,True,True
CURV,TORRID HLDGS INC,NYSE,False,False
ATAT,ATOUR LIFESTYLE HLDGS LTD,NSQ,False,False
MINE,MAYFAIR GOLD CORP,ASE,False,False
DDL,DINGDONG CAYMAN LTD,NYSE,False,False
ABOS,ACUMEN PHARMACEUTICALS INC,NSQ,False,False
JBIO,JADE BIOSCIENCES INC,NAS,False,False
EPRX,EUPRAXIA PHARMACEUTICALS INC,NSQ,False,False
ACOG,ALPHA COGNITION INC,NAS,False,False
DIDIY,DIDI GLOBAL INC,PINL,False,False
DRMA,DERMATA THERAPEUTICS INC,NAS,False,False
SERA,SERA PROGNOSTICS INC,NMS,False,False
ADUR,ADURO CLEAN TECHNOLOGIES INC,NAS,False,False
DTM,DT MIDSTREAM INC,NYSE,True,True
SAIH,SAIHEAT LTD,NAS,False,False
STVN,STEVANATO GROUP S P A,NYSE,False,False
BLND,BLEND LABS INC,NYSE,False,False
RYAN,RYAN SPECIALTY HOLDINGS INC,NYSE,True,True
LIEN,CHICAGO ATLANTIC BDC INC,NMS,False,False
PECO,PHILLIPS EDISON & CO INC,NSQ,True,True
SGHT,SIGHT SCIENCES INC,NSQ,False,False
ONMD,ONEMEDNET CORP,NAS,False,False
ZVIA,ZEVIA PBC,NYSE,False,False
GRSD,GRANDSTAND LTD,NMS,False,False
VTEX,VTEX,NYSE,False,False
ERAS,ERASCA INC,NSQ,True,True
LAW,CS DISCO INC,NYSE,False,False
RPID,RAPID MICRO BIOSYSTEMS INC,NAS,False,False
CADL,CANDEL THERAPEUTICS INC,NMS,False,False
XPOF,XPONENTIAL FITNESS INC,NYSE,False,False
BNT,BROOKFIELD WEALTH SOL LTD,NYSE,False,False
DUOL,DUOLINGO INC,NSQ,False,False
TEAD,TEADS HLDG CO,NSQ,False,False
HTZ,HERTZ GLOBAL HLDGS INC,NSQ,False,False
ABSI,ABSCI CORPORATION,NSQ,False,False
HOOD,ROBINHOOD MKTS INC,NSQ,True,True
RSKD,RISKIFIED LTD,NYSE,False,False
CRBU,CARIBOU BIOSCIENCES INC,NSQ,False,False
DOLE,DOLE PLC,NYSE,False,False
RLYB,RALLYBIO CORP,NAS,False,False
CTKB,CYTEK BIOSCIENCES INC,NSQ,False,False
SOPH,SOPHIA GENETICS SA,NSQ,False,False
MYSE,MYSEUMAI INC,NAS,False,False
PSQH,PSQ HOLDINGS INC,NYSE,False,False
BFRI,BIOFRONTERA INC,NAS,False,False
COOK,TRAEGER INC,NYSE,False,False
SMTK,SMARTKEM INC,NAS,False,False
NABL,N-ABLE INC,NYSE,False,False
WSE,WISE GROUP PLC,NSQ,True,True
TNYA,TENAYA THERAPEUTICS INC,NAS,False,False
RANI,RANI THERAPEUTICS HLDGS INC,NMS,False,False
RXST,RXSIGHT INC,NMS,False,False
IMRX,IMMUNEERING CORP,NMS,False,False
CDRE,CADRE HLDGS INC,NYSE,False,False
CNL,COLLECTIVE MINING LTD,NSQ,False,False
FLYX,FLYEXCLUSIVE INC,ASE,False,False
USCB,USCB FINANCIAL HOLDINGS INC,NMS,False,False
CGTX,COGNITION THERAPEUTICS INC,NAS,False,False
FINW,FINWISE BANCORP,NMS,False,False
CLYM,CLIMB BIO INC,NMS,False,False
IVVD,INVIVYD INC,NMS,False,False
VSXY,VICTORIAS SECRET AND CO,NYSE,True,True
GXO,GXO LOGISTICS INCORPORATED,NYSE,True,True
RNXT,RENOVORX INC,NAS,False,False
JZ,JIANZHI ED TECHNOLOGY GROUP CO,NAS,False,False
BTDR,BITDEER TECHNOLOGIES GROUP,NAS,True,True
HOLO,MICROCLOUD HOLOGRAM INC,NAS,False,False
KITT,NAUTICUS ROBOTICS INC,NAS,False,False
NPWR,NET POWER INC,NYSE,False,False
MRT,MARTI TECHNOLOGIES INC,ASE,False,False
CMND,CLEARMIND MEDICINE INC,NAS,False,False
HSHCY,HAIER SMART HOME CO LTD,PINL,False,False
MOBX,MOBIX LABS INC,NAS,False,False
SRAD,SPORTRADAR GROUP AG,NSQ,False,False
SHFS,SHF HOLDINGS INC,NAS,False,False
IXHL,INCANNEX HEALTHCARE INC,NAS,False,False
PRCT,PROCEPT BIOROBOTICS CORP,NMS,False,False
CNCK,COINCHECK GROUP NV,NMS,False,False
ARBK,ARGO BLOCKCHAIN PLC,NAS,False,False
DH,DEFINITIVE HEALTHCARE CORP,NSQ,False,False
BROS,DUTCH BROS INC,NYSE,True,True
DFLI,DRAGONFLY ENERGY HOLDINGS CORP,NAS,False,False
AKA,A K A BRANDS HLDG CORP,NYSE,False,False
IZM,ICZOOM GROUP INC.,NAS,False,False
ONON,ON HLDG AG,NYSE,True,True
WRBY,WARBY PARKER INC,NYSE,True,True
TOST,TOAST INC,NYSE,True,True
SPRC,SCISPARC LTD,NAS,False,False
TYGO,TIGO ENERGY INC,NAS,False,False
AMPL,AMPLITUDE INC,NAS,True,True
BRLT,BRILLIANT EARTH GROUP INC,NMS,False,False
BIRD,SMARTBIRD INC,NSQ,False,False
JXN,JACKSON FINANCIAL INC,NYSE,True,True
ZURA,ZURA BIO LTD,NAS,False,False
CYN,CYNGN INC,NAS,False,False
ESLA,ESTRELLA IMMUNOPHARMA INC,NAS,False,False
VFS,VINFAST AUTO LTD,NSQ,False,False
BEAT,HEARTBEAM INC,NAS,False,False
FWRG,FIRST WATCH RESTAURANT GROUP I,NSQ,True,True
VBIO,VALION BIO INC,NAS,False,False
CING,CINGULATE INC,NAS,False,False
EMPD,EMPERY DIGITAL INC,NSQ,False,False
FGI,FGI INDUSTRIES LTD,NAS,False,False
TOP,TOP FINANCIAL GROUP LTD,NAS,False,False
TYRA,TYRA BIOSCIENCES INC,NSQ,False,False
SLVM,SYLVAMO CORP,NYSE,False,False
LTH,LIFE TIME GROUP HOLDINGS INC,NYSE,True,True
VIP,VULCAN INFRASTRUCTURE & PWR,NSQ,False,False
INKT,MINK THERAPEUTICS INC,NAS,False,False
HCTI,HEALTHCARE TRIANGLE INC,NAS,False,False
EXOD,EXODUS MOVEMENT INC,ASE,False,False
GTLB,GITLAB INC,NSQ,True,True
FRSH,FRESHWORKS INC,NSQ,True,True
IMMX,IMMIX BIOPHARMA INC,NAS,False,False
PYXS,PYXIS ONCOLOGY INC,NSQ,False,False
IHS,IHS HOLDING LIMITED,NYSE,False,False
NYAX,NAYAX LTD,NSQ,False,False
YSWY,YESWAY INC,NSQ,False,False
RELY,REMITLY GLOBAL INC,NSQ,True,True
LUCD,LUCID DIAGNOSTICS INC,NAS,False,False
LNZA,LANZATECH GLOBAL INC,NAS,False,False
TFPM,TRIPLE FLAG PRECIOUS METAL,NYSE,False,False
HTCO,HIGH-TREND INTERNATIONAL GROUP,NAS,False,False
WEST,WESTROCK COFFEE CO,NMS,False,False
BTMD,BIOTE CORP,NMS,False,False
COCO,VITA COCO CO INC,NSQ,False,False
CNTN,CANTON STRATEGIC HOLDINGS INC,NAS,False,False
PTLO,PORTILLOS INC,NSQ,False,False
FLNC,FLUENCE ENERGY INC,NSQ,True,True
CCSI,CONSENSUS CLOUD SOLUTIONS INC,NSQ,False,False
RMSG,REAL MESSENGER CORP.,NAS,False,False
DJT,TRUMP MEDIA & TECHNOLOGY GROUP,NMS,False,False
OABI,"OmniAb, Inc.",NMS,False,False
JTAI,JET AI INC,NAS,False,False
VGAS,VERDE CLEAN FUELS INC,NAS,False,False
RIVN,RIVIAN AUTOMOTIVE INC,NSQ,True,True
AIP,ARTERIS INC,NMS,False,False
XLO,XILIO THERAPEUTICS INC,NAS,False,False
GFS,GLOBALFOUNDRIES INC,NSQ,False,False
RENT,RENT THE RUNWAY INC,NMS,False,False
BJDX,BLUEJAY DIAGNOSTICS INC,NAS,False,False
ARHS,ARHAUS INC,NSQ,False,False
BRLS,BOREALIS FOODS INC,NAS,False,False
AIRS,AIRSCULPT TECHNOLOGIES INC,NMS,False,False
NVCT,NUVECTIS PHARMA INC,NAS,False,False
SWAG,STRAN & COMPANY INC,NAS,False,False
ONCO,ONCONETIX INC,NAS,False,False
AURA,AURA BIOSCIENCES INC,NMS,False,False
TRDA,ENTRADA THERAPEUTICS INC,NMS,False,False
NRDS,NERDWALLET INC,NMS,False,False
CMTG,CLAROS MTG TR INC,NYSE,False,False
LVLU,LULUS FASHION LOUNGE HOLDINGS,NAS,False,False
JUNS,JUPITER NEUROSCIENCES INC,NAS,False,False
QUCY,QUANTUM CYBER NV,NAS,False,False
RPC,RIDGEPOST CAP INC,NYSE,False,False
EXFY,EXPENSIFY INC,NSQ,False,False
KSCP,KNIGHTSCOPE INC,NAS,False,False
CINT,CI&T INC,NYSE,False,False
TCBX,THIRD COAST BANCSHARES INC,NYSE,False,False
FBRT,FRANKLIN BSP RLTY TR INC,NYSE,False,False
KLC,KINDERCARE LEARNING COMPANIES,NYSE,False,False
NRSN,NEUROSENSE THERAPEUTICS LTD,NAS,False,False
WEAV,WEAVE COMMUNICATIONS INC,NYSE,False,False
BLZE,BACKBLAZE INC,NMS,False,False
RWAY,RUNWAY GROWTH FINANCE CORP,NSQ,False,False
KD,KYNDRYL HLDGS INC,NYSE,True,True
AMOD,ALPHA MODUS HLDGS INC,NAS,False,False
BRZE,BRAZE INC,NSQ,True,True
BXSL,BLACKSTONE SECD LENDING FD,NYSE,False,False
IREN,IREN LIMITED,NSQ,False,False
REFI,CHICAGO ATLANTIC REAL ESTATE F,NMS,False,False
VWAV,VISIONWAVE HOLDINGS INC,NMS,False,False
HOUR,HOUR LOOP INC,NAS,False,False
INTS,INTENSITY THERAPEUTICS INC,NAS,False,False
ONL,ORION PROPERTIES INC,NYSE,False,False
SSM,SONO GROUP N V,NAS,False,False
DERM,JOURNEY MED CORP,NAS,False,False
SG,SWEETGREEN INC,NYSE,False,False
CLDI,CALIDI BIOTHERAPEUTICS INC,ASE,False,False
EDBL,EDIBLE GARDEN AG INC,NAS,False,False
NU,NU HLDGS LTD,NYSE,True,True
MTEK,MARIS TECH LTD,NAS,False,False
CBL,CBL & ASSOC PPTYS INC,NYSE,False,False
BTSG,BRIGHTSPRING HEALTH SVCS INC,NSQ,True,True
QTI,QT IMAGING HLDGS INC,NAS,False,False
CRGO,FREIGHTOS LTD,NAS,False,False
PRM,PERIMETER SOLUTIONS INC,NYSE,True,True
RZLV,REZOLVE AI PLC,NMS,False,False
GNTA,GENENTA SCIENCE S P A,NAS,False,False
AUST,AUSTIN GOLD CORP,ASE,False,False
LUNR,INTUITIVE MACHINES INC,NMS,False,False
MSAI,MULTISENSOR AI HOLDINGS INC,NAS,False,False
AMZE,AMAZE HOLDINGS INC,ASE,False,False
DRCT,DIRECT DIGITAL HOLDINGS INC,NAS,False,False
LASE,LASER PHOTONICS CORP,NAS,False,False
TSAT,TELESAT CORP,NSQ,False,False
NAMM,NAMIB MINERALS,NMS,False,False
ACDC,PROFRAC HLDG CORP,NSQ,False,False
IMPP,IMPERIAL PETE INC,NAS,False,False
SIDU,SIDUS SPACE INC,NAS,False,False
APLM,APOLLOMICS INC,NAS,False,False
INV,INNVENTURE INC,NMS,False,False
SVRN,SVRN INC,NAS,False,False
IOT,SAMSARA INC,NYSE,True,True
TRUG,TRUGOLF HLDGS INC,NAS,False,False
HPAI,HELPORT AI LTD,NAS,False,False
CRGY,CRESCENT ENERGY COMPANY,NYSE,True,True
SCAG,SCAGE FUTURE,NMS,False,False
FUFU,BITFUFU INC,NAS,False,False
AERT,AERIES TECHNOLOGY INC,NAS,False,False
PBM,PSYENCE BIOMEDICAL LTD,NAS,False,False
SHMD,SCHMID GROUP N.V.,NMS,False,False
LZM,LIFEZONE METALS LIMITED,NYSE,False,False
GFR,GREENFIRE RES LTD NEW,NYSE,False,False
BDMD,BAIRD MED INVT HLDGS LTD,NAS,False,False
ZEO,ZEO ENERGY CORP,NAS,False,False
EUDA,EUDA HEALTH HOLDINGS LTD,NAS,False,False
LUCY,INNOVATIVE EYEWEAR INC,NAS,False,False
SHAZ,SHARONAI HOLDINGS INC,NAS,False,False
DOUG,DOUGLAS ELLIMAN INC,NYSE,False,False
TPG,TPG INC,NSQ,True,True
AMLX,AMYLYX PHARMACEUTICALS INC,NSQ,True,True
ALPS,ALPS GROUP INC,NMS,False,False
ALLR,ALLARITY THERAPEUTICS INC,NAS,False,False
SLND,SOUTHLAND HLDGS INC,ASE,False,False
DTI,DRILLING TOOLS INTL CORP,NAS,False,False
BGL,BLUE GOLD LTD,NMS,False,False
NVNI,NVNI GROUP LIMITED,NAS,False,False
GCTS,GCT SEMICONDUCTOR HLDG INC,NYSE,False,False
TVGN,TEVOGEN INC,NMS,False,False
NUAI,NEW ERA ENERGY & DIGITAL INC,NMS,False,False
CDIO,CARDIO DIAGNOSTICS HOLDGS INC,NAS,False,False
CEG,CONSTELLATION ENERGY CORP,NSQ,True,True
CURR,CURRENC GROUP INC,NMS,False,False
RDZN,ROADZEN INC,NMS,False,False
TKLF,TOKYO LIFESTYLE CO LTD,NAS,False,False
NSTS,NSTS BANCORP INC,NAS,False,False
USDE,STABLECOINX INC,NAS,False,False
SOAR,VOLATO GROUP INC,ASE,False,False
EMAT,EVOLUTION METALS & TECH CORP,NMS,False,False
OPTX,SYNTEC OPTICS HLDGS INC,NAS,False,False
PFSA,PROFUSA INC,NAS,False,False
ANGX,ANGEL STUDIOS INC.,NYSE,False,False
SHEL,SHELL PLC,NYSE,True,True
SKYX,SKYX PLATFORMS CORP,NAS,False,False
TNMG,TNL MEDIAGENE,NAS,False,False
CRDO,CREDO TECHNOLOGY GROUP HOLDING,NSQ,True,True
KIDZ,KIDZ AI INC,NAS,False,False
PDLB,PONCE FINANCIAL GROUP INC,NMS,False,False
AIRJ,AIRJOULE TECHNOLOGIES CORP,NAS,False,False
NVX,NOVONIX LIMITED,NMS,False,False
HTCR,HEARTCORE ENTERPRISES INC,NAS,False,False
BZAI,BLAIZE HLDGS INC,NMS,False,False
CRML,CRITICAL METALS CORP,NMS,False,False
ANNA,ALEANNA INC,NAS,False,False
FLD,FOLD HLDGS INC,NAS,False,False
DTCX,DATACENTREX INC,NAS,False,False
AKAN,AKANDA CORP,NAS,False,False
GNS,GENIUS GROUP LTD,ASE,False,False
PSIG,PS INTL GROUP LTD,NAS,False,False
BRBR,BELLRING BRANDS INC,NYSE,True,True
LION,LIONSGATE STUDIOS CORP,NYSE,True,True
ZOOZ,ZOOZ STRATEGY LTD,NAS,False,False
BBUC,BROOKFIELD BUSINESS CORP,NYSE,False,False
FUSE,FUSEMACHINES INC,NMS,False,False
MGLD,THE MARYGOLD COMPANIES INC,ASE,False,False
FEAM,5E Advanced Materials Inc,NSQ,False,False
MRNO,Hcm Acquisition Co,NAS,False,False
RVSN,RAIL VISION LTD,NAS,False,False
TOYO,TOYO CO LTD,NAS,False,False
KBSX,FST CORP.,NMS,False,False
ESAB,ESAB CORPORATION,NYSE,True,True
EMBC,EMBECTA CORP,NSQ,False,False
ANTX,AN2 THERAPEUTICS INC,NSQ,False,False
HWH,HWH INTL INC,NAS,False,False
AXAC,AXIOS SUSTAINABLE GRW ACQ CORP,EXPM,False,False
LCFY,LOCAFY LIMITED,NAS,False,False
CDT,CDT EQUITY INC,NAS,False,False
XPON,EXPION ENERGY INC,NAS,False,False
EONR,EON RESOURCES INC,ASE,False,False
BIOT,INSTINCT BIO TECHNICAL CO,NMS,False,False
WBD,WARNER BROS DISCOVERY INC,NSQ,True,True
SKYA,SKYAI INC,NAS,False,False
CPTAF,Jaguar Global Growth Corporation I,EXPM,False,False
DC,DAKOTA GOLD CORP,ASE,False,False
OIO,OIO GROUP,NAS,False,False
ACON,ACLARION INC,NAS,False,False
ASBP,ASPIRE BIOPHARMA HLDGS INC,NAS,False,False
SVRE,SAVERONE 2014 LTD,NAS,False,False
CYCU,CYCURION INC,NMS,False,False
EE,EXCELERATE ENERGY INC,NYSE,False,False
JCSE,JE CLEANTECH HOLDINGS LIMITED,NAS,False,False
GCL,GCL GLOBAL HLDGS LTD,NSQ,False,False
BLTE,BELITE BIO INC,NAS,False,False
GRML,GREENLAND MINES LTD,NAS,False,False
STI,SOLIDION TECHNOLOGY INC,NAS,False,False
TNON,TENON MEDICAL INC,NAS,False,False
SOUN,SOUNDHOUND AI INC,NMS,False,False
OKYO,OKYO PHARMA LTD,NAS,False,False
PEPG,PEPGEN INC,NSQ,False,False
HNVR,HANOVER BANCORP INC,NSQ,False,False
BLCO,BAUSCH PLUS LOMB CORP,NYSE,False,False
ORBS,EIGHTCO HOLDINGS INC,NAS,False,False
BRNX,BRENX LTD,NAS,False,False
PRE,PRENETICS GLOBAL LTD,NMS,False,False
HSCS,HEARTSCIENCES INC,NAS,False,False
BIAF,BIOAFFINITY TECHNOLOGIES INC,NAS,False,False
PLSM,PULSENMORE LTD,NAS,False,False
SDRL,SEADRILL LTD,NYSE,False,False
WLDS,Wearable Devices Ltd.,NAS,False,False
MOB,MOBILICOM LTD,NAS,False,False
ONFO,ONFOLIO HOLDINGS INC,NAS,False,False
IE,IVANHOE ELECTRIC INC,ASE,False,False
IPX,IPERIONX LTD,NAS,False,False
INTR,INTER & CO INC,NSQ,False,False
IONR,IONEER LTD,NAS,False,False
VRAX,VIRAX BIOLABS GROUP LTD,NAS,False,False
NA,NANO LABS LTD,NMS,False,False
USEA,UNITED MARITIME CORPORATION,NAS,False,False
TGL,TREASURE GLOBAL INC,NAS,False,False
MAIA,MAIA BIOTECHNOLOGY INC,ASE,False,False
FIP,FTAI INFRASTRUCTURE INC,NSQ,False,False
HLN,HALEON PLC,NYSE,False,False
GRRR,GORILLA TECHNOLOGY GROUP INC,NAS,False,False
GSK,GSK PLC,NYSE,True,True
ALMU,AELUMA INC,NAS,False,False
MEGL,MAGIC EMPIRE GLOBAL LTD,NAS,False,False
FOXX,FOXX DEV HLDGS INC,NAS,False,False
ECBK,ECB BANCORP INC,NAS,False,False
FSUN,FIRSTSUN CAP BANCORP,NSQ,False,False
GCT,GIGACLOUD TECHNOLOGY INC,NMS,False,False
QBTS,D-WAVE QUANTUM INC,NSQ,True,True
REBN,REBORN COFFEE INC,NAS,False,False
SHPH,SHUTTLE PHARMACTCLS HLDGS INC,NAS,False,False
ALPX,ALPEX ACQUISITION CORP,NMS,False,False
MPTI,M-TRON INDS INC,ASE,False,False
NEXR,NEXERA TECHNOLOGIES LTD,NAS,False,False
BULL,WEBULL CORP,NAS,True,True
LRE,LEAD REAL ESTATE CO LTD,NAS,False,False
LICN,LICHEN INTL LTD,NAS,False,False
ABLV,ABLE VIEW GLOBAL INC,NAS,False,False
CRBG,COREBRIDGE FINL INC,NYSE,True,True
PRZO,PARAZERO TECHNOLOGIES LTD,NAS,False,False
NXL,NEXALIN TECHNOLOGY INC,NAS,False,False
AMPX,AMPRIUS TECHNOLOGIES INC,NYSE,False,False
XPER,XPERI INC,NYSE,False,False
STRW,STRAWBERRY FIELDS REIT INC,ASE,False,False
BHVN,BIOHAVEN LTD,NYSE,True,True
SBC,SBC MED GROUP HLDGS INC,NMS,False,False
BHM,BLUEROCK HOMES TRUST INC,ASE,False,False
GNLX,GENELUX CORPORATION,NAS,False,False
BMR,BEAMR IMAGING LTD,NAS,False,False
ASPI,ASP ISOTOPES INC,NAS,False,False
BANL,CBL INTL LTD,NAS,False,False
HSHP,HIMALAYA SHIPPING LTD,NYSE,False,False
NUCL,EAGLE NUCLEAR ENERGY CORP,NAS,False,False
PRME,PRIME MEDICINE INC,NMS,False,False
ZJYL,JIN MEDICAL INTERNATIONAL LTD,NAS,False,False
RXO,RXO INC,NYSE,True,True
MBLY,MOBILEYE GLOBAL INC,NSQ,False,False
SNAL,SNAIL INC,NAS,False,False
KWM,K WAVE MEDIA LTD,NAS,False,False
ACRV,ACRIVON THERAPEUTICS INC,NMS,False,False
UHAL B,U HAUL HOLDING COMPANY,NYSE,True,True
FG,F&G ANNUITIES & LIFE INC,NYSE,False,False
HQ,HORIZON QUANTUM HOLDINGS LTD,NAS,False,False
BAM,BROOKFIELD ASSET MANAGMT LTD,NYSE,True,True
RAYA,ERAYAK PWR SOLUTION GROUP INC.,NAS,False,False
MBC,MASTERBRAND INC,NYSE,False,False
ICG,INTCHAINS GROUP LTD,NAS,False,False
CTOR,CITIUS ONCOLOGY INC,NAS,False,False
AURE,AURELION INC,NAS,False,False
BFRG,BULLFROG AI HLDGS INC,NAS,False,False
CVKD,CADRENAL THERAPEUTICS INC,NAS,False,False
GEHC,GE HEALTHCARE TECHNOLOGIES INC,NSQ,True,True
COYA,COYA THERAPEUTICS INC,NAS,False,False
HUBC,HUB CYBER SECURITY LTD,NAS,False,False
DSY,BIG TREE CLOUD HLDGS LTD,NAS,False,False
ALTI,ALTI GLOBAL INC,NAS,False,False
VTS,VITESSE ENERGY INC,NYSE,False,False
SKWD,SKYWARD SPECIALTY INS GROUP IN,NSQ,False,False
HERE,HERE GROUP LTD,NMS,False,False
FSEA,FIRST SEACOAST BANCORP INC,NAS,False,False
SLMT,BRERA HOLDINGS PLC,NAS,False,False
AMCI,AMC ROBOTICS CORP,NAS,False,False
NRXS,NEURAXIS INC,ASE,False,False
GXAI,GAXOS.AI INC,NAS,False,False
LRHC,LA ROSA HLDGS CORP,NAS,False,False
TXO,TXO PARTNERS  LP,NYSE,False,False
ASST,STRIVE INC,NMS,False,False
ESAIY,EISAI CO LTD,PINL,False,False
GPCR,STRUCTURE THERAPEUTICS INC,NMS,False,False
TRNR,Interactive Strength Inc.,NAS,False,False
OLYMY,OLYMPUS CORP,PINL,False,False
CWD,CALIBERCOS INC,NAS,False,False
NXT,NEXTPOWER INC,NSQ,True,True
MLYS,MINERALYS THERAPEUTICS INC,NSQ,True,True
HSAI,HESAI GROUP,NSQ,False,False
ARBB,ARB IOT GROUP LTD,NAS,False,False
MGRX,MANGOCEUTICALS INC,NAS,False,False
TORO,TORO CORP,NAS,False,False
IBG,INNOVATION BEVERAGE GROUP LTD,NAS,False,False
BTQ,BTQ TECHNOLOGIES CORP,NMS,False,False
TPET,TRIO PETROLEUM CORP,ASE,False,False
USGO,US GOLDMINING INC,NAS,False,False
CD,CHAINCE DIGITAL HOLDINGS INC,NMS,False,False
OMH,OHMYHOME LTD,NAS,False,False
SFWL,SHENGFENG DEV LTD,NAS,False,False
AESI,ATLAS ENERGY SOLUTIONS INC,NYSE,False,False
AIXI,XIAO-I CORP,NMS,False,False
HLP,HONGLI GROUP INC.,NAS,False,False
TRBG,TURBOGEN LTD,NAS,False,False
ISPR,ISPIRE TECHNOLOGY INC,NAS,False,False
UCAR,U Power Limited,NAS,False,False
MGIH,MILLENNIUM GROUP INTL HLDGS LT,NAS,False,False
GDHG,GOLDEN HEAVEN GROUP HLDGS LTD,NAS,False,False
PBK,POWERBANK CORP,NMS,False,False
GMM,GLOBAL MOFY AI LIMITED,NAS,False,False
VCIG,VCI GLOBAL LTD,NAS,False,False
LGCL,Lucas GC Limited,NAS,False,False
MKDW,MKDWELL TECH INC,NAS,False,False
CR,CRANE COMPANY,NYSE,False,False
YOUL,YOULIFE GROUP INC,NAS,False,False
DPU,TOP KINGWIN LTD,NAS,False,False
MWG,MULTI WAYS HOLDINGS LIMITED,ASE,False,False
GMEX,GMEX ROBOTICS CORP,NAS,False,False
HOVR,NEW HORIZON AIRCRAFT LTD,NAS,False,False
GDTC,CYTOMED THERAPEUTICS LIMITED,NAS,False,False
JYD,JAYUD GLOBAL LOGISTICS LTD,NAS,False,False
MSGE,MADISON SQUARE GARDEN ENTMT,NYSE,False,False
PMEC,PRIMECH HOLDINGS LTD.,NAS,False,False
ELPW,ELONG POWER HOLDING LTD.,NAS,False,False
GITS,Hanryu Holdings,NAS,False,False
AZTR,AZITRA INC,ASE,False,False
LAES,SEALSQ CORP,NSQ,False,False
DCX,DIGITAL CURRENCY X TECHNOLOGY,NAS,False,False
KVUE,KENVUE INC,NYSE,True,True
CYAB,CYABRA INC,NMS,False,False
SXTP,60 DEGREES PHARMACEUTICALS INC,NAS,False,False
KNF,KNIFE RIVER CORP,NYSE,True,True
BOF,Branchout Foods Inc.,NAS,False,False
ATMU,ATMUS FILTRATION TECHNOLOGIES,NYSE,True,True
TLN,TALEN ENERGY CORP,NSQ,False,False
BENF,Beneficient,NAS,False,False
MSS,MAISON SOLUTIONS INC,NAS,False,False
FTRE,FORTREA HLDGS INC,NSQ,True,True
PHIN,PHINIA Inc,NYSE,False,False
KDK,KODIAK AI INC.,NMS,False,False
CTNT,CHEETAH NET SUPPLY CHAIN INC,NAS,False,False
CAVA,CAVA GROUP INC,NYSE,True,True
METCB,RAMACO RES INC,NSQ,False,False
TRI,THOMSON REUTERS CORP.,NSQ,True,True
PLGO,PELAGOS INS CAP LTD,NYSE,False,False
VTMX,VESTA REAL ESTATE CORP,NYSE,False,False
GMHS,GAMEHAUS HOLDINGS INC,NAS,False,False
USAR,USA RARE EARTH INC,NMS,True,True
SVV,SAVERS VALUE VLG INC,NYSE,True,True
GENK,GEN RESTAURENT GROUP,NMS,False,False
KGS,KODIAK GAS SVCS INC,NYSE,True,True
PAPL,Pineapple Financial Inc.,ASE,False,False
FER,FERROVIAL NV,NSQ,True,True
PDC,PERPETUALS.COM LTD,NAS,False,False
TRON,"SRM Entertainment, Inc.",NAS,False,False
DFDV,DEFI DEVELOPMENT CORP,NAS,False,False
ODD,ODDITY TECH LTD,NMS,False,False
VTRO,VITRO BIOPHARMA INC,ASE,False,False
MIRA,MIRA PHARMACEUTICALS INC,NAS,False,False
SRFM,SURF AIR MOBILITY INC,NYSE,False,False
SN,SHARKNINJA INC,NYSE,False,False
LLYVK,LIBERTY LIVE HOLDINGS INC,NSQ,False,False
SPPL,SIMPPLE LTD,NAS,False,False
NWTG,NEWTON GOLF COMPANY INC,NAS,False,False
ANL,ADLAI NORTYE GROUP LTD,NMS,False,False
YHC,LQR HSE INC,NAS,False,False
LLYVA,LIBERTY LIVE HOLDINGS INC,NSQ,False,False
AXG,SOLOWIN HOLDINGS,NAS,False,False
NWGL,CLASS WORKSHOP GROUP LTD,NAS,False,False
DBD,DIEBOLD NIXDORF INC,NYSE,False,False
SEZL,SEZZLE INC,NAS,False,False
GIBO,Bukit Jalil Global Acquisition 1 Ltd,NAS,False,False
MDBH,MDB CAP HLDGS LLC,NAS,False,False
YMAT,J-STAR HLDG CO LTD,NAS,False,False
PODC,PODCASTONE INC,NAS,False,False
ARM,ARM HOLDINGS PLC,NSQ,True,True
CART,MAPLEBEAR INC,NSQ,True,True
RENX,RENX ENTERPRISES CORP,NAS,False,False
CCG,CHECHE GROUP INC,NAS,False,False
KVYO,KLAVIYO INC,NYSE,True,True
NMRA,Neumora Therapeutics Inc,NSQ,False,False
RMIX,SUNCRETE INC,NMS,False,False
GLE,GLOBAL ENGINE GROUP HOLDING LT,NAS,False,False
VLTO,VERALTO CORP,NYSE,True,True
WBUY,WEBUY GLOBAL LTD,NAS,False,False
VSME,VS MEDIA HOLDINGS LTD.,NAS,False,False
TURB,Turbo Energy SA,NAS,False,False
SRBK,SR BANCORP INC,NAS,False,False
VSTS,VESTIS CORPORATION,NYSE,True,True
MKZR,MACKENZIE RLTY CAP INC,NAS,False,False
GVH,GLOBAVEND HOLDINGS LIMITED,NAS,False,False
FBYD,FALCONS BEYOND GLOBAL INC,NMS,False,False
BIRK,BIRKENSTOCK HOLDING PLC,NYSE,False,False
TIC,TIC SOLUTIONS INC,NYSE,False,False
HSLV,HIGHLANDER SILVER CORP,ASE,False,False
LAR,LITHIUM ARGENTINA AG,NYSE,False,False
LAC,LITHIUM AMERS CORP NEW,NYSE,False,False
ATGL,ALPHA TECHNOLOGY GROUP LIMITED,NAS,False,False
NATL,NCR ATLEOS CORPORATION,NYSE,True,True
YIBO,Planet Image International Ltd.,NAS,False,False
ABVX,ABIVAX SA,NMS,False,False
TDTH,TRIDENT DIGITAL TECH HOLDINGS,NAS,False,False
AIRE,REALPHA TECH CORP,NAS,False,False
RR,RICHTECH ROBOTICS INC,NAS,False,False
INHD,INNO HOLDINGS INC,NAS,False,False
CPBI,CENTRAL PLAINS BANCSHARES INC,NAS,False,False
MNR,MACH NATURAL RESOURCES LP,NYSE,False,False
SHIM,SHIMMICK CORPORATION,NAS,False,False
NLOP,NET LEASE OFFICE PROPERTIES,NYSE,False,False
RYDE,RYDE GROUP LTD,ASE,False,False
FEBO,Fenbo Holdings Limited,NAS,False,False
LXEO,LEXEO THERAPEUTICS INC,NMS,False,False
GSIW,GARDEN STAGE LIMITED,NAS,False,False
HG,HAMILTON INSURANCE GROUP LTD.,NYSE,False,False
DDC,DDC ENTERPRISE LTD,ASE,False,False
ENGN,ENGENE THERAPEUTICS INC,NAS,False,False
AAUC,ALLIED GOLD CORP,NYSE,False,False
ROMA,ROMA GREEN FIN LTD,NAS,False,False
SPKL,SPARK I ACQUISITION CORP,NMS,False,False
UZX,LINKAGE GLOBAL INC,NAS,False,False
MDCX,MEDICUS PHARMA LTD,NAS,False,False
NCEW,NEW CENTY LOGISTICS BVI LTD,NAS,False,False
HUT,HUT 8 CORP,NSQ,True,True
WS,WORTHINGTON STL INC,NYSE,False,False
QETA,QUETTA ACQUISITION CORP,NAS,False,False
JL,J-LONG GROUP LTD,NAS,False,False
DFNS,T3 DEFENSE INC,NMS,False,False
CEPL,CAPSTONE ENERGY PLUS INC,NMS,False,False
CDLR,CADELER A S,NYSE,False,False
ZKH,ZKH GROUP LTD,NYSE,False,False
CCTG,CCSC TECHNOLOGY INTL HLDGS LTD,NAS,False,False
GLXG,GALAXY PAYROLL GROUP LTD,NAS,False,False
MTEN,MINGTENG INTL CORP INC,NAS,False,False
MF,MINDFORGE INC,NAS,False,False
ELPC,COMPANHIA PARANAENSE DE ENERGI,NYSE,False,False
NBBK,NB BANCORP INC,NAS,False,False
INTJ,INTELLIGENT GROUP LIMITED,NAS,False,False
SUGP,SU GROUP HLDGS LTD,NAS,False,False
SYNX,SILYNXCOM LTD,ASE,False,False
SDHC,SMITH DOUGLAS HOMES CORP,NYSE,False,False
HAO,HAOXI HEALTH TECHNOLOGY LTD,NAS,False,False
PSBD,PALMER SQUARE CAPITAL BDC INC,NYSE,False,False
CGON,CG ONCOLOGY INC,NSQ,True,True
NCDL,NUVEEN CHURCHILL DIRECT LENDIN,NYSE,False,False
CORZ,CORE SCIENTIFIC INC NEW,NSQ,True,True
AVBP,ARRIVENT BIOPHARMA INC,NMS,False,False
MSDL,MORGAN STANLEY DIRECT LENDING,NYSE,False,False
AFJK,AIMEI HEALTH TECHNOLOGY CO LTD,NMS,False,False
BTOC,ARMLOGI HOLDING CORP,NAS,False,False
AS,AMER SPORTS INC,NYSE,True,True
YFOR,YYFORCE INC,NAS,False,False
AHR,AMERICAN HEALTHCARE REIT INC,NYSE,True,True
MGX,METAGENOMI THERAPEUTICS INC,NSQ,False,False
TELO,TELOMIR PHARMACEUTICALS INC,NAS,False,False
MAMO,MASSIMO GROUP,NAS,False,False
SKK,SKK HOLDINGS LIMITED,NAS,False,False
UCFI,CN HEALTHY FOOD TECH GROUP COR,NAS,False,False
LNKS,LINKERS INDS LTD,NAS,False,False
ITOC,ITONIC HOLDINGS LTD,NAS,False,False
AMIX,AUTONOMIX MED INC,NAS,False,False
ANRO,ALTO NEUROSCIENCE INC,NYSE,False,False
FBLG,FIBROBIOLOGICS INC,NAS,False,False
GUTS,FRACTYL HEALTH INC,NMS,False,False
NCI,NEO-CONCEPT INTL GRP HLD,NAS,False,False
TBBB,BBB FOODS INC,NYSE,False,False
KYTX,KYVERNA THERAPEUTICS INC,NSQ,False,False
BBOT,BRIDGEBIO ONCOLOGY THERAPEUTIC,NMS,False,False
OLSI,ORIGIN LIFE SCIENCES INC,ASE,False,False
UMAC,UNUSUAL MACHS INC,ASE,False,False
PTHS,PELTHOS THERAPEUTICS INC,ASE,False,False
PASW,PING AN BIOMEDICAL CO LTD,NAS,False,False
SUPX,SUPERX AI TECHNOLOGY LTD,NAS,False,False
TWG,TOP WEALTH GROUP HLDG LTD,NAS,False,False
MFI,MF INTL LTD,NAS,False,False
ZBAO,ZHIBAO TECHNOLOGY INC,NAS,False,False
IBO,IMPACT BIOMEDICAL INC,ASE,False,False
LOBO,LOBO TECHNOLOGIES LTD,NAS,False,False
SERV,SERVE ROBOTICS INC,NAS,False,False
HBNB,HOTEL101 GLOBAL HOLDINGS CORP,NAS,False,False
TRSG,TUNGRAY TECHNOLOGIES INC,NAS,False,False
MNDR,MOBILE-HEALTH NETWORK SOLUTION,NAS,False,False
MMA,MIXED MARTIAL ARTS GROUP LTD,ASE,False,False
SOLV,SOLVENTUM CORP,NYSE,True,True
RDDT,REDDIT INC,NYSE,True,True
ALAB,ASTERA LABS INC,NSQ,True,True
DXYZ,DESTINY TECH100 INC,NYSE,False,False
ORKT,ORANGEKLOUD TECHNOLOGY INC,NAS,False,False
GEV,GE VERNOVA INC,NYSE,True,True
BOLD,BOUNDLESS BIO INC,NSQ,False,False
ENRD,EINRIDE AB,NMS,False,False
ZONE,ZONE FRONTIER INC,ASE,False,False
GELS,GELTEQ LIMITED,NAS,False,False
FBGL,FBS GLOBAL LTD,NAS,False,False
NNE,NANO NUCLEAR ENERGY INC,NAS,False,False
PACS,PACS GROUP INC,NYSE,False,False
RBRK,RUBRIK INC.,NYSE,True,True
YAAS,YOUXIN TECHNOLOGY LTD,NAS,False,False
RAY,RAYTECH HLDG LTD,NAS,False,False
CTNM,CONTINEUM THERAPEUTICS INC,NSQ,False,False
ULS,UL SOLUTIONS INC,NYSE,True,True
JDZG,JIADE LIMITED,NAS,False,False
CTRI,CENTURI HOLDINGS INC,NYSE,True,True
IBTA,IBOTTA INC,NYSE,False,False
IBAC,IB ACQUISITION CORP,NAS,False,False
NAKA,NAKAMOTO INC,NMS,False,False
SVCO,SILVACO GROUP INC,NSQ,False,False
HDL,SUPER HI INTL HLDG LTD,NMS,False,False
LOAR,LOAR HOLDINGS INC,NYSE,False,False
MRX,MAREX GROUP LTD,NSQ,True,True
VIK,VIKING HOLDINGS LTD,NYSE,True,True
GCDT,GREEN CIRCLE DECARBONIZE TECHN,ASE,False,False
RECT,RECTITUDE HLDGS LTD,NAS,False,False
PAL,PROFICIENT AUTO LOGISTICS INC,NSQ,False,False
FLYE,FLY E GROUP INC,NAS,False,False
BKHA,BLACK HAWK ACQUISITION CORP,NMS,False,False
EHGO,ESHALLGO INC,NAS,False,False
KBDC,KAYNE ANDERSON BDC INC,NYSE,False,False
INBX,INHIBRX BIOSCIENCES INC,NSQ,False,False
WAY,WAYSTAR HLDG CORP,NSQ,True,True
WOK,WORK MED TECHNOLOGY GROUP LTD,NAS,False,False
BOW,BOWHEAD SPECIALTY HLDGS INC,NYSE,False,False
PMA,MING SHING GROUP HLDGS LTD,NAS,False,False
OSTX,OS THERAPIES INCORPORATED,ASE,False,False
TEM,TEMPUS AI INC,NSQ,True,True
KAPA,KAIROS PHARMA LTD,ASE,False,False
LIF,LIFE360 INC,NSQ,False,False
GAUZ,GAUZY LTD,NMS,False,False
NVA,NOVA MINERALS CORP,ASE,False,False
RAPP,RAPPORT THERAPEUTICS INC,NMS,False,False
JBDI,JBDI HOLDINGS LTD,NAS,False,False
GRAL,GRAIL INC,NSQ,False,False
FRNM,FREENOME INC,NAS,False,False
ICON,ICON ENERGY CORP,NAS,False,False
TLX,TELIX PHARMACEUTICAL LTD,NSQ,False,False
QNME,QUANOME TECHNOLOGIES INC,NAS,False,False
WBTN,WEBTOON ENTMT INC,NSQ,False,False
LB,LANDBRIDGE COMPANY LLC,NYSE,False,False
NAMI,JINXIN TECHNOLOGY HLDG CO,NAS,False,False
TBN,TAMBORAN RES CORP,NYSE,False,False
RITR,REITAR LOGTECH HLDGS LTD,NAS,False,False
ALMS,ALUMIS INC,NSQ,False,False
GPAT,GP-ACT III ACQUISITION CORP,NMS,False,False
SW,SMURFIT WESTROCK PLC,NYSE,True,True
SUNS,SUNRISE RLTY TR INC,NAS,False,False
PMAX,POWELL MAX LIMITED,NAS,False,False
ARTV,ARTIVA BIOTHERAPEUTICS INC,NMS,False,False
LINE,LINEAGE INC,NSQ,True,True
SPAI,SAFE PRO GROUP INC,NAS,False,False
NIPG,NIP GROUP INC,NMS,False,False
AZI,AUTOZI INTERNET TECHNOLOGY G,NAS,False,False
ACTU,ACTUATE THERAPEUTICS INC,NMS,False,False
MACI,MELAR ACQUISITION CORP. I,NMS,False,False
TWFG,TWFG INC,NSQ,False,False
ZDAI,DIRECTBOOKING TECHNOLOGY CO LT,NAS,False,False
CON,CONCENTRA GROUP HOLDINGS PAREN,NYSE,True,True
ROLR,HIGH ROLLER TECHNOLOGIES INC,ASE,False,False
SEG,SEAPORT ENTMT GROUP INC,NYSE,False,False
PLBL,POLIBELI GROUP LTD,NMS,False,False
FDSB,FIFTH DIST BANCORP INC,NAS,False,False
YXT,YXT COM GROUP HLDG LTD,NMS,False,False
ZENA,ZENATECH INC,NAS,False,False
CUPR,CUPRINA HLDGS (CAYMAN) LTD,NAS,False,False
CUB,LIONHEART HOLDINGS,NMS,False,False
XXI,TWENTY ONE CAP INC,NYSE,False,False
WETO,WETOUR ROBOTICS LTD,NAS,False,False
YHNAU,YHN ACQUISITION I LTD,NMS,False,False
TONT,GRAF GLOBAL CORP,ASE,False,False
PC,PREMIUM CATERING HLDGS LTD,NAS,False,False
SIMA,SIM ACQUISITION CORP. I,NAS,False,False
WRD,WERIDE INC,NMS,False,False
FSHP,FLAG SHIP ACQUISITION CORP,NAS,False,False
ZJK,ZJK INDL CO. LTD.,NAS,False,False
STFS,STAR FASHION CULTURE HLDGS LTD,NAS,False,False
ZYBT,ZHENGYE BIOTECHNOLOGY HLDG LTD,NAS,False,False
INEO,INNEOVA HOLDINGS LTD.,NAS,False,False
SFHG,SAMFINE CREATION HLDG,NAS,False,False
LPAA,LAUNCH ONE ACQUISITION CORP,NMS,False,False
HCWC,HEALTHY CHOICE WELLNESS CORP,ASE,False,False
XCH,XCHG LTD,NMS,False,False
BCAX,BICARA THERAPEUTICS INC,NMS,False,False
ZBIO,ZENAS BIOPHARMA INC,NSQ,False,False
TLIH,TEN-LEAGUE INTL HLDGS LTD,NAS,False,False
MBX,MBX BIOSCIENCES INC,NSQ,False,False
SIRI,SIRIUSXM HOLDINGS INC,NSQ,True,True
SPHL,SPRINGVIEW HLDGS LTD,NAS,False,False
DTSQ,DT CLOUD STAR ACQUISITION CORP,NAS,False,False
PTLE,PTL LTD,NAS,False,False
WCT,WELLCHANGE HLDGS CO LTD,NAS,False,False
HDRN,HADRON ENERGY INC,NAS,False,False
LGCY,LEGACY ED INC,ASE,False,False
EURK,EUREKA ACQUISITION CORP,NAS,False,False
WYHG,WING YIP FOOD HOLDINGS GROUP,NAS,False,False
RADX,RADIOPHARM THERANOSTICS LTD,NAS,False,False
ENGS,ENERGYS GROUP LTD,NAS,False,False
BIOA,BIOAGE LABS INC,NSQ,False,False
VLOS,VELOS ACQUISITION I CORP,NMS,False,False
SARO,STANDARDAERO INC,NYSE,True,True
SOBO,SOUTH BOW CORP,NYSE,True,True
MOOV,MOOVE LUBRICANTS HLDGS,NYSE,False,False
BKV,BKV CORP,NYSE,False,False
GRDN,GUARDIAN PHARMACY SVCS INC,NYSE,False,False
AMTM,AMENTUM HOLDINGS INC,NYSE,True,True
CURB,CURBLINE PPTYS CORP,NYSE,True,True
HUHU,HUHUTECH INTL GROUP INC,NAS,False,False
FVR,FRONTVIEW REIT INC,NYSE,False,False
FTW,PRESIDIO PRODTN CO,NYSE,False,False
FLX,BINGEX LTD,NSQ,False,False
VRXA,VERAXA BIOTECH AG,NMS,False,False
HTLM,HOMESTOLIFE LTD,NAS,False,False
CLIK,CLICK HLDGS LTD,NAS,False,False
CBNA,CHAIN BRIDGE BANCORP INC,NYSE,False,False
SBXD,SILVERBOX CORP IV,NYSE,False,False
UPB,UPSTREAM BIO INC,NSQ,False,False
SKYQ,SKY QUARRY INC,NAS,False,False
LUD,LUDA TECHNOLOGY GROUP LTD,ASE,False,False
CAMP,CAMP4 THERAPEUTICS CORP,NMS,False,False
IPST,IP STRATEGY HOLDINGS INC,NAS,False,False
INGM,INGRAM MICRO HLDG CORP,NYSE,False,False
TGE,GENERATION ESSENTIALS GROUP,NYSE,False,False
LBGJ,LI BANG INTL CORP INC,NAS,False,False
CBLL,CERIBELL INC,NSQ,False,False
IMSR,TERRESTRIAL ENERGY INC,NSQ,False,False
CGTL,CREATIVE GLOBAL TECHNOLOGY HLD,NAS,False,False
NTCL,NETCLASS TECHNOLOGY INC,NAS,False,False
SEPN,SEPTERNA INC,NMS,False,False
FGL,FOUNDER GROUP LTD,NAS,False,False
ECG,EVERUS CONSTR GROUP,NYSE,False,False
CAPN,CAYSON ACQUISITION CORP,NMS,False,False
PUSA,AUREUS GREENWAY HLDGS INC,NAS,False,False
CSHR,COINSHARES PLC,NSQ,False,False
PLRZ,POLYRIZON LTD,NAS,False,False
LHAI,LINKHOME HLDGS INC,NAS,False,False
FVN,FUTURE VISION II ACQUISITION,NAS,False,False
FBLA,FB BANCORP INC,NAS,False,False
HIT,HEALTH IN TECH INC,NAS,False,False
BYAH,PARK HA BIOLOGICAL TECH CO LTD,NAS,False,False
GRO,BRAZIL POTASH CORP,ASE,False,False
POLE,ANDRETTI ACQUISITION CORP II,NMS,False,False
YSXT,YSX TECH CO  LTD,NAS,False,False
FCHL,FITNESS CHAMPS HLDGS LTD,NAS,False,False
YHNA,YHN ACQUISITION I LTD,NMS,False,False
BRIA,BRILLIA INC,ASE,False,False
EXOZ,EXOZYMES INC,NAS,False,False
CJMB,CALLAN JMB INC,NAS,False,False
VENU,VENU HLDG CORP,ASE,False,False
PONY,PONY AI INC,NSQ,False,False
MIMI,MINT INCORPORATION LTD,NAS,False,False
BALY,BALLYS CORPORATION,NYSE,False,False
LSE,LEISHEN ENERGY HLDG CO LTD,NAS,False,False
BLIV,BELIVE HLDGS,NAS,False,False
CHAR,CHARLTON ARIA ACQUISITION CORP,NMS,False,False
HKPD,CELLYAN BIOTECHNOLOGY CO LTD,NAS,False,False
KYIV,KYIVSTAR GROUP LTD,NSQ,False,False
LPBB,LAUNCH TWO ACQUISITION CORP.,NMS,False,False
RDAC,RISING DRAGON ACQUISITION CORP,NAS,False,False
TTAN,SERVICETITAN INC,NSQ,False,False
DYNC,DYNAMIX CORP,NMS,False,False
DGNX,DIGINEX LTD,NAS,False,False
ONEG,ONECONSTRUCTION GROUP LTD,NAS,False,False
MRLN,MERLIN INC,NMS,False,False
TJGC,TJGC GROUP LTD,NAS,False,False
SLGB,SMART LOGISTICS GLOBAL LIMITED,NAS,False,False
UFG,UNI-FUELS HLDGS LTD,NAS,False,False
AVR,ANTERIS TECHNOLOGIES GLOBAL,NMS,False,False
DXST,DECENT HLDG INC,NAS,False,False
PCLA,PICOCELA INC,NAS,False,False
KAZR,SKYLINE BLDRS GROUP HLDG LTD,NAS,False,False
CRE,CRE8 ENTERPRISE LTD,NAS,False,False
BMGL,BASEL MED GROUP LTD,NAS,False,False
ALDF,ALDEL FINL II INC,NMS,False,False
MASK,3 E NETWORK TECHNOLOGY GROUP,NAS,False,False
TAVI,TAVIA ACQUISITION CORP,NMS,False,False
NTWO,NEWBURY STR II ACQUISITION COR,NMS,False,False
BEAG,BOLD EAGLE ACQUISITION CORP,NMS,False,False
OACC,OAKTREE ACQUISITION CORP III L,NMS,False,False
NKLR,TERRA INNOVATUM GLOBAL NV,NMS,False,False
FACT,FACT II ACQUISITION CORP,NMS,False,False
PLUT,PLUTUS FINL GROUP LTD,NAS,False,False
BIYA,BAIYA INTL GROUP INC,NAS,False,False
NEUP,NEUPHORIA THERAPEUTICS INC,NMS,False,False
BRUN,BOOST RUN INC,NMS,False,False
INLF,INLIF LTD,NAS,False,False
RAIN,RAIN ENHANCEMENT TECHNOLOGIES,NAS,False,False
ASPC,A SPAC III ACQUISITION CORP,NAS,False,False
FLOC,FLOWCO HLDGS INC,NYSE,False,False
LZMH,LZ TECHNOLOGY HLDGS LTD,NAS,False,False
IOTR,IOTHREE LTD,NAS,False,False
HXHX,HAOXIN HLDGS LTD,NAS,False,False
CEPO,CANTOR EQUITY PARTNERS I INC.,NMS,False,False
TOPP,TOPPOINT HLDGS INC,ASE,False,False
LGPS,LOGPROSTYLE INC,ASE,False,False
RANG,RANGE CAP ACQUISITION CORP,NMS,False,False
VG,VENTURE GLOBAL INC,NYSE,True,True
SFD,SMITHFIELD FOODS INC,NSQ,False,False
PN,PN SMART ENERGY LTD,NAS,False,False
HCAI,HUACHEN AI PKG MGMT TECHNOLOGY,NAS,False,False
ELOG,EASTERN INTL LTD,NAS,False,False
CIGL,CONCORDE INTL GROUP LTD,NAS,False,False
VRM,VROOM INC,NMS,False,False
MRP,MILLROSE PPTYS INC,NYSE,True,True
NOEM,CO2 ENERGY TRANSITION CORP,NMS,False,False
AAPG,ASCENTAGE PHARMA GROUP INTL,NMS,False,False
INR,INFINITY NAT RES INC,NYSE,False,False
BBNX,BETA BIONICS INC,NMS,False,False
MAZE,MAZE THERAPEUTICS INC,NMS,False,False
CSAI,CLOUDASTRUCTURE INC,NAS,False,False
JACS,JACKSON ACQUISITION CO II,NYSE,False,False
DRDB,ROMAN DBDR ACQUISITION CORP II,NMS,False,False
EPSM,EPSIUM ENTERPRISE LTD,NAS,False,False
SAIL,SAILPOINT INC,NSQ,False,False
SLBT,SL SCIENCE HLDG LTD,NMS,False,False
APUS,APIMEDS PHARMACEUTICALS US INC,ASE,False,False
RCT,REDCLOUD HLDGS PLC,NAS,False,False
XHLD,TEN HLDGS INC,NAS,False,False
STAK,STAK INC,NAS,False,False
PGAC,PANTAGES CAPITAL ACQUISITION C,NMS,False,False
MCRP,MICROPOLIS AI ROBOTICS,ASE,False,False
TTAM,TITAN AMER SA,NYSE,False,False
MEDS,DATAMEDS AI INC,NAS,False,False
PLMK,PLUM ACQUISITION CORP IV,NMS,False,False
AVAT,AVALANCHE TREAS CORP,NAS,False,False
SAGT,SAGTEC GLOBAL LTD,NAS,False,False
SION,SIONNA THERAPEUTICS INC,NMS,False,False
HODO,HOUSE OF DOGE INC,NAS,False,False
RYET,RUANYUN EDAI TECHNOLOGY INC,NAS,False,False
FATN,FATPIPE INC UT,NAS,False,False
NPB,NORTHPOINTE BANCSHARES INC.,NYSE,False,False
BXBL,BOXABL INCORPORATED,NMS,False,False
SNDK,SANDISK CORP,NSQ,True,True
MWYN,MARWYNN HLDGS INC,NAS,False,False
ADVB,ADVANCED BIOMED INC,NAS,False,False
SORA,ASIASTRATEGY,NAS,False,False
FMFC,KANDAL M VENTURE LTD,NAS,False,False
KRMN,KARMAN HLDGS INC,NYSE,True,True
HVII,HENNESSY CAP INVT CORP VII,NMS,False,False
NCT,INTERCONT CAYMAN LTD,NAS,False,False
WTF,WATON FINL LTD,NAS,False,False
AARD,AARDVARK THERAPEUTICS INC,NSQ,False,False
XTND,XTEND AI ROBOTICS INC,NYSE,False,False
WFF,WF HLDG LTD,NAS,False,False
TDAC,TRANSLATIONAL DEV ACQUISITION,NMS,False,False
NNNN,ANBIO BIOTECHNOLOGY,NMS,False,False
HMR,HEIDMAR MARITIME HLDGS CORP,NAS,False,False
RHLD,RESOLUTE HLDGS MGMT INC,NYSE,False,False
MB,MASTERBEEF GROUP,NAS,False,False
KMTS,KESTRA MED TECHNOLOGIES LTD,NSQ,False,False
EHLD,EUROHOLDINGS LTD,NAS,False,False
RIBB,RIBBON ACQUISITION CORP,NAS,False,False
KNRX,KNOREX LTD.,ASE,False,False
DMAA,DRUGS MADE IN AMER ACQUTN CORP,NMS,False,False
OMSE,OMS ENERGY TECHNOLOGIES INC,NAS,False,False
RYOJ,RYOJBABA CO LTD,NAS,False,False
IPEX,INFLECTION POINT ACQU CORP V,NMS,False,False
TGHL,THE GROWHUB LTD,NAS,False,False
MGN,MEGAN HLDGS LTD,NAS,False,False
KFII,K&F GROWTH ACQUISITION CORP II,NMS,False,False
NMAX,NEWSMAX INC,NYSE,False,False
COLA,COLUMBUS ACQUISITION CORP,NMS,False,False
TMDE,TMD ENERGY LTD,ASE,False,False
BGIN,BGIN BLOCKCHAIN LTD,NMS,False,False
SVCC,STELLAR V CAP CORP,NMS,False,False
SMA,SMARTSTOP SELF STORAG REIT INC,NYSE,False,False
CURX,CURANEX PHARMACEUTICALS INC,NAS,False,False
LAWR,ROBOT CONSULTING CO LTD,NAS,False,False
PFAI,PINNACLE FOOD GROUP LTD,NAS,False,False
OFAL,OFA GROUP,NAS,False,False
WIMI,WIMI HOLOGRAM CLOUD INC,NMS,False,False
ATII,ARCHIMEDES TECH SPAC PARTNERS,NMS,False,False
PHOE,PHOENIX ASIA HLDGS LTD,NAS,False,False
WXM,WF INTL LTD,NAS,False,False
MENS,JYONG BIOTECH LTD,NMS,False,False
CRWV,COREWEAVE INC,NSQ,True,True
AIRO,AIRO GROUP HLDGS INC,NMS,False,False
CHA,CHAGEE HLDGS LTD,NSQ,False,False
EDHL,EVERBRIGHT DIGITAL HLDG LTD,NAS,False,False
RNBW,RAINBOW CAP HLDGS LTD,NAS,False,False
NTHI,NEONC TECHNOLOGIES HLDGS INC,NMS,False,False
ATHR,AETHER HLDGS INC NEW,NAS,False,False
LHSW,LIANHE SOWELL INTL GROUP LTD,NAS,False,False
RBNE,ROBIN ENERGY LTD,NAS,False,False
EGG,ENIGMATIG LTD,ASE,False,False
FERA,FIFTH ERA ACQUISITION CORP I,NMS,False,False
NHIC,NEWHOLD INVT CORP III,NMS,False,False
RAC,RITHM ACQUISITION CORP,NYSE,False,False
TMS,TEAMSHARES INC,NAS,False,False
CMDB,COSTAMARE BULKERS HLDGS LTD,NYSE,False,False
MBBC,MARATHON BANCORP INC,NAS,False,False
DLXY,DELIXY HLDGS LTD,NAS,False,False
YB,YUANBAO INC,NMS,False,False
SECZ,SECURITIZE CORP,NYSE,False,False
MSGY,MASONGLORY LTD,NAS,False,False
ZTG,ZENTA GROUP CO LTD,NAS,False,False
AII,AMERICAN INTEGRITY INS GROUP I,NYSE,False,False
WSBK,WINCHESTER BANCORP INC,NAS,False,False
ANTA,ANTALPHA PLATFORM HLDG CO,NMS,False,False
QSEA,QUARTZSEA ACQUISITION CORP,NMS,False,False
HCHL,HAPPY CITY HLDGS LTD,NAS,False,False
ARAI,ARRIVE AI INC,NMS,False,False
TVA,TEXAS VENTURES ACQUISITION III,NMS,False,False
VNTG,VANTAGE CORP,ASE,False,False
JEM,707 CAYMAN HLDGS LTD,NAS,False,False
HNGE,HINGE HEALTH INC,NYSE,False,False
SOUL,SOULPOWER ACQUISITION CORP,NYSE,False,False
UYSC,UY SCUTI ACQUISITION CORP.,NAS,False,False
CRCL,CIRCLE INTERNET GROUP INC,NYSE,True,True
RAL,RALLIANT CORP,NYSE,True,True
DAAQ,DIGITAL ASSET ACQUISITION CORP,NMS,False,False
TACH,TITAN ACQUISITION CORP,NMS,False,False
VOYG,VOYAGER TECHNOLOGIES INC,NYSE,False,False
ETS,ELITE EXPRESS HOLDING INC.,NAS,False,False
SDHI,SIDDHI ACQUISITION CORP,NMS,False,False
ANPA,RICH SPARKLE HOLDINGS LIMITED,NAS,False,False
OMDA,OMADA HEALTH INC,NSQ,False,False
SAFX,XCF GLOBAL INC,NAS,False,False
RTAC,RENATUS TACTICAL ACQUIS,NMS,False,False
JBS,JBS N.V.,NYSE,True,True
SLDE,SLIDE INS HLDGS INC,NSQ,True,True
BMHL,BLUEMONT HLDGS LTD,NAS,False,False
JLHL,JULONG HOLDING LTD,NAS,False,False
CCAQ,COLLECTIVE ACQUISITION CORP,NMS,False,False
JCAP,JEFFERSON CAPITAL INC,NSQ,False,False
WATR,AIR WATER VENTURES LTD,NMS,False,False
ETOR,ETORO GROUP LTD,NSQ,False,False
STRZ,STARZ ENTERTAINMENT CORP.,NSQ,False,False
GSHR,GESHER ACQUISITION CORP. II,NMS,False,False
MNTN,MNTN INC,NYSE,False,False
GRAN,GRANDE GROUP LTD,NAS,False,False
XNDU,XANADU QUANTUM TECHNOLO LTD,NMS,False,False
DAIC,CID HOLDCO INC,NMS,False,False
RDAG,REPUBLIC DIGITAL ACQUISITION,NMS,False,False
GTEN,GORES HLDGS X INC,NMS,False,False
AIIR,AIR GLOBAL PLC,NAS,False,False
EGHA,EGH ACQUISITION CORP.,NMS,False,False
AEBI,AEBI SCHMIDT HLDG AG,NSQ,False,False
MAMK,MAXSMAKING INC,NAS,False,False
TVAI,THAYER VENTURES ACQ CORP II,NMS,False,False
INFQ,INFLEQTION INC,NYSE,False,False
GLIBK,LIBERTY CAP CORP,NSQ,False,False
GLIBA,LIBERTY CAP CORP,NSQ,False,False
BQ,BOQII HLDG LTD,ASE,False,False
SZZL,SIZZLE ACQUISITION CORP. II,NMS,False,False
KG,KESTREL GROUP LTD,NAS,False,False
IQMX,IQM QUANTUM COMPUTERS OYJ,NSQ,False,False
COPL,COPLEY ACQUISITION CORP,NYSE,False,False
CHYM,CHIME FINL INC,NSQ,True,True
STRD,STRATEGY INC,NSQ,False,False
ASIC,ATEGRITY SPECIALTY IN CO HO,NYSE,False,False
TACO,BERTO ACQUISITION CORP,NMS,False,False
BRR,PROCAP FINL INC,NMS,False,False
OTF,BLUE OWL TECHNOLOGY FIN CORP,NYSE,True,True
CABR,CARING BRANDS INC,NAS,False,False
CAI,CARIS LIFE SCIENCES INC,NSQ,True,True
CV,CAPSOVISION INC,NAS,False,False
GLND,GREENLAND ENERGY CO,NMS,False,False
NPAC,NEW PROVIDENCE ACQUISITION COR,NMS,False,False
TDIC,DREAMLAND LTD,NAS,False,False
AMRZ,AMRIZE LTD,NYSE,True,True
CHPG,CHAMPIONSGATE ACQUISITION CORP,NMS,False,False
PMTR,PERIMETER ACQUISITION CORP I,NMS,False,False
LCCC,LAKESHORE ACQUISITION III CORP,NMS,False,False
CRAQ,CAL REDWOOD ACQUISITION CORP,NMS,False,False
XRPN,ARMADA ACQUISITION CORP II,NMS,False,False
FAC,FACTORIAL ENERGY INC,NMS,False,False
MGRT,MEGA FORTUNE CO LTD,NAS,False,False
WW,WW INTL INC,NMS,False,False
CTW,CTW,NAS,False,False
KMRK,K-TECH SOLUTIONS CO LTD,NAS,False,False
WENN,WEN ACQUISITION CORP,NMS,False,False
RUBI,RUBICO INC,NAS,False,False
BUUU,BUUU GROUP LTD,NAS,False,False
PCAP,PROCAP ACQUISITION CORP,NMS,False,False
OYSE,OYSTER ENTERPRISES II ACQUISIT,NMS,False,False
MH,MCGRAW HILL INC,NYSE,False,False
CARL,CARLSMED INC,NSQ,False,False
NIQ,NIQ GLOBAL INTELLIGENCE PLC,NYSE,False,False
ARX,ACCELERANT HOLDINGS,NYSE,False,False
OFSSO,OFS CAP CORP,NMS,False,False
MAGH,MAGNITUDE INTL LTD,NAS,False,False
WTG,WINTERGREEN ACQUISITION CORP,NAS,False,False
KCHV,KOCHAV DEFENSE ACQUI CO,NMS,False,False
JENA,JENA ACQUISITION CORP II,NYSE,False,False
SI,SHOULDER INNOVATIONS INC,NYSE,False,False
MCGA,YORKVILLE ACQUISITION CORP.,NMS,False,False
FLY,FIREFLY AEROSPACE INC,NMS,False,False
NSRX,NASUS PHARMA LTD,ASE,False,False
AXIN,AXIOM INTELLIGENCE AC CORP 1,NMS,False,False
HTFL,HEARTFLOW INC,NSQ,True,True
BACC,BLUE ACQUISITION CORP.,NMS,False,False
BLSH,BULLISH,NYSE,False,False
MIAX,MIAMI INTL HLDGS INC,NYSE,True,True
FIG,FIGMA INC,NYSE,True,True
AMBQ,AMBIQ MICRO INC,NYSE,False,False
GTERA,GLOBA TERRA ACQUISITION COR,NMS,False,False
WYFI,WHITEFIBER INC,NAS,False,False
INAC,INDIGO ACQUISITION CORP,NMS,False,False
PMI,PICARD MEDICAL INC,ASE,False,False
BLUW,BLUE WTR ACQUISITION CORP. III,NMS,False,False
FOFO,HANG FENG TECHNOLOGY INNOVATIO,NAS,False,False
AVBC,AVIDIA BANCORP INC,NYSE,False,False
PSKY,PARAMOUNT SKYDANCE CORP,NSQ,True,True
POM,POMDOCTOR LTD,NMS,False,False
YDDL,ONE AND ONE GREEN TECHNOLOGIES,NAS,False,False
OBA,OXLEY BRIDGE ACQ LTD,NMS,False,False
LFS,LEIFRAS CO LTD,NAS,False,False
EFTY,ETOILES CAP GROUP CO. LTD,NAS,False,False
BSAA,BEST SPAC I ACQUISITION CORP.,NAS,False,False
DKI,DARKIRIS INC.,NAS,False,False
POAS,PHAOS TECHNOLOGY HLDGS (CAYMAN,ASE,False,False
MCTA,CHARMING MEDICAL LTD,NAS,False,False
PACH,PIONEER ACQUISITION I CORP,NMS,False,False
LWAC,LIGHTWAVE ACQUISITION CORP,NMS,False,False
FIGX,FIGX CAP ACQUISITION CORP.,NMS,False,False
YMT,YIMUTIAN INC,NAS,False,False
XLAB,EXASCALE LABS HOLDINGS INC,NMS,False,False
CEPF,CANTOR EQUITY PARTNERS IV INC,NMS,False,False
CCII,COHEN CIRCLE ACQUISIT CORP II,NMS,False,False
VNME,VENDOME ACQUISITION CORP I,NMS,False,False
EVAC,EQV VENTURES AC CORP. II,NYSE,False,False
ENHA,ENHANCED GROUP INC,NYSE,False,False
VMET,VERSAMET ROYALTIES CORP,NAS,False,False
ELVR,ELEVRA LITHIUM LTD,NAS,False,False
NPT,TEXXON HLDG LTD,NAS,False,False
THH,TRYHARD HLDGS LTD,NAS,False,False
ACCL,ACCO GROUP HLDGS LTD,NAS,False,False
LGN,LEGENCE CORP,NSQ,True,True
NMP,NMP ACQUISITION CORP,NMS,False,False
KLAR,KLARNA GROUP PLC,NYSE,False,False
GEMI,GEMINI SPACE STA INC,NSQ,False,False
FIGR,FIGURE TECHNOLOGY SOLUTIO,NSQ,True,True
BRCB,BLACK ROCK COFFEE BAR INC,NMS,False,False
VIA,VIA TRANSN INC,NYSE,False,False
SOCA,SOLARIUS CAPITAL ACQU CORP,NMS,False,False
NTSK,NETSKOPE INC,NSQ,True,True
AGCC,AGENCIA COML SPIRITS LTD,NAS,False,False
LBRX,LB PHARMACEUTICALS INC,NMS,False,False
PTRN,PATTERN GROUP INC,NSQ,False,False
ONCH,1RT ACQUISITION CORP.,NMS,False,False
MLCI,MOUNT LOGAN CAP INC,NMS,False,False
CHOW,CHOWCHOW CLOUD INTL HLDGS LTD,ASE,False,False
RPGL,REPUBLIC PWR GROUP LTD,NAS,False,False
BRBI,BRBI BR PARTNERS SA,NAS,False,False
SPEG,SILVER PEGASUS ACQUISITION COR,NMS,False,False
PAII,PYROPHYTE ACQUISITION CORP. II,NYSE,False,False
STUB,STUBHUB HLDGS INC,NYSE,False,False
ORIQ,ORIGIN INVT CORP I,NMS,False,False
WBI,WATERBRIDGE INFRASTRUCTURE LLC,NYSE,False,False
CCHH,CCH HLDGS LTD,NAS,False,False
PLTS,PLATINUM ANALYTICS CAYMAN LTD,NAS,False,False
KOYN,CSLM DIGITA ASSET ACQ CORP III,NMS,False,False
NP,NEPTUNE INS HLDGS INC,NYSE,False,False
CBK,COMMERCIAL BANCGROUP INC,NAS,False,False
AEXA,AMERICAN EXCEPTIONALISM ACQUIS,NYSE,False,False
FRMI,FERMI INC,NSQ,False,False
ALH,ALLIANCE LAUNDRY HLDGS INC,NYSE,True,True
GFUZ,GENERAL FUSION GROUP LTD,NMS,False,False
NXB,NEXTBOAT INC,ASE,False,False
HCMA,HCM III ACQUISITION CORP,NMS,False,False
PARK,PARK DENTAL PARTNERS INC,NAS,False,False
QUMS,QUANTUMSPHERE ACQUISITION CO,NMS,False,False
PXED,PHOENIX ED PARTNERS INC,NYSE,False,False
AGRZ,AGROZ INC.,NAS,False,False
SSEA,STARRY SEA ACQUISITION CORP,NAS,False,False
HVMC,HIGHVIEW MERGER CORP,NMS,False,False
MKLY,MCKINLEY ACQUISITION CORP,NMS,False,False
OWLS,OBOOK HLDGS INC,NMS,False,False
ELWT,ELAUWIT CONNECTION INC,NAS,False,False
TTRX,TURN THERAPEUTICS INC,NMS,False,False
TLNC,TALON CAP CORP,NMS,False,False
MPLT,MAPLIGHT THERAPEUTICS INC,NSQ,False,False
BDCI,BTC DEV CORP,NMS,False,False
Q,QNITY ELECTRONICS INC,NYSE,True,True
SOLS,SOLSTICE ADVANCED MATLS INC,NSQ,True,True
NAVN,NAVAN INC,NSQ,True,True
SEV,APTERA MOTORS CORP,NAS,False,False
BETA,BETA TECHNOLOGIES INC,NYSE,False,False
MBVI,M3-BRIGADE ACQUISITION VI CORP,NMS,False,False
XZO,EXZEO GROUP INC,NYSE,False,False
GSRF,GSR IV ACQUISITION CORP,NMS,False,False
AHMA,AMBITIONS ENTERPRISE MGMT CO.,NAS,False,False
BLLN,BILLIONTOONE INC,NSQ,False,False
AERO,GRUPO AEROMEXICO SAB DE CV,NYSE,False,False
EVMN,EVOMMUNE INC,NYSE,False,False
EMIS,EMMIS ACQUISITION CORP.,NMS,False,False
GIW,GIGCAPITAL8 CORP,NMS,False,False
GLOO,GLOO HOLDINGS INC,NSQ,False,False
YCY,AA MISSION ACQUISITION CORP II,NYSE,False,False
BLZR,TRAILBLAZER ACQUISITION CORP.,NMS,False,False
SUNC,SUNOCOCORP LLC,NYSE,False,False
RGNT,REGENTIS BIOMATERIALS LTD,ASE,False,False
OTGA,OTG ACQUISITION CORP. I,NMS,False,False
NOMA,NOMADAR CORP.,NAS,False,False
CEPV,CANTOR EQUITY PARTNERS V INC,NMS,False,False
LKSP,LAKE SUPERIOR ACQUISITION CO,NMS,False,False
BCSS,BAIN CAP GSS INVT CORP,NYSE,False,False
LATA,GALATA ACQUISITION CORP II,NMS,False,False
CHEC,CHENGHE ACQUISITION III CO,NMS,False,False
BUDA,BUDA JUICE INC,ASE,False,False
DYOR,INSIGHT DIGITAL PARTNERS II,NMS,False,False
ALIS,CALISA ACQUISITION CORP,NMS,False,False
DNMX,DYNAMIX CORP III,NMS,False,False
APXT,APEX TREAS CORP,NMS,False,False
WSHP,WESHOP HOLDINGS LTD,NAS,False,False
FCRS,FUTURECREST ACQUISITION CORP,NYSE,False,False
VACI,VIKING ACQUISITION CORP I,NYSE,False,False
KRSP,RICE ACQUISITION CORP 3,NYSE,False,False
AIIA,AI INFRASTRUCTURE ACQUISI,NYSE,False,False
LAFA,LAFAYETTE ACQUISITION CORP,NMS,False,False
APAC,STONEBRIDGE ACQUISITION II COR,NAS,False,False
SMJF,SMJ INTL HOLDINGS INC,ASE,False,False
LMRI,LUMEXA IMAGING HOLDINGS INC,NSQ,False,False
DMII,DRUGS MADE IN AMER ACQ II CORP,NMS,False,False
EVOX,EVOLUTION GLOBAL ACQUISITION C,NMS,False,False
MICC,MAGNUM ICE CREAM CO NV,NYSE,False,False
WLTH,WEALTHFRONT CORP,NSQ,False,False
TDWD,TAILWIND 2.0 ACQUISITION CORP,NMS,False,False
MMTX,MILUNA ACQUISITION CORP,NMS,False,False
BIXI,BITCOIN INFRASTRUCTURE ACQUIS,NMS,False,False
CDNL,CARDINAL INFRASTRUCTURE GROUP,NSQ,False,False
PURR,HYPERLIQUID STRATEGIES INC,NAS,True,True
HYNE,HOYNE BANCORP INC,NAS,False,False
AIBZ,BITZERO HOLDINGS INC,NAS,False,False
ANDG,ANDERSEN GROUP INC,NYSE,False,False
MDLN,MEDLINE INC,NSQ,True,True
CRAC,CROWN RESV ACQUISITION CORP I,NMS,False,False
VSNT,VERSANT MEDIA GROUP INC,NSQ,True,True
HAVA,HARVARD AVE ACQUISITION CORP,NMS,False,False
FJET,STARFIGHTERS SPACE INC,ASE,False,False
BPAC,BLUEPORT ACQUISITION LTD,NAS,False,False
WSTN,WESTIN ACQUISITION CORP,NAS,False,False
AZUL,AZUL S A,NYSE,False,False
ALUB,ALUSSA ENERGY ACQUISIT CORP II,NYSE,False,False
AKTS,AKTIS ONCOLOGY INC,NSQ,False,False
TWLV,TWELVE SEAS INVT CO III,NMS,False,False
BTGO,BITGO HOLDINGS INC,NYSE,False,False
JAGU,JAGUAR URANIUM CORP,ASE,False,False
EQPT,EQUIPMENTSHARE COM INC,NSQ,False,False
SCII,SC II ACQUISITION CORP,NMS,False,False
ITHA,ITHAX ACQUISITION CORP III,NMS,False,False
LIFE,ETHOS TECHNOLOGIES INC,NSQ,False,False
XSLLU,XSOLLA SPAC 1,NMS,False,False
CRAN,CRANE HBR ACQUISITION CORP II,NMS,False,False
ROC,RANK ONE COMPUTING CORP,NAS,False,False
GPAC,GENERAL PURP ACQUISITION CORP,NMS,False,False
AEAQ,ACTIVATE ENERGY ACQUISIT CORP,NMS,False,False
SAC,SAFEGUARD ACQUISITION CORP,NYSE,False,False
BOBS,BOBS DISC FURNITURE INC,NYSE,False,False
OFRM,ONCE UPON A FARM PBC,NYSE,False,False
VTIX,VIRTUIX HOLDINGS INC.,NMS,False,False
KBON,KARBON CAP PARTNERS CORP,NMS,False,False
PPHC,PUBLIC POL HLDG CO INC,NMS,False,False
EIKN,EIKON THERAPEUTICS INC,NSQ,False,False
DSAC,DAEDALUS SPL ACQUISITION CORP,NMS,False,False
BIII,BLACK SPADE ACQUISITION III CO,NYSE,False,False
AGBK,AGI INC,NYSE,False,False
LFTO,LIFTOFF MOBILE INC,NSQ,False,False
MESH,MESHFLOW ACQUISITION CORP,NMS,False,False
BLRK,BLUEROCK ACQUISITION CORP,NMS,False,False
SGP,SPYGLASS PHARMA INC,NSQ,False,False
YSS,YORK SPACE SYSTEMS INC,NYSE,False,False
HLXC,HELIX ACQUISITION CORP III,NMS,False,False
SBXE,SILVERBOX CORP V,NYSE,False,False
NWAX,NEW AMER ACQUISITION I CORP,NYSE,False,False
LFAC,LEAPFROG ACQUISITION CORP,NMS,False,False
FPS,FORGENT POWER SOLUTIONS INC,NYSE,True,True
HCAC,HALL CHADWICK ACQUISITION CORP,NMS,False,False
PSQL,PASQAL HLDG SA,NMS,False,False
MANE,VERADERMICS INC,NYSE,False,False
PLYX,POLARYX THERAPEUTICS INC,NAS,False,False
AGMB,AGOMAB THERAPEUTICS NV,NSQ,False,False
VHUB,VENHUB GLOBAL INC,NMS,False,False
MWH,SOLV ENERGY INC,NSQ,False,False
APC,ARKO PETE CORP,NAS,False,False
CLRS,CLEAR STREET GROUP INC,NSQ,False,False
CEPS,CANTOR EQUITY PARTNERS VI INC,NMS,False,False
BRAI,BRAIIN LTD,NMS,False,False
ZKP,LAFAYETTE DIGITAL ACQUISITION,NMS,False,False
OBAI,OUR BD INC,NMS,False,False
IRHO,IRON HORSE ACQUISIT II CORP,NMS,False,False
BEBE,TGE VALUE CREATIVE SOLUTIONS C,NYSE,False,False
LPCV,LAUNCHPAD CADENZA ACQU CORP I,NMS,False,False
CCXI,CHURCHILL CAP CORP XI,NMS,False,False
PHOS,FIRST PHOSPHATE CORP,NMS,False,False
VHCP,VINE HILL CAP INVTS CORP II,NMS,False,False
ADAC,AMERICAN DRIVE ACQUISITION CO,NMS,False,False
SCPQ,SOCIAL COMM PARTNERS CORP,NMS,False,False
SVAQ,SILICON VY ACQUISITION CORP,NMS,False,False
UAC,UNITED ACQUISITION CORP I,ASE,False,False
CAST,FREECAST INC,NMS,False,False
MEVO,M EVO GBL ACQUISITION CORP II,NMS,False,False
AIDX,20/20 BIOLABS INC,NAS,False,False
WPAC,WHITE PEARL ACQUISITION CORP,NYSE,False,False
DBCA,D BORAL ACQUISITION I CORP,NMS,False,False
MMED,MINIMED GROUP INC,NSQ,False,False
RFAM,RF ACQUISITION CORP III,NMS,False,False
RNA,ATRIUM THERAPEUTICS INC,NSQ,False,False
SORN,SOREN ACQUISITION CORP,NMS,False,False
ARTC,ART TECHNOLOGY ACQUISITION COR,NMS,False,False
GENB,GENERATE BIOMEDICINES INC,NSQ,False,False
IRAB,IRIS ACQUISITION CORP II,NYSE,False,False
KTWO,K2 CAP ACQUISITION CORP,NMS,False,False
FVAV,FORTRESS VALUE ACQU CORP V,NMS,False,False
SUNB,SUNBELT RENTALS HOLDINGS INC,NYSE,True,True
IPXG,INFLECTION POINT ACQU CORP VII,NMS,False,False
SSAC,SPACSPHERE ACQUISITION CORP,NMS,False,False
SVIV,SPRING VY ACQUISITION CORP IV,NMS,False,False
PAYP,PAYPAY CORP,NSQ,False,False
RVI,ROBINHOOD VENTURES FD I,NYSE,False,False
OIM,ONEIM ACQUISITION CORP,NMS,False,False
FGII,FG IMPERII ACQUISITION CORP,NMS,False,False
VGNT,VERSIGENT PLC,NYSE,True,True
XCBE,X3 ACQUISITION CORP LTD,NMS,False,False
LEGO,LEGATO MERGER CORP IV,ASE,False,False
XFLH,XFLH CAP CORP,NYSE,False,False
AIB,AIB DATA CENTERS INC,ASE,False,False
NINE,NINE ENERGY SERVICE INC,ASE,False,False
IEAG,INFINITE EAGLE ACQUISITION COR,NMS,False,False
ARCI,ARCHIMEDES TECH SPAC PTNRS III,NMS,False,False
PTOR,PRAETORIAN ACQUISITION CORP,NMS,False,False
ALOV,ALDABRA 4 LQDTY OPP VEH INC,NMS,False,False
SWMR,SWARMER INC,NAS,False,False
JAN,JANUS LIVING INC,NYSE,True,True
GIX,GIGCAPITAL9 CORP,NMS,False,False
KRAQ,KRAKACQUISITION CORPORATION,NMS,False,False
XSLL,XSOLLA SPAC 1,NMS,False,False
MLAA,MOUNTAIN LAKE ACQUISIT CORP II,NMS,False,False
SAAQ,SPACE ASSET ACQUISITION CORP,NMS,False,False
MUZE,MUZERO ACQUISITION CORP,NMS,False,False
HMH,HMH HLDG INC,NSQ,False,False
CLBR,COLOMBIER ACQUISITION CORP III,NYSE,False,False
HCIC,HENNESSY CAP INVTS CORP VIII,NMS,False,False
NBRG,NEWBRIDGE ACQUISITION LTD,NAS,False,False
AACI,ARMADA ACQUISITION CORP III,NMS,False,False
CAQ,CAMBRIDGE ACQUISITION CORP,NMS,False,False
TRAX,FIRST TRACKS BIOTHERAPEUTICS,NSQ,False,False
TMTS,SPARTACUS ACQUISITION CORP II,NMS,False,False
IACO,IDEA ACQUISITION CORP,NMS,False,False
TMCR,METALS RTY CO INC,NAS,False,False
MAIR,MADISON AIR SOLUTIONS CORP,NYSE,False,False
HACQ,HCM IV ACQUISITION CORP,NMS,False,False
MZYX,MOZAYYX ACQUISITION CORP,NYSE,False,False
AVEX,AEVEX CORP,NYSE,False,False
AACO,ABONY ACQUISITION CORP I,NMS,False,False
NICM,NICOLA MNG INC,NAS,False,False
KLRA,KAILERA THERAPEUTICS INC,NSQ,False,False
BHAV,BHAV ACQUISITION CORP,NMS,False,False
ARXS,ARXIS INC,NSQ,True,True
MTAL,METALS ACQUISITION CORP II,NYSE,False,False
ACAA,AVERIN CAP ACQUISITION CORP,NMS,False,False
PALO,PALOMA ACQUISITION CORP I,NMS,False,False
ALMR,ALAMAR BIOSCIENCES INC,NSQ,False,False
NHP,NATIONAL HEALTHCARE PPTYS INC,NMS,False,False
GLED,GALAXYEDGE ACQUISITION CORP,NYSE,False,False
ELMT,ELMET GROUP CO (THE),NAS,False,False
CTAA,CLEARTHINK 1 ACQUISITION CORP,NMS,False,False
JATT,JATT II ACQUISITION CORP,NMS,False,False
TRGS,TRG LATIN AMER ACQUIS CORP,NMS,False,False
XE,X-ENERGY INC,NSQ,False,False
ILLU,ILLUMINATION ACQUISITIO CORP I,NMS,False,False
TRAD,APEX TECH ACQUISITION INC,NYSE,False,False
SUMA,SUMA ACQUISITION CORP,NMS,False,False
SBMT,SILVER BOW MNG CORP,ASE,False,False
LABT,LAKEWOOD-AMEDEX BIOTHERAPEUTIC,NAS,False,False
AVLN,AVALYN PHARMACEUTICALS INC,NSQ,False,False
PS,PERSHING SQUARE INC,NYSE,False,False
HAWK,HAWKEYE 360 INC,NYSE,False,False
BXDC,BLACKSTONE DIGITAL INFRASTRUCT,NYSE,False,False
EROK,EAGLEROCK LD LLC,NYSE,False,False
FRVO,FERVO ENERGY CO,NSQ,True,True
COAG,HEMAB THERAPEUTICS HLDGS INC,NSQ,False,False
SPTX,SEAPORT THERAPEUTICS INC,NSQ,False,False
VIDA,VIDA GLOBAL INC,ASE,False,False
REA,RARE EARTHS AMERICAS INC,ASE,False,False
PONO,PONO CAP FOUR INC,NMS,False,False
CBRS,CEREBRAS SYSTEMS INC,NSQ,False,False
GMRS,GMR SOLUTIONS INC,NYSE,False,False
ODTX,ODYSSEY THERAPEUTICS INC,NAS,False,False
MOBI,MOBIA MED INC,NSQ,False,False
BOT,ROBOSTRATEGY INC,NMS,False,False
LCLN,LINCOLN INTL INC,NYSE,False,False
WENC,WEST ENCLAVE MERGER CORP,NYSE,False,False
KPET,KPET ULTRA PACELINE CORP,NYSE,False,False
SUJA,SUJA LIFE INC,NSQ,False,False
QRED,QUASAREDGE ACQUISITION CORP,NYSE,False,False
MWC,MICWARE CO LTD,NMS,False,False
AIAI,AIAI HOLDINGS CORP,NMS,False,False
BWIV,BLUE WTR ACQUISITION CORP IV,NYSE,False,False
CNXU,CONEXEU SCIENCES INC,NAS,False,False
FDXF,FEDEX FGHT HLDG CO INC,NYSE,True,True
MYX,MAYWOOD ACQUISITION CORP 2,NMS,False,False
IPFX,INFLECTION PT ACQUISIT CORP VI,NMS,False,False
FMAC,FUTURE MONEY ACQUISITION CORP,NMS,False,False
RREV,RRE VENTURES ACQUISITION CORP,NMS,False,False
OCTV,OCTAVE INTELLIGENCE PLC,NSQ,False,False
SAGU,SHREYA ACQUISITION GROUP,NYSE,False,False
EXYN,EXYN TECHNOLOGIES INC,NAS,False,False
AMAN,AMANAT ACQUISITION CORP,NAS,False,False
AMSS,AMASS BRANDS INC,NMS,False,False
VECA,VERNAL CAP ACQUISITION CORP,NYSE,False,False
QADR,QDRO ACQUISITION CORP,NMS,False,False
RACC,RESEARCH ALLIANCE CORP III,NAS,False,False
SPCX,SPACE EXPLORATION TECHN CORP,NSQ,True,True
NVRI,ENVIRI CORP,NYSE,False,False
AACP,APOGEE ACQUISITION CORP,NMS,False,False
PWRL,POWERLAW CORP,NMS,False,False
WHK,WHITEHAWK MINERALS CORP,NYSE,False,False
QNT,QUANTINUUM INC,NMS,False,False
MBGL,MOBILITY GLOBAL INC,NYSE,True,True
SSMR,SUNSHINE SILVER MNG & REFNG CO,NYSE,False,False
ACGC,ACP HOLDINGS ACQUISITION CORP,NMS,False,False
INIO,INNIO NV,NSQ,True,True
AADX,APPLIED AEROSPACE & DEFENSE,NYSE,False,False
FISN,DEEP FISSION INC,NMS,False,False
ARCL,ARC GROUP ACQUISITION I CORP,NMS,False,False
ETSS,ENERGY TRANSITION SPL OPPORTUN,NYSE,False,False
PECE,PEACE ACQUISITION CORP,NAS,False,False
PBLS,PARABILIS MEDICINES INC,NSQ,False,False
EROC,EROCK INC,NYSE,False,False
FRBT,FORBRIGHT INC,NSQ,False,False
OHAC,OCEANHAWK ACQUISITION CORP,NAS,False,False
QLEP,QUANTUM LEAP ACQUISITION CORP,NYSE,False,False
FCBM,FIRST CAROLINA FINL SVCS INC,NYSE,False,False
NHIV,NEWHOLD INVTS CORP IV,NMS,False,False
FRTT,FORT TECHNOLOGY INC,NAS,False,False
BREZ,BREEZE ACQUISITION CORP II,NMS,False,False
KARD,KARDIGAN INC,NMS,False,False
HONA,HONEYWELL AEROSPACE INC,NSQ,True,True
DPC,DPC HOLDINGS PLC,NYSE,False,False
IACQ,IRENIC ACQUISITION CORP,NMS,False,False
CXII,CHURCHILL CAP CORP XII,NMS,False,False
APUR,APERTURE AC,NAS,False,False
PLUN,PLUTONIAN ACQUISITION CORP II,NYSE,False,False
CAES,CANTOR EQUITY PARTNERS VII INC,NMS,False,False
CAII,COLLECTIVE ACQUISITION CORP II,NMS,False,False
MCAH,MOUNTAIN CREST ACQUISITION 6,NMS,False,False
MTNE,CH4 NATURAL SOLUTIONS CORP,NYSE,False,False
DSC,DSC HOLDINGS LTD,NMS,False,False
KEYY,KEYSTONE ACQUISITION CORP,NMS,False,False
FTHA,FOREFRONT TECHNOLOGY HOLDINGS,NMS,False,False
GCGR,GENERAL CATALYST GBL RESIL MRG,NMS,False,False
SIND,SINDA LTD,NYSE,False,False
OAIO,ULTRA AI OPPORTUNITIES INC,NYSE,False,False
LIME,NEUTRON HOLDINGS INC,NSQ,False,False
APMC,AMPERCAP ACQUISITION CO,NMS,False,False
OTAI,STARLINK AI ACQUISITION CORP,NYSE,False,False
ITG,ITG INC,NSQ,False,False
BSP,BENDING SPOONS SPA,NSQ,False,False
SNSC,SUNSCOUT HLDG LTD,ASE,False,False
MFP,MIDERA FOOD PROCESSING INC,NSQ,False,False
AESP,AEON ACQUISITION I CORP,NMS,False,False
GSRV,GSR V ACQUISITION CORP,NMS,False,False
PTAC,PATRIOT ACQUISITION CORP,NMS,False,False
TP,TICKETPLUS LTD,ASE,False,False
VCRE,VICORE PHARMA HLDG AB,NAS,False,False
IDAC,IRON DOME ACQUISITION I CORP,NMS,False,False
GUAC,BERTO ACQUISITION CORP II,NMS,False,False
SKHY,SK HYNIX INC,NSQ,False,False
CSQR,CSQUARE INC,NYSE,False,False
FXAC,FORTUNEX ACQUISITION CORP,NMS,False,False
STDN,STANDARD NUCLEAR INC,NYSE,False,False
ADIG,ADI GLOBAL DISTR INC,NYSE,False,True
RACD,RESEARCH ALLIANCE CORP IV,NAS,False,False
TVIV,TEXAS VENTURES ACQUISITION IV,NMS,False,False
YICC,YORKVILLE INTL CAP CORP,NMS,False,False
BRKH,BURTECH ACQUISITION CORP II,NAS,False,False
IMC,IMC RARE EARTHS LTD,ASE,False,False
SHOT,RMG ML SPORTS HOLDINGS,NMS,False,False
VII,VIKING ACQUISITION CORP II,NYSE,False,False
QMLS,QUMULUSAI INC,NMS,False,False
DGAC,DISCIPLINED GROWTH ACQUIS CORP,NYSE,False,False
REF,REFORMATION INC,NYSE,False,False
PSA PRU,PUBLIC STORAGE,NYSE,False,False
LTGR,LONG TABLE GROWTH CORP,NMS,False,False
FTRA,FUTURECORP SPACE ACQUISITION 1,NYSE,False,False
BID,TRIBECA STRATEGIC ACQUISITION,NMS,False,False
SCTX,SCRIBE THERAPEUTICS INC,NMS,False,False
JMKE,JERSEY MIKES SUBS INC,NYSE,False,False
IPVV,INTERPRIVATE INVTS PARTNERS V,NMS,False,False
BRVE,BRAVEHEART BIO INC,NMS,False,False
NCO,SOUTHERN CROSS ACQUISITION I,NMS,False,False
CCCT,COLUMBUS CIRCLE CAP CORP III,NMS,False,False
BCCQ,BLEICHROEDER ACQUISITION CORP,NMS,False,False
FOIL,LONDIAN WASON NEW ENERGY TECH,NYSE,False,False
IOND,IONIC DIGITAL INC,NSQ,False,False
APMD,APNIMED INC,NSQ,False,False
ISNR,SNOW ROTHSCHILD ACQUISITION,NMS,False,False
GYGY,GAME YOUR GAME INC,NAS,False,False
ATTO,ATTOVIA THERAPEUTICS INC,NMS,False,False
VOGX,VOGENX INC,NAS,False,False
FWAC,FUTUREWAVE ACQUISITION CORP,NAS,False,False
OCAC,OCEAN CAP ACQUISITION CORP,NYSE,False,False
BLSM,BLOSSOMHILL THERAPEUTICS INC,NSQ,False,False
TCGX,TCGX ACQUISITION CORP,NAS,False,False
ATLQ,JAB ACQUISITION CORP I,NMS,False,False
QVCG,QVC GROUP INC,NSQ,False,False
OBX,OBSIDIAN THERAPEUTICS INC,NAS,False,False
LTGO,LATIGO BIOTHERAPEUTICS INC,NSQ,False,False
FDMM,FREEDOM METALS ACQUISITION,NMS,False,False
RVII,ROBINHOOD VENTURES FD II,NYSE,False,False
WLCO,WILCO 63 CORP,NMS,False,False
PLCI,PELICAN ACQUISITION II CORP,NAS,False,False
ADBT,ADVASA HOLDINGS INC,NMS,False,False
GHXI,GORES HOLDINGS XI INC,NMS,False,False
THEO,BOA ACQUISITION CORP II,NMS,False,False
MRCO,MERCATOR ACQUISITION CORP,NMS,False,False
LYNX,LYNTRIS INC,NYSE,False,False
EWAV,EAST WEST AVE ACQUISITION CORP,NMS,False,False
CGCF,CARTESIAN GROWTH CORP IV,NMS,False,False
FBDT,FIRST BREACH INC,NAS,False,False
OSPR,OSPREY ACQUISITION CORP III,NMS,False,False
TREO,TACTICAL RES CORP,NAS,False,False
MIAC,MERIDIAN3 INDUSTRIALS ACQ CORP,NMS,False,False
JTTT,JATT III ACQUISITION CORP,NAS,False,False
SGLD,SCORPIO GOLD CORP NEW,NAS,False,False
XTER,KARMAN LINE ACQUISITION CORP,NMS,False,False
AAC,ARES ACQUISITION CORP III,NYSE,False,False
GIXI,GIX INTERNET LTD,NAS,False,False
JONE,JONES VENTURES INTL ACQUISITIO,NMS,False,False
SAMO,SAMOS ENERGY ACQUISITION CORP,NYSE,False,False
NSAI,NORTHSTRIVE ACQUISITION CORP I,NAS,False,False
